label,channel,delta_slope,delta_intercept,delta_midband,theta_slope,theta_intercept,theta_midband,alpha_slope,alpha_intercept,alpha_midband,beta_slope,beta_intercept,beta_midband
0,Fp2-F4,-0.00040751490292179613,-9.998245129044165,-9.999162037575738,-1.831747344341392e-05,-9.999834874348283,-9.999944779188944,2.8148216947990446e-06,-10.000010624172585,-9.999982475955637,-2.926232830482701e-07,-9.999984470438571,-9.999991347085723
0,F4-C4,-0.00092594874429046,-9.996337838370094,-9.998421223044748,-6.20536430757927e-05,-9.999433668493744,-9.999805990352199,-1.9494608250164187e-06,-9.999975879706748,-9.999995374314997,-4.965573448114478e-07,-9.999974529818225,-9.999986198915828
0,C4-P4,-0.001082310664008114,-9.995891834474982,-9.998327033469,9.565973490562668e-07,-10.000001659721573,-9.999995920137478,-1.1886185151199664e-06,-9.999977124131197,-9.999989010316348,-9.137048846433367e-07,-9.999965609093671,-9.99998708115846
0,P4-O2,-0.0011093722457569334,-9.995606222705195,-9.998102310258147,-0.00010220366810402451,-9.999209105922555,-9.999822327931179,-8.453981896879471e-06,-9.999887378480368,-9.999971918299337,-3.58757250505883e-07,-9.99997820486655,-9.999986635661937
0,Fp1-F3,-0.00019435114265619873,-9.99869800976168,-9.999135299832657,-7.547956634447562e-05,-9.99938476775277,-9.999837645150837,-3.26183170767128e-06,-9.999947466055708,-9.999980084372785,-4.7589289154777225e-07,-9.999925761070655,-9.999936944553607
0,F3-C3,-0.0029953827141516215,-9.98841235085932,-9.995151961966162,-3.011790672672257e-05,-9.999732916687494,-9.999913624127855,-2.1006506198009174e-05,-9.999656654647456,-9.999866719709436,-9.232634600975505e-07,-9.99996504340727,-9.999986740098583
0,C3-P3,-0.004817404891438354,-9.98241237073081,-9.993251531736545,-6.651282954535237e-06,-9.999942987001026,-9.999982894698753,1.0613094712850455e-06,-9.999955696242177,-9.999945083147464,-7.711680848679146e-07,-9.999957356391954,-9.999975478841948
0,P3-O1,-0.003618300772014477,-9.985879790880302,-9.994020967617335,-1.1065186322319118e-05,-9.999731601107754,-9.999797992225687,3.111300303212989e-06,-9.999994879436125,-9.999963766433092,4.985481476608758e-07,-9.999990043391351,-9.999978327509881
0,Fp2-F8,-0.0006156946454510085,-9.997823632742593,-9.999208945694857,7.147455202730989e-06,-9.999996294073181,-9.999953409341964,7.076587016066336e-07,-9.999975950324838,-9.999968873737823,-1.6350474595131242e-06,-9.999941197710008,-9.999979621325307
0,F8-T4,-0.0001565851289574588,-9.999329903243341,-9.999682219783494,-4.2732940554682305e-05,-9.999636511787303,-9.999892909430631,8.96897692757909e-05,-10.000748048751335,-9.999851151058577,-6.7195867087589556e-06,-9.999627815912717,-9.999785726200374
0,T4-T6,-0.006007885182009965,-9.978237517048434,-9.991755258707956,-5.626923732487783e-06,-9.99992918748388,-9.999962949026276,4.743346067347715e-05,-10.000370702095369,-9.999896367488635,-1.8443502135458814e-06,-9.999721513416985,-9.999764855647003
0,T6-O2,-0.006239726232217719,-9.978415881299789,-9.99245526532228,-1.4007192754257552e-05,-9.999802102153911,-9.999886145310436,-9.786778677340255e-06,-9.999857072990276,-9.99995494077705,-5.520075032059744e-07,-9.99997088218843,-9.999983854364755
0,Fp1-F7,-0.00028913734015628673,-9.998753544863568,-9.99940410387892,-1.2786011283631057e-05,-9.999889617227387,-9.999966333295088,-1.192287509154953e-05,-9.999854212860606,-9.999973441611521,-1.1499335520092868e-06,-9.999891038718715,-9.999918062157187
0,F7-T3,-0.00031111097706722365,-9.998809676006115,-9.999509675704516,-0.00012404213929802701,-9.998987847102121,-9.99973209993791,-5.689878419442897e-05,-9.999275340253002,-9.999844328094946,-9.812147748694567e-07,-9.999940655090302,-9.999963713637513
0,T3-T5,-0.0009754562339117372,-9.996559737846129,-9.99875451437243,-7.337310934500325e-06,-9.999887970132097,-9.999931993997704,-6.439830172900324e-06,-9.999857903465355,-9.999922301767084,-7.687589416774459e-07,-9.999940511696762,-9.999958577531892
0,T5-O1,-0.0009405697194315125,-9.996032295653356,-9.998148577522077,-2.005400654963238e-05,-9.999785569157929,-9.999905893197226,-8.582520327793798e-06,-9.99985638563888,-9.999942210842159,2.653987890082338e-07,-9.999966723124839,-9.999960486253297
0,Fz-Cz,-0.00014878346231206592,-9.999238890705108,-9.99957365349531,-5.288333170351521e-05,-9.99953582096392,-9.999853120954143,6.801245429512693e-06,-10.000052198228833,-9.999984185774537,-7.001211739098963e-07,-9.999972210752409,-9.999988663599996
0,Cz-Pz,-5.380548589778479e-05,-9.999598916455255,-9.999719978798526,-2.612233493622485e-05,-9.999739608647744,-9.999896342657362,-5.582399567639013e-05,-9.999296096954515,-9.999854336911278,-5.827801116640633e-06,-9.999807259516228,-9.999944212842468
0,Fp2-F4,-0.0002619226655665533,-9.998901629752547,-9.999490955750073,-2.7506058958450563e-05,-9.999687773940593,-9.999852810294344,-1.068704875287403e-05,-9.99984051656682,-9.999947387054348,-3.5616790494806297e-07,-9.999974919599058,-9.999983289544824
0,F4-C4,-0.00028727229855080483,-9.998475599487959,-9.999121962159698,-3.553895365141306e-06,-9.999941721720402,-9.999963045092594,3.997089826922586e-06,-10.000028719714098,-9.999988748815829,-2.398555020603088e-07,-9.999987760001325,-9.999993396605623
0,C4-P4,-0.00026644241431556713,-9.999062436118843,-9.999661931551053,-2.3805160340105213e-05,-9.999797292494739,-9.99994012345678,4.205601545333525e-07,-9.999997862996114,-9.999993657394569,8.15724910208312e-08,-9.999996729474049,-9.99999481252051
0,P4-O2,-0.0018705434416678456,-9.993053437416748,-9.997262160160501,-5.7295516934571786e-06,-9.9999008967416,-9.999935274051762,-4.362830193086422e-06,-9.999947487735149,-9.99999111603708,-1.0453919855823009e-06,-9.999946368949368,-9.999970935661029
0,Fp1-F3,-0.0004712389299810266,-9.998323788893106,-9.999384076485564,-3.9638164475711285e-05,-9.99959744389105,-9.999835272877904,1.8977082786556498e-05,-10.000157183979923,-9.999967413152056,-2.431005094221145e-06,-9.999888418587059,-9.999945547206773
0,F3-C3,-0.0006443073865312486,-9.996915547526424,-9.99836523914612,-2.207347350768598e-05,-9.999812660651022,-9.999945101492068,2.206855057999276e-05,-10.000175538907008,-9.999954853401208,-9.443969057758448e-08,-9.999989321817832,-9.99999154115056
0,C3-P3,-0.0001930579436942706,-9.998994847673403,-9.999429228046715,-1.0787667919354785e-05,-9.999856325625329,-9.999921051632844,-7.222263306491314e-07,-9.999873342466925,-9.999880564730232,9.015308683557706e-08,-9.999990831080042,-9.999988712482502
0,P3-O1,-0.0015417126534313737,-9.993617864303562,-9.997086717773783,-7.380288049998168e-05,-9.999405103152473,-9.999847920435473,-1.8788748063387647e-06,-9.999964832486807,-9.99998362123487,-2.9907472311334775e-07,-9.999973975687283,-9.999981003943276
0,Fp2-F8,-0.00010018276229474326,-9.999594883082926,-9.99982029429809,3.6873836605056385e-06,-9.999948869988584,-9.99992674568662,4.86188317023625e-06,-9.999985627403063,-9.999937008571361,2.4033132726910215e-08,-9.999976704419725,-9.999976139641106
0,F8-T4,-0.0005411147567114537,-9.998035921444348,-9.999253429646949,-2.5303350657396188e-06,-9.999871652886865,-9.999886834897259,0.00017694013366291477,-10.001284295140275,-9.999514893803646,2.1285123084165935e-06,-9.999888506568798,-9.99983848652955
0,T4-T6,-0.0003205116262530017,-9.998641714504954,-9.999362865664024,-2.047228803494703e-05,-9.999836484189638,-9.999959317917847,7.343048531390722e-05,-10.000442875117749,-9.999708570264609,3.339607936664909e-06,-9.999930295561464,-9.999851814774953
0,T6-O2,-0.0011894748606640596,-9.995558476282401,-9.998234794718895,1.2886617060735931e-05,-9.999998758008156,-9.99992143830579,-1.2317331151085451e-05,-9.999843648520475,-9.999966821831986,-1.425601968367609e-06,-9.999929719658772,-9.999963221305029
0,Fp1-F7,-7.44188612162435e-05,-9.999622268594027,-9.999789711031765,4.355187296352664e-06,-9.99994015966454,-9.999914028540761,9.002429531490165e-06,-10.000069706085947,-9.999979681790633,-1.6229210518798148e-06,-9.999918088850297,-9.999956227495016
0,F7-T3,-0.00031324376872253387,-9.998721368234083,-9.99942616671371,-2.3366826294205167e-05,-9.999780776072194,-9.99992097702996,5.656801506390531e-06,-9.999917642073443,-9.99986107405838,-1.6216032274935464e-07,-9.999953073234058,-9.999956884001643
0,T3-T5,-0.0003429663256243259,-9.998474363419096,-9.99924603765175,-2.0686310841279953e-05,-9.999817992813238,-9.999942110678285,-3.0177966064334567e-06,-9.99993504774296,-9.999965225709024,-4.4931495651381354e-07,-9.999942797559148,-9.999953356460626
0,T5-O1,-7.30760420727017e-05,-9.999527624661884,-9.999692045756547,9.699416085815592e-06,-9.999963235427971,-9.999905038931457,-3.5113529193267734e-06,-9.999956923654844,-9.999992037184038,-2.388836143886141e-06,-9.999912012301676,-9.999968149951057
0,Fz-Cz,-4.27901642332148e-05,-9.999650034415744,-9.999746312285268,1.3805192897729537e-06,-9.999989281891285,-9.999980998775547,-2.7611731052331933e-06,-9.999964816888621,-9.999992428619674,2.349275827596122e-07,-9.999997153615418,-9.999991632817222
0,Cz-Pz,-0.0006052057824285772,-9.997853052878703,-9.999214765889167,-3.272967002227623e-05,-9.999650014563283,-9.999846392583416,-2.9316882583021915e-06,-9.999904827689015,-9.999934144571599,-1.3632987019377199e-06,-9.999941149253113,-9.999973186772609
0,Fp2-F4,-0.0004646565614763962,-9.998309688953992,-9.999355166217313,-6.31501056211032e-05,-9.999458832379482,-9.999837733013209,8.795297189143545e-06,-10.000067570301157,-9.999979617329265,-9.482836671074842e-07,-9.9999624296677,-9.999984714333877
0,F4-C4,1.4859614355409444e-05,-9.999975403882992,-9.999941969750692,-6.200139334131363e-05,-9.999488581406675,-9.999860589766723,9.271216004496914e-06,-10.000071048432472,-9.999978336272427,-8.22818207069915e-08,-9.999993810320817,-9.999995743943604
0,C4-P4,-0.0002715560862348544,-9.99902391713371,-9.99963491832774,-1.4571983328163031e-05,-9.999804856184511,-9.99989228808448,-1.5199964074589174e-06,-9.99997551889276,-9.999990718856836,-2.3747314208121755e-07,-9.999988562319208,-9.999994142938046
0,P4-O2,-4.4540964950964236e-05,-9.998126758497678,-9.998226975668818,-2.706687734819561e-07,-9.999894023128522,-9.999895647141164,3.4991788074138613e-06,-9.999976184564161,-9.999941192776088,-1.337210123067642e-06,-9.999941019448581,-9.999972443886474
0,Fp1-F3,-0.00044228991059796965,-9.997932263678466,-9.998927415977311,-0.0010647445131969253,-9.991855260753324,-9.998243727832506,-1.4548429270953196e-05,-9.99974718381313,-9.999892668105838,-7.295997681769292e-07,-9.999890347525357,-9.99990749311991
0,F3-C3,-0.00026269670442958544,-9.998670588524108,-9.999261656109075,-2.8775597386610175e-05,-9.999727526369659,-9.999900179953979,1.1971425927238511e-05,-10.00000538420543,-9.999885669946158,-1.2686275502047577e-06,-9.999950879983347,-9.999980692730777
0,C3-P3,-0.00010942093069122746,-9.999200543498413,-9.999446740592468,-0.0002781558243131848,-9.997801644602113,-9.999470579547992,2.22047696214582e-05,-10.000160577396041,-9.999938529699827,-9.648594889107617e-07,-9.99995526671934,-9.99997794091733
0,P3-O1,-0.0011076026838591111,-9.995896713528142,-9.998388819566825,8.88291939588404e-06,-9.999921745618135,-9.99986844810176,-2.288311368561304e-05,-9.999728029536662,-9.99995686067352,-1.1111627687254739e-06,-9.999951062873532,-9.999977175198596
0,Fp2-F8,-0.00025268870563437097,-9.999100301315288,-9.999668850902966,-8.051742923528137e-07,-9.999926832757248,-9.999931663803002,-9.972578260057875e-06,-9.999864445563407,-9.999964171346008,-1.0798418854336216e-06,-9.999954158736557,-9.999979535020865
0,F8-T4,-0.0002702655080776079,-9.99883867783015,-9.999446775223324,-1.7811170441419092e-05,-9.999845358288566,-9.999952225311214,7.429828269070542e-05,-10.000534672006044,-9.999791689179137,-4.984493365811263e-06,-9.999706032684347,-9.999823168278445
0,T4-T6,-0.00023186613403283185,-9.998731162020942,-9.999252860822516,-5.2254313374171323e-05,-9.999554813705082,-9.999868339585326,0.00014946917939128712,-10.00118500253959,-9.999690310745677,-9.070383304245758e-07,-9.999845191436252,-9.999866506837018
0,T6-O2,-0.0003180316322879957,-9.997127262862225,-9.997842834034874,-0.00016336043085484899,-9.998679045493507,-9.999659208078636,4.511537790267595e-06,-9.999997927303319,-9.999952811925416,-1.904661587675498e-06,-9.99993269528488,-9.999977454832191
0,Fp1-F7,7.903029015353458e-06,-9.999893828616948,-9.999876046801663,-0.00044716002084712285,-9.99656940341142,-9.999252363536504,-2.242495581432947e-06,-9.999932006077369,-9.999954431033183,-2.2509957529704634e-06,-9.999843784397765,-9.99989668279796
0,F7-T3,-3.4022304495174775e-05,-9.999627810623247,-9.99970436080836,-0.00021597314604673482,-9.998271865249505,-9.999567704125786,5.559375623244494e-05,-10.000388346775301,-9.999832409212976,3.214048196880517e-07,-9.999971370480193,-9.99996381746693
0,T3-T5,-0.0017868135292394918,-9.993604012112888,-9.997624342553676,-1.509179824579777e-05,-9.999832544278272,-9.999923095067746,4.9530359638749765e-05,-10.000369648759646,-9.999874345163258,1.258588369770119e-06,-9.99999225225835,-9.99996267543166
0,T5-O1,-0.00017692289643264874,-9.999104333722041,-9.999502410239014,-2.808275150262047e-05,-9.999760122965515,-9.999928619474531,-3.4333393374234226e-05,-9.999595928201488,-9.99993926213523,9.208407525096407e-08,-9.999973174407293,-9.999971010431524
0,Fz-Cz,-0.00029648758196304097,-9.99857234677551,-9.999239443834927,-3.149105875657209e-05,-9.999744576242334,-9.999933522594873,-5.20497297217167e-06,-9.99991970081281,-9.999971750542532,-1.0797022920885457e-06,-9.999960054956947,-9.99998542796081
0,Cz-Pz,-0.001713368917535011,-9.993592151307723,-9.997447231372178,-0.0002577663890929771,-9.997990304309456,-9.999536902644014,-1.3768568639105669e-05,-9.999825794346048,-9.99996348003244,2.1498099262264215e-07,-9.999986604828086,-9.99998155277476
0,Fp2-F4,-0.001752311794816265,-9.992327901813638,-9.996270603351975,4.0104862200408245e-05,-10.000031574917047,-9.999790945743845,-1.1836567523849687e-05,-9.999854115423252,-9.99997248109849,-3.637967187242005e-07,-9.99997894327784,-9.99998749250073
0,F4-C4,-0.002127013608684909,-9.992365860601314,-9.997151641220855,1.5525468760636266e-05,-9.99990304883653,-9.999809896023965,-8.671469355747843e-07,-9.999928730526486,-9.999937401995842,-1.3414773829436552e-06,-9.999950489699904,-9.999982014418404
0,C4-P4,-0.0005214348026992819,-9.997873568368592,-9.999046796674666,1.9215835373541895e-05,-10.000047198171863,-9.999931903159622,-9.398703397051348e-06,-9.99982553073384,-9.999919517767811,-1.2754131073926467e-06,-9.999953877075674,-9.999983849283698
0,P4-O2,-0.00014650326680079525,-9.995737877443833,-9.996067509794136,-0.00018295120335047596,-9.998219893999623,-9.999317601219726,-2.3382786674767477e-05,-9.999681502525728,-9.999915330392476,-1.3778514849802523e-06,-9.99994719361042,-9.999979573120317
0,Fp1-F3,-0.0008415346762930939,-9.996803929728113,-9.998697382749773,-3.435166150751754e-05,-9.999671752123378,-9.999877862092424,-3.373819583912827e-06,-9.999920985212784,-9.999954723408623,6.202961378721235e-07,-9.999963688484694,-9.999949111525455
0,F3-C3,-0.0005459908672993145,-9.997986269047832,-9.999214748499256,-2.601487220541812e-05,-9.999790807479824,-9.999946896713057,2.3719758617966075e-05,-10.0001748407613,-9.999937643175121,-2.1081418432636513e-06,-9.999928818931899,-9.999978360265215
0,C3-P3,-0.001356078469124479,-9.995243139089528,-9.998294315645058,-5.756324305654089e-06,-9.999831713429758,-9.999866251375591,-2.7134380953483566e-05,-9.9996548637872,-9.999926207596735,-1.1865279518327154e-06,-9.999945681433612,-9.99997356484048
0,P3-O1,-0.002930942704021979,-9.987421555837354,-9.994016176921404,-0.00010899088309341872,-9.999159249633534,-9.999813194932095,7.826332650560829e-06,-10.000044626351034,-9.999966363024528,-1.3437800530460446e-06,-9.999945330206378,-9.999976909037624
0,Fp2-F8,-0.001187116235702143,-9.994774689652251,-9.997445701182581,-4.018681723899221e-05,-9.999674924643289,-9.999916045546723,-9.100592176477189e-06,-9.999869020044931,-9.999960025966697,-6.860345591034413e-07,-9.999966668062038,-9.999982789874178
0,F8-T4,-0.0004905885786071552,-9.997950625457202,-9.999054449759068,4.885582852411228e-05,-10.000092632327934,-9.99979949735679,0.00013941154725010714,-10.001103895756433,-9.999709780283933,-2.3661969582356086e-05,-9.999162424889427,-9.999718481174613
0,T4-T6,-0.0021944152465025553,-9.9913949040398,-9.99633233834443,-1.0082695813048089e-05,-9.999834886193776,-9.999895382368654,0.0001504270925642785,-10.00122057422006,-9.999716303294417,1.021197416718087e-06,-9.999853114608765,-9.999829116469472
0,T6-O2,-0.0009614933225916971,-9.995695766887536,-9.997859126863368,-4.2701410956532676e-05,-9.999536503001218,-9.999792711466958,1.7258371733767854e-06,-9.999977101668058,-9.999959843296324,-4.456551596256958e-06,-9.99985414417094,-9.999958873133451
0,Fp1-F7,1.6687055644711672e-05,-9.999964138926009,-9.999926593050809,-4.3574906128480165e-05,-9.999649830826286,-9.999911280263056,-5.805971512206821e-06,-9.999881081775436,-9.99993914149056,-3.9485907496293237e-07,-9.999929413365434,-9.999938692553696
0,F7-T3,-0.0004829451694662077,-9.997968553241169,-9.999055179872467,-1.6434773024274094e-05,-9.999811033391559,-9.999909642029705,-1.64324262740603e-05,-9.999717912854647,-9.999882237117388,-2.496422032680185e-06,-9.999893526957054,-9.999952192874822
0,T3-T5,-0.001670114728876396,-9.993918548470477,-9.99767630661045,-3.2115737413104e-05,-9.999644112195146,-9.999836806619625,5.4616636926473625e-06,-9.999892421154538,-9.999837804517611,-2.6316201602926805e-07,-9.999945721213715,-9.999951905521092
0,T5-O1,-0.0022552949139267972,-9.991081264902192,-9.996155678458527,-0.00019837556208209448,-9.998224512088841,-9.999414765461333,-2.0885353413204034e-05,-9.999702206132612,-9.999911059666745,-2.324225829492191e-06,-9.999899951323702,-9.999954570630695
0,Fz-Cz,-0.0016968546530381217,-9.99349180007905,-9.997309723048387,-3.2180041954098805e-05,-9.999663353812167,-9.999856434063892,-1.7658448044666502e-05,-9.999745261216656,-9.999921845697102,-9.36696202502026e-07,-9.999967376539459,-9.999989388900218
0,Cz-Pz,-5.038393044031e-05,-9.99838336856464,-9.998496732408132,-2.2654313785767525e-05,-9.999727408418305,-9.99986333430102,1.9300817198764538e-05,-10.000149046674359,-9.999956038502372,-7.894093759159591e-08,-9.999978675645021,-9.999980530757055
0,Fp2-F4,-0.00016258829030285133,-9.999343520129841,-9.999709343783023,-1.7205993178780305e-05,-9.999854269427939,-9.99995750538701,4.3743767071029017e-07,-9.999994189875773,-9.999989815499065,-2.0073202689850837e-07,-9.999983605947227,-9.999988323149859
0,F4-C4,2.4966010418118504e-05,-9.99991390943703,-9.99985773591359,-2.8922998431204723e-05,-9.999747353720277,-9.999920891710865,5.70831063287696e-06,-10.000042466180359,-9.99998538307403,-7.916993504498203e-07,-9.999974355351313,-9.999992960286049
0,C4-P4,-0.00051524177192922,-9.99813536329703,-9.99929465728387,-7.216275864575828e-06,-9.999928429727866,-9.999971727383054,-6.24504665413842e-07,-9.999989379618759,-9.999995624665413,1.6942183134755133e-08,-9.999996420757634,-9.999996022616331
0,P4-O2,-0.0013631414073482459,-9.994854389066337,-9.99792145723287,-1.5616962173483276e-06,-9.999954164386256,-9.99996353456356,-1.6288816727942937e-05,-9.999805201598596,-9.999968089765876,-5.757706008186036e-07,-9.9999732247339,-9.999986755343018
0,Fp1-F3,-0.0005332145946566894,-9.998055767491453,-9.99925550032943,-3.473505793475913e-06,-9.999937404555244,-9.999958245590005,3.808664650196738e-05,-10.000250918551258,-9.999870052086237,-1.7185582336137958e-06,-9.999889374345138,-9.999929760463628
0,F3-C3,-0.0010589233222063818,-9.996114728341576,-9.99849730581654,-7.952088402401864e-05,-9.999333894214042,-9.999811019518186,1.2753046036846134e-05,-10.000053918358022,-9.999926387897654,-4.6633267810407853e-07,-9.999977101166117,-9.999988059984052
0,C3-P3,-0.0014539527134104979,-9.994235622951043,-9.997507016556217,-4.7525875118345726e-05,-9.999596618005402,-9.999881773256112,5.181112397769269e-06,-9.999990935570466,-9.999939124446488,-9.126785788987811e-07,-9.999956993028547,-9.999978440975152
0,P3-O1,-0.002901259702881113,-9.989672540629254,-9.996200374960736,-3.438267981352166e-05,-9.999459347981475,-9.999665644060356,-8.11255142986263e-06,-9.99988653369351,-9.99996765920781,-1.4138182318313553e-06,-9.999928838701683,-9.99996206343013
0,Fp2-F8,-6.879471382327312e-05,-9.999680625890548,-9.99983541399665,9.535143269076519e-08,-9.999988978349249,-9.999988406240652,2.814524323342322e-06,-10.0000205429814,-9.999992397738167,3.2499351936267977e-07,-9.999996251010197,-9.999988613662492
0,F8-T4,1.0173844173508646e-05,-9.999895499968574,-9.999872608819183,3.56824596349252e-06,-9.999981860618458,-9.999960451142677,-1.1024852395742411e-05,-9.999640904029821,-9.99975115255378,-1.1354686591775401e-05,-9.99953999123803,-9.999806826372938
0,T4-T6,-0.0006638501820495093,-9.997300378495625,-9.998794041405237,8.346342690241e-06,-9.999919055984272,-9.99986897792813,-1.1047499289480346e-05,-9.9997602335733,-9.999870708566194,-3.319792983603698e-06,-9.999741203723605,-9.99981921885872
0,T6-O2,-0.0014674831805954155,-9.994578623583285,-9.997880460739625,-2.1767190925037712e-05,-9.999822725206638,-9.999953328352188,-1.743485680990141e-06,-9.99994830223412,-9.99996573709093,5.662484228931999e-07,-10.000002245669538,-9.999988938831601
0,Fp1-F7,-0.0006656490212304658,-9.997682824945018,-9.999180535242786,7.1078542741954885e-06,-9.999965684876639,-9.999923037750992,6.376529003817731e-05,-10.000489437292256,-9.999851784391874,-2.055240305860482e-06,-9.999893367555787,-9.999941665702975
0,F7-T3,-9.40086765265647e-05,-9.99956879440557,-9.999780313927756,-9.467530614997119e-05,-9.999235261660258,-9.999803313497159,-7.883647670585102e-06,-9.999885467148324,-9.99996430362503,-4.006714123108904e-07,-9.999968702492925,-9.999978118271114
0,T3-T5,-0.0010704813144346021,-9.9960495900041,-9.998458172961579,-4.333366160431899e-05,-9.999606510948755,-9.99986651291838,2.307842632370878e-06,-9.999982336385496,-9.999959257959173,-3.0965165422182588e-06,-9.999875741315465,-9.999948509454207
0,T5-O1,-0.001117375091705057,-9.996075660892464,-9.9985897548488,-4.2984446274442944e-05,-9.999615892838763,-9.99987379951641,2.348516551339226e-06,-10.000012227129655,-9.999988741964142,7.771004302161498e-08,-9.999979100181582,-9.99997727399557
0,Fz-Cz,-7.0098257738697855e-06,-9.999885317173606,-9.999901089281597,-9.058345006524589e-05,-9.999242036129495,-9.999785536829886,-1.0419737221954918e-05,-9.999853125949667,-9.999957323321887,4.8231069528837645e-08,-9.999989856014293,-9.99998872258416
0,Cz-Pz,-0.0001260457887702361,-9.999425128742455,-9.999708731767189,5.1706285952125466e-06,-9.99987591978503,-9.999844896013458,6.29910401928985e-06,-9.999966310899193,-9.999903319859,-5.993501434030722e-07,-9.999959556270811,-9.999973640999182
0,Fp2-F4,-0.00023026889695525917,-9.997849058926903,-9.998367163945053,4.8369059377235303e-05,-10.000170074025213,-9.99987985966895,8.208369462242802e-06,-10.00004460045026,-9.999962516755637,-7.511607065208548e-07,-9.999971038930603,-9.999988691207207
0,F4-C4,0.0002438773421683129,-9.999891815375369,-9.99934309135549,-1.0110894099909688e-05,-9.999824680039003,-9.999885345403603,8.135307547015547e-06,-10.000042865592869,-9.999961512517398,-1.0874496778795561e-06,-9.999966506669658,-9.999992061737087
0,C4-P4,7.779624111683127e-05,-10.000023138146483,-9.999848096603971,-3.880478271421175e-05,-9.999702744709708,-9.999935573405994,3.3907121670264285e-06,-10.000019450398323,-9.999985543276653,-1.3858604901551459e-07,-9.999989515357784,-9.999992772129936
0,P4-O2,0.0005476432719645881,-9.99456593719714,-9.993333739835219,0.00016630560474308135,-10.000708100533934,-9.999710266905476,4.6697850865915015e-05,-10.00030964281661,-9.999842664307952,-2.197123649103007e-06,-9.999922411529358,-9.999974043935111
0,Fp1-F3,8.010439426152668e-06,-9.999719890038207,-9.999701866549499,-3.356130679924097e-05,-9.99973849689803,-9.999939864738824,3.78556910164039e-05,-10.000276170417782,-9.999897613507619,-8.437610213187616e-06,-9.99963820220861,-9.99983648604862
0,F3-C3,-0.0018200688364237193,-9.992501446528548,-9.996596601410502,1.7311812956657407e-05,-10.000048038253423,-9.999944167375682,-1.0018235735744504e-05,-9.99986744517147,-9.999967627528827,-1.7143177502012822e-06,-9.999939006607693,-9.999979293074823
0,C3-P3,-0.00036953619010596006,-9.99743641942433,-9.998267875852068,-2.7082432730018216e-05,-9.99948516767327,-9.99964766226965,6.321744138824755e-05,-10.000483961210971,-9.99985178679709,-4.790001093699887e-06,-9.999849586877389,-9.999962151903091
0,P3-O1,0.0001367872812654459,-9.997737087023847,-9.997429315641,7.579052403010813e-06,-9.999817512119344,-9.999772037804926,1.1141328468698495e-05,-10.000050765902168,-9.999939352617481,-1.0216447462875594e-06,-9.999951024620596,-9.999975033272134
0,Fp2-F8,-0.00019331585992243168,-9.99920885851853,-9.999643819203357,4.996689574046135e-05,-10.000172507379231,-9.999872706004789,0.00011744625654975606,-10.000920901897524,-9.999746439332027,-7.103394610053536e-06,-9.999779061684164,-9.9999459914575
0,F8-T4,-0.0005682751340889341,-9.997127487656613,-9.998406106708313,-2.7825106718343417e-05,-9.999775484021747,-9.999942434662056,0.00016508157519878436,-10.001150223788873,-9.999499408036884,-3.9488723105288474e-07,-9.999805029371778,-9.999814309221708
0,T4-T6,-0.000906789759507609,-9.9964873294038,-9.998527606362693,-9.403248006471116e-06,-9.999812564739546,-9.999868984227586,0.00027255285956272483,-10.002084424824357,-9.99935889622873,-9.766163889994376e-06,-9.999567842721488,-9.999797347572903
0,T6-O2,0.00013932192587968355,-9.997624242214192,-9.997310767880963,3.916929897664637e-05,-10.000066732546404,-9.999831716752544,8.704482332627055e-05,-10.00069210621073,-9.999821657977467,-6.4979542075099425e-06,-9.999789085251999,-9.999941787175876
0,Fp1-F7,-5.2103699381069164e-05,-9.99973540959454,-9.999852642918148,1.0940023201809504e-05,-9.999974889984806,-9.999909249845595,0.0001547253346941541,-10.001210153321235,-9.999662899974293,-4.992379424136374e-06,-9.999768174002385,-9.999885494918853
0,F7-T3,0.00013000473179051344,-9.99957146748473,-9.9992789568382,0.0002386381903405598,-10.001022931549779,-9.999591102407734,3.286473600503958e-05,-10.000038719060072,-9.999710071700022,-6.864822147305258e-06,-9.99975433189353,-9.999915655213993
0,T3-T5,-0.0007767183005875096,-9.997022890871477,-9.9987705070478,0.00020201538107008705,-10.000658786740699,-9.999446694454278,0.00029098558887442834,-10.002182718331552,-9.999272862442808,-2.023626114070897e-05,-9.999330933392878,-9.999806485529685
0,T5-O1,0.0005762000205496643,-10.000645257095144,-9.999348807048907,0.00013925088974144824,-10.000504569230987,-9.999669063892538,0.00012719625631430723,-10.000862736197917,-9.999590773634774,-1.1883207794786895e-05,-9.999618939214832,-9.999898194598009
0,Fz-Cz,-8.269378923628309e-05,-9.999307075797468,-9.999493136823249,5.031915100459126e-06,-9.999956331183434,-9.99992613969283,2.423540443366125e-05,-10.000148511128282,-9.999906157083945,-1.802469035586985e-06,-9.999939492763666,-9.999981850786002
0,Cz-Pz,-0.0006255657653165176,-9.997767856394457,-9.99917537936642,-0.00022614962578121545,-9.998269993580479,-9.999626891335167,-1.1478427481272847e-05,-9.999837135352056,-9.999951919626868,-2.7093397229327014e-06,-9.999881614032164,-9.999945283515652
0,Fp2-F4,-0.0005432040606780955,-9.996318987097537,-9.997541196234062,-3.173899406455415e-05,-9.9996608967191,-9.999851330683487,9.26162539968341e-07,-9.999984039595123,-9.999974777969724,-4.6161120013718855e-07,-9.999978000351861,-9.999988848215065
0,F4-C4,-0.0003222889093113067,-9.997813583766293,-9.998538733812243,-2.8444896557451836e-05,-9.999591447568987,-9.999762116948332,1.008437395313583e-05,-10.00002489071846,-9.99992404697893,-6.205528414027895e-07,-9.999976774775682,-9.999991357767454
0,C4-P4,-8.338779572708862e-05,-9.999507004518671,-9.999694627059057,3.7098351014820848e-06,-10.00001098624076,-9.999988727230152,4.4595009571957537e-07,-9.999998309552819,-9.999993850051862,-8.466105538808671e-07,-9.999967888513522,-9.999987783861538
0,P4-O2,-0.001919526761533598,-9.99210561986853,-9.996424555081981,-4.3380090786528145e-05,-9.999449860840631,-9.99971014138535,-3.1248319558453066e-05,-9.999522832643759,-9.999835315839343,-1.2140643899135014e-06,-9.99995385897741,-9.999982389490572
0,Fp1-F3,-0.00012080036678140376,-9.999324920634244,-9.999596721459502,1.4203963406660839e-06,-9.999725986291265,-9.999717463913221,9.015637282897094e-07,-9.99986270544626,-9.999853689808978,-6.4929764738151295e-06,-9.999767580878222,-9.999920165825356
0,F3-C3,2.757652418723043e-05,-9.99908254246927,-9.99902049528985,-8.445336577095205e-05,-9.999282127709778,-9.999788847904403,-9.068043683894723e-08,-9.999984068250257,-9.999984975054625,3.970960988329318e-07,-9.9999815997698,-9.999972268011478
0,C3-P3,-0.0009194992528212068,-9.995565335765,-9.997634209083849,-9.132239013212845e-06,-9.999469695193653,-9.999524488627733,-1.720455355178017e-05,-9.999791847856752,-9.99996389339227,-5.68982530784865e-07,-9.999948274911898,-9.99996164600137
0,P3-O1,-0.0028851097027880407,-9.988273864914307,-9.99476536174558,-1.2962682404242303e-05,-9.999731226643219,-9.999809002737644,1.8629375471180593e-05,-10.000047640254317,-9.999861346499605,-3.8629865773306176e-07,-9.999940765590766,-9.999949843609222
0,Fp2-F8,-0.000141486920989396,-9.997052057959182,-9.99737040353141,5.011773421413618e-06,-9.999911062581113,-9.999880991940584,9.656635672703003e-06,-9.999887672789164,-9.999791106432436,-5.221146428850186e-06,-9.999834740709892,-9.99995743765097
0,F8-T4,-2.2852084645268887e-05,-9.99973746993815,-9.999788887128602,-2.2265736944308818e-05,-9.999826111681394,-9.99995970610306,0.0001252732415249376,-10.000897355038,-9.99964462262275,1.3682471185919773e-06,-9.999856471247545,-9.99982431744026
0,T4-T6,-0.0012035028455433781,-9.99563105668112,-9.998338938083592,2.293301497640907e-05,-9.999903715187912,-9.999766117098053,4.8181227478805376e-05,-10.000341552606173,-9.999859740331384,3.302126091258023e-06,-9.999909255323335,-9.99983165536019
0,T6-O2,-0.0005271564808258191,-9.997989710308927,-9.999175812390785,9.705855100955048e-06,-9.999977354574808,-9.999919119444202,-3.104631617718452e-05,-9.999378319611262,-9.999688782773033,-5.283209291444274e-06,-9.999834258621421,-9.99995841403977
0,Fp1-F7,-6.205551633884061e-05,-9.999479407051776,-9.999619031963539,3.6411666059964365e-05,-9.999865801316979,-9.999647331320618,-3.3288343455045565e-06,-9.999727619745862,-9.999760908089316,-6.0056957989235075e-06,-9.999775057973109,-9.999916191824383
0,F7-T3,0.00025046154247771975,-10.000204679054962,-9.999641140584387,0.0001282907048919782,-10.00050719592298,-9.999737451693628,3.118335400987293e-06,-9.999835627943416,-9.999804444589406,-1.2494963905056368e-05,-9.999612379301519,-9.999906010953287
0,T3-T5,-0.001476472719117421,-9.993225734877164,-9.996547798495179,0.00010153195330127006,-10.00023976145071,-9.999630569730902,6.208865341448423e-05,-10.000432849177475,-9.99981196264333,-4.968613886613652e-06,-9.999798496166967,-9.999915258593303
0,T5-O1,-0.00034934524820872927,-9.996297413421587,-9.997083440230057,0.00013769005294392997,-10.000473816935125,-9.999647676617462,6.921949585978015e-05,-10.0002691509786,-9.999576956020002,-1.4489964265039753e-05,-9.999557001048204,-9.999897515208433
0,Fz-Cz,-8.184648148241145e-05,-9.998229319961368,-9.998413474544703,-2.388686856412746e-05,-9.999627543108172,-9.999770864319556,7.41064814615251e-06,-10.000042456445932,-9.99996834996447,-7.942916814019283e-07,-9.999970290815536,-9.99998895667005
0,Cz-Pz,-0.001489134321004026,-9.994100192634699,-9.997450744856957,-3.3136535374234395e-05,-9.999629721918705,-9.99982854113095,4.667315181867305e-06,-10.000031894876194,-9.999985221724376,-2.8794060609194245e-06,-9.99989270385844,-9.999960369900872
0,Fp2-F4,-4.438736049642826e-05,-9.997571549393614,-9.997671420954731,-0.0005961043420803181,-9.995048409413085,-9.998625035465567,3.9147011636039647e-07,-9.999965596684659,-9.999961681983494,-2.7123157246277906e-07,-9.9999830580726,-9.999989432014551
0,F4-C4,-0.002995733651522207,-9.987924668200959,-9.994665068916884,-0.0002388357505785072,-9.997617118051144,-9.999050132554615,-1.2331243493422036e-05,-9.99975732423518,-9.999880636670113,-6.048567701893493e-07,-9.999972394006999,-9.999986608141098
0,C4-P4,-0.0001241510726899849,-9.998371853275295,-9.998651193188847,-0.00019091452877873023,-9.998280947885192,-9.999426435057865,-3.2717744700277866e-06,-9.999917364093433,-9.999950081838133,-2.997503016975013e-08,-9.999995484321728,-9.999996188734936
0,P4-O2,-0.0002471875386020417,-9.984572680658575,-9.985128852620429,-0.005457530985355379,-9.955668555890716,-9.988413741802848,-0.0003106130739649029,-9.996085705141152,-9.9991918358808,-4.776739064974052e-06,-9.999843299526068,-9.999955552894095
0,Fp1-F3,0.0010624217007126464,-10.000324505637092,-9.99793405681049,-3.522214342728129e-05,-9.999580398468606,-9.99979173132917,-3.0535332716912105e-05,-9.999627261398345,-9.999932614725514,-4.160656387937086e-06,-9.99983919005624,-9.999936965481357
0,F3-C3,-0.0005814809877037993,-9.99660266773171,-9.997910999954042,5.447289112634463e-07,-9.99995906823674,-9.999955799863272,-2.4299236944663562e-05,-9.999673020529146,-9.999916012898593,-4.3430033203920085e-06,-9.999860661810331,-9.99996272238836
0,C3-P3,-0.008466013633363542,-9.964676695887098,-9.983725226562166,-0.0007734885841104904,-9.992657043235912,-9.997297974740576,-4.9817068022460414e-05,-9.999307729955664,-9.999805900635888,-1.3126868021658536e-06,-9.999950681686313,-9.999981529826163
0,P3-O1,-0.01096566361285655,-9.94575509173889,-9.970427834867818,-0.0021970738511629165,-9.982663264824092,-9.99584570793107,5.590014403729876e-05,-10.000113709408328,-9.999554707967956,-7.289061133666429e-06,-9.999772083381105,-9.999943376317747
0,Fp2-F8,-0.00037473011630030623,-9.997996232498094,-9.99883937525977,-0.00017076340771282562,-9.998532336669385,-9.999556917115662,8.179817671012766e-07,-9.999953315993137,-9.999945136175466,-5.460346546147696e-07,-9.999970332183063,-9.999983163997445
0,F8-T4,-0.00023511241970734887,-9.998827244787908,-9.99935624773225,3.8877602102618124e-05,-9.999979296080998,-9.999746030468382,1.9284137487619532e-05,-10.000067651296959,-9.999874809922083,-1.3845656837466707e-06,-9.999802274760505,-9.999834812054074
0,T4-T6,0.00024650839018433703,-9.998708967524246,-9.99815432364633,-0.0009141843533708903,-9.991999165932455,-9.99748427205268,0.0001768451229577403,-10.000740563431537,-9.99897211220196,-4.997057577039526e-06,-9.999743401293097,-9.999860832146158
0,T6-O2,0.0005446885081246841,-9.996538422517512,-9.995312873374232,-0.0011303479218290064,-9.990924527100264,-9.997706614631237,-6.0590459362926916e-05,-9.999216535159587,-9.999822439753215,-8.10056821264289e-07,-9.99996116376458,-9.999980200099879
0,Fp1-F7,-0.00021232832517106416,-9.998523808079698,-9.999001546811332,1.018666568595315e-05,-9.999949821462515,-9.999888701468398,-4.105458233610031e-05,-9.999480595307817,-9.999891141131178,-4.343068388123469e-06,-9.999817337891361,-9.999919399998483
0,F7-T3,-0.0008336967975932568,-9.99591352676901,-9.997789344563595,4.4594264873181866e-05,-10.000072101420615,-9.999804535831377,-6.144594314452315e-05,-9.999107813419121,-9.999722272850565,-4.359090831585498e-06,-9.999842782988589,-9.99994522162313
0,T3-T5,-0.0024857209486213705,-9.988614776358634,-9.994207648493033,-0.000748657016557602,-9.992690358002681,-9.997182300102027,-1.7263197150136064e-05,-9.999609726158248,-9.99978235812975,-1.0078869104672497e-05,-9.999680067458126,-9.999916920882086
0,T5-O1,-0.0011211759870638311,-9.991288700298181,-9.993811346269075,-0.00064608319322063,-9.994397342760976,-9.9982738419203,-5.4123534596248336e-05,-9.999017923996904,-9.999559159342867,-5.1820760853941925e-06,-9.99982337942847,-9.999945158216477
0,Fz-Cz,-0.000533676635427909,-9.996066712205634,-9.997267484635346,-0.0006179614088308661,-9.994916856953857,-9.998624625406842,9.831453397353205e-06,-10.000047066033567,-9.999948751499593,-1.5285172056081638e-06,-9.999943858105297,-9.999979778259629
0,Cz-Pz,-0.003341959871674477,-9.982128858003403,-9.98964826771467,-0.001547333492872031,-9.986284420414707,-9.995568421371939,-1.7684168421632427e-06,-9.999656762031101,-9.999674446199522,-5.98519423301109e-06,-9.999795824678584,-9.99993647674306
0,Fp2-F4,-7.618794723992018e-05,-9.998485257232778,-9.998656680114067,0.00010590968277902179,-10.000371089418858,-9.999735631322183,-3.8574463732168876e-05,-9.999491577946717,-9.99987732258404,-4.344846849940741e-07,-9.999970821945608,-9.999981032335706
0,F4-C4,-0.0013181760757555395,-9.991992156612033,-9.994958052782483,-1.8125437063245208e-05,-9.999093690993057,-9.999202443615436,-9.71577722297201e-05,-9.998802004635975,-9.999773582358271,-1.5117406140996697e-06,-9.999953321454932,-9.999988847359363
0,C4-P4,-0.0014782571663244156,-9.993873221705222,-9.997199300329452,-0.0002303173667630261,-9.997843894469563,-9.99922579867014,-8.771418805205833e-06,-9.999871378640005,-9.999959092828057,-2.898175068349962e-07,-9.99998756786031,-9.99999437857172
0,P4-O2,-0.0007713942763469472,-9.9799542512989,-9.98168988842068,1.21502679830827e-06,-9.997781844197482,-9.997774554036692,-5.8440412526202396e-05,-9.999120018539296,-9.999704422664557,-5.820453277996699e-06,-9.999822929731407,-9.99995971038344
0,Fp1-F3,-0.003740423625759672,-9.985050924574274,-9.993466877732233,-0.0006509479593373797,-9.993020553116544,-9.996926240872568,0.00025501380698416315,-10.001947557276829,-9.999397419206987,-3.70973633546218e-06,-9.999848634698791,-9.999935813502674
0,F3-C3,0.001089578464252508,-9.994400167182619,-9.99194861563805,-0.0006699030579220069,-9.994090285656933,-9.998109704004465,-0.00025559494160285747,-9.997013547020181,-9.99956949643621,-2.905910774340594e-06,-9.99990344757612,-9.999971736479317
0,C3-P3,-0.1623603623236213,-9.386722119492857,-9.752032934721004,-0.04959588508131663,-9.554172369963442,-9.851747680451343,-0.0027705131718378678,-9.965298119240385,-9.993003250958765,-4.70124821798979e-05,-9.99862886445756,-9.999733657788788
0,P3-O1,-0.0763063038979243,-9.631370864314615,-9.803060048084944,-0.04346168320025413,-9.59462097432861,-9.855391073530134,-0.0067908336612119875,-9.92103889648535,-9.98894723309747,-3.291921031738375e-05,-9.999031290496124,-9.999804891938583
0,Fp2-F8,-6.790847049062007e-05,-9.999038871377635,-9.99919166543624,6.2144693740577e-05,-9.999593641908584,-9.99922077374614,1.2486812490402728e-05,-10.000078160660875,-9.99995329253597,-3.9026312313646474e-07,-9.999962861970051,-9.999972033153444
0,F8-T4,-0.00010476625205504328,-9.999165025483377,-9.999400749550501,-5.9034913676628406e-05,-9.999376125366005,-9.999730334848065,3.674439506760288e-05,-10.000049329630178,-9.999681885679502,-4.0358284341323014e-06,-9.999688305510118,-9.99978314747832
0,T4-T6,-0.0012854809615234079,-9.991924036544207,-9.994816368707635,6.745820625093608e-06,-9.99985846689422,-9.99981799197047,-7.305074373743756e-05,-9.998514807716386,-9.999245315153761,2.5045796826410874e-06,-9.999877470795578,-9.999818613173035
0,T6-O2,-0.0034436626091628644,-9.983667731163939,-9.991415972034556,-6.529893933657122e-05,-9.999115417797402,-9.999507211433421,1.330956566352619e-05,-9.9999958413985,-9.999862745741865,-3.915697140328769e-06,-9.999874397870002,-9.9999664167528
0,Fp1-F7,-0.0016086859982835033,-9.993155349201183,-9.99677489269732,-0.00011024349126612294,-9.998033049163928,-9.998694510111525,0.00016980968838649753,-10.001243979286075,-9.99954588240221,-5.832128307037622e-06,-9.999775864876472,-9.999912919891688
0,F7-T3,-0.03568951713620655,-9.767931085203838,-9.848232498760302,-0.025854690114431127,-9.78098035580572,-9.936108496492308,-0.0006715337693331733,-9.988781883660318,-9.995497221353649,-2.2661864110240625e-05,-9.999311057411637,-9.999843611218228
0,T3-T5,-0.019152656348627842,-9.808529197287339,-9.85162267407175,-0.024332268284633186,-9.793292389593388,-9.939285999301188,-0.0009131187062828285,-9.98573592618575,-9.994867113248578,-3.149716585359854e-05,-9.99906632357567,-9.99980650697323
0,T5-O1,0.0018124031995251442,-9.983930381619352,-9.97985247442042,-0.006714380104326177,-9.932023335416542,-9.972309616042498,-0.0007600634178124726,-9.986421154779704,-9.994021788957829,-4.04944878518702e-05,-9.998774506226972,-9.999726126691492
0,Fz-Cz,0.0012182253508427117,-9.99622448021969,-9.993483473180293,-0.00017769336694928268,-9.997901857151989,-9.998968017353684,-0.00018029776274430717,-9.997448337961742,-9.999251315589186,-1.1407297986110367e-06,-9.999951314636638,-9.999978121786905
0,Cz-Pz,-0.008916679293843802,-9.948919414154451,-9.9689819425656,-0.012966454441095794,-9.886688735092473,-9.964487461739049,-0.0011407039885736824,-9.986011071742727,-9.997418111628464,-6.583468721736156e-06,-9.99978079371232,-9.999935505227281
0,Fp2-F4,-0.00034219200588144844,-9.998688035316283,-9.999457967329516,1.407749646377595e-06,-9.999994075964349,-9.99998562946647,-1.8905867969435758e-06,-9.999974239883128,-9.999993145751098,5.6019627166891125e-08,-9.999991938913476,-9.999990622452238
0,F4-C4,-0.0015198953344657056,-9.994344589647461,-9.997764354150009,-7.6279967751769e-05,-9.999394770675362,-9.999852450481873,-1.793957098406886e-07,-9.999985878619272,-9.99998767257637,1.126110884272405e-07,-9.999995645344438,-9.99999299898386
0,C4-P4,-8.755893726665211e-05,-9.99952988177794,-9.99972688938679,-1.1196449958900193e-05,-9.999887245257911,-9.999954423957664,1.9050530862917739e-06,-10.000013094602583,-9.99999404407172,-2.684860254162284e-07,-9.999986168680197,-9.999992478101793
0,P4-O2,-0.001030595507758661,-9.996383205878264,-9.99870204577072,2.7251457805149147e-06,-9.999677301941757,-9.999660951067074,-1.4963429269502308e-06,-9.99997907766231,-9.999994041091579,-7.026791512801366e-07,-9.999964997287947,-9.999981510248002
0,Fp1-F3,5.703276307373145e-05,-9.999658865499297,-9.99953054178238,1.137161015119876e-06,-9.999946992741611,-9.99994016977552,-5.872130428024499e-05,-9.99917907184864,-9.999766284891443,-3.1373449210476124e-06,-9.999849772035896,-9.999923499641541
0,F3-C3,-0.0017974423797013494,-9.993434946410998,-9.997479191765326,-2.4534076636763165e-05,-9.999775953285116,-9.999923157744936,9.010322130574802e-06,-10.000048578153043,-9.999958474931738,-1.4459936820098516e-07,-9.999984877444236,-9.999988275529388
0,C3-P3,-0.013235231744903745,-9.954653147382558,-9.984432418808591,-3.2446279319295043e-06,-9.999965797589422,-9.999985265357013,2.3962186461126045e-05,-10.000195829565676,-9.999956207701064,-1.399673711277047e-06,-9.999944711458841,-9.999977603791056
0,P3-O1,-0.02239765316299361,-9.918082772555085,-9.96847749217182,-9.571347915934744e-05,-9.998758969176404,-9.99933325005136,-3.64413305653263e-05,-9.999536118841322,-9.999900532146976,-5.43552321643686e-07,-9.99996430554431,-9.99997707902387
0,Fp2-F8,-0.0003480698672290254,-9.99858889938337,-9.999372056584635,-4.238320770154512e-05,-9.999670394665062,-9.999924693911272,-1.4282209739775674e-06,-9.999956434191944,-9.999970716401684,-1.832943007868863e-06,-9.999935838743992,-9.999978912904677
0,F8-T4,-0.001683480898178508,-9.994172260864744,-9.997960092885645,-2.6615229809182675e-05,-9.999777191993477,-9.999936883372332,0.0001444485909812689,-10.001076106827044,-9.999631620917231,-5.911562286943218e-06,-9.99972117944739,-9.999860101161133
0,T4-T6,-0.00036158641116117705,-9.998232522689909,-9.999046092115021,7.73392468313056e-06,-10.000005963710738,-9.999959560162639,0.00016014920274834364,-10.001220434487646,-9.999618942460163,4.7342218896088217e-08,-9.999862052216244,-9.9998609396741
0,T6-O2,-3.0041084986837296e-05,-9.999885958376494,-9.999953550817715,3.132159075175691e-05,-9.999873913170276,-9.999685983625765,3.4500647637939134e-06,-10.000013404050312,-9.999978903402674,-1.0298133618258878e-06,-9.999958990413035,-9.999983191027038
0,Fp1-F7,-0.0009295572996122045,-9.996309137772723,-9.99840064169685,-2.236384248735073e-05,-9.999638001647257,-9.99977218470218,-2.3612577816873782e-05,-9.999677615565176,-9.999913741343345,-7.42862950091542e-06,-9.999747401439937,-9.999921974233208
0,F7-T3,-0.0061031207790659845,-9.978613254351158,-9.992345276104057,-3.5745680722895435e-05,-9.999680639843625,-9.999895113927963,-3.476766401827693e-05,-9.999376104146663,-9.999723780786846,-5.7968960596440615e-06,-9.999803620619684,-9.999939847677085
0,T3-T5,-0.0005251821143958545,-9.997913913150462,-9.999095572907853,1.735716055384315e-05,-10.000056005124938,-9.999951862161614,-4.58698795881542e-05,-9.999386262956497,-9.999844961752379,-4.124858134856669e-06,-9.999849705948403,-9.999946640114572
0,T5-O1,-0.014307065563342717,-9.948702854036847,-9.980893751554369,-0.00013259419391496924,-9.99864050978134,-9.99943607494483,-2.6275938720798473e-05,-9.999569482105567,-9.999832241492776,-6.0498561261759454e-06,-9.999795893939924,-9.999938065558888
0,Fz-Cz,-0.001703186117158075,-9.994067709465789,-9.997899878229394,-6.961364884570857e-05,-9.999420782528198,-9.999838464421272,3.266342848351455e-07,-9.9999776743881,-9.999974408045253,-1.9952163235483255e-07,-9.999985502898532,-9.999990191656893
0,Cz-Pz,-0.015022068747574101,-9.946438533740318,-9.98023818842236,2.1930925124300393e-05,-9.99997798179796,-9.999846396247214,-7.368910429200559e-06,-9.999890455216738,-9.99996414432103,-3.1587107034809523e-07,-9.999959697081305,-9.999967120051458
0,Fp2-F4,-0.0006430553367415497,-9.997491004853373,-9.99893787936104,-1.0105235455104006e-05,-9.999832847513206,-9.999893478925937,3.0977789210122874e-07,-9.999963866726743,-9.999960768947822,-8.177619070296406e-07,-9.999963083005683,-9.9999823004105
0,F4-C4,-0.00020942735812670414,-9.999026999954639,-9.999498211510424,-1.5291094920342945e-07,-9.999983548536475,-9.99998446600217,-1.5413801635143086e-05,-9.999814027003964,-9.999968165020315,1.4115693120817395e-07,-9.999995834542775,-9.999992517354892
0,C4-P4,-0.0003173863000930101,-9.998702594850215,-9.999416714025424,-1.2706559780684944e-06,-9.999985520376214,-9.999993144312082,-1.714654731190277e-07,-9.999995685744466,-9.999997400399197,-2.1262787985015178e-07,-9.999987690743104,-9.999992687498281
0,P4-O2,-2.565379574275814e-05,-9.999365868971486,-9.999423590011908,1.14434829128466e-05,-9.999980103594273,-9.999911442696796,-1.5249137275421125e-05,-9.999808239007615,-9.99996073038037,-7.02352508765788e-07,-9.999968994758772,-9.999985500042728
0,Fp1-F3,-0.001158143877395418,-9.995340810624889,-9.997946634349029,-5.319439442546107e-06,-9.999756390560863,-9.999788307197518,2.4839707793779154e-05,-10.000185083575987,-9.99993668649805,-3.7862531480788502e-06,-9.99985588852497,-9.99994486547395
0,F3-C3,-0.0010969305628246977,-9.995521725557136,-9.997989819323491,-2.870812499454209e-06,-9.999882605996612,-9.999899830871609,-3.218180674394179e-05,-9.99956610482538,-9.99988792289282,-1.4090123490354254e-06,-9.999950657820298,-9.9999837696105
0,C3-P3,-0.002963602057253264,-9.98866026628921,-9.995328370918031,-5.521596019878979e-05,-9.9995075572963,-9.999838853057492,-3.9517533041643764e-05,-9.99952505157286,-9.999920226903276,-8.937352749144097e-07,-9.99996216245512,-9.999983165234081
0,P3-O1,-0.000885728694950247,-9.995472793969762,-9.9974656835334,3.436155201381258e-06,-9.999701896433612,-9.999681279502404,2.902563941002483e-05,-10.000137077996651,-9.999846821602551,-1.5490257195084253e-06,-9.99994249868162,-9.999978900786028
0,Fp2-F8,-0.00020520814579287123,-9.999261794413192,-9.999723512741225,8.844166333363956e-06,-9.99998604886492,-9.99993298386692,7.69586184959593e-06,-10.00004209808327,-9.999965139464774,-5.778453802142408e-07,-9.999958872120644,-9.999972451487078
0,F8-T4,-0.0003493090087285544,-9.998780514742146,-9.999566460011785,5.56961594604699e-06,-9.999966515825916,-9.99993309813024,0.00023158964747147393,-10.001831171930519,-9.999515275455805,-2.1584625412943403e-07,-9.99982629048637,-9.999831362873342
0,T4-T6,-0.0018684311765112727,-9.993459828702953,-9.997663798850104,-4.3032021329406616e-07,-9.999976720174715,-9.999979302095994,0.00020831440141221198,-10.001637525460803,-9.99955438144668,-1.1464794239616238e-06,-9.999799070746933,-9.999826013013395
0,T6-O2,-0.00028241157285072187,-9.998046829119382,-9.998682255158295,-4.293077670501322e-05,-9.999664346801715,-9.999921931461946,-2.2637610287035738e-05,-9.99969665741162,-9.999923033514492,-1.1246439946392817e-06,-9.99995541513855,-9.999981844272423
0,Fp1-F7,-0.0013240505538038864,-9.99521010528057,-9.99818921902663,-1.5074544553474926e-05,-9.999765280873003,-9.999855728140323,2.0238088473840723e-05,-10.0001284578882,-9.999926077003462,-8.828215880111663e-06,-9.999705837552638,-9.99991330062582
0,F7-T3,7.764799579467104e-05,-9.99964374689958,-9.99946903890904,4.851572831486773e-05,-10.000121487363677,-9.999830392993788,6.031825513294705e-05,-10.000327245811691,-9.999724063260363,-3.1434970182782063e-06,-9.999874062574426,-9.999947934754355
0,T3-T5,-0.0006174756697101383,-9.997836502433918,-9.999225822690766,1.4043986865239193e-05,-9.99984958289412,-9.999765318972928,4.526926045081296e-05,-10.000304124774697,-9.999851432170189,-6.696884963057036e-06,-9.999769598589554,-9.999926975386185
0,T5-O1,-0.00015144053710432908,-9.998833586131386,-9.99917432733987,8.040881731881673e-05,-10.000305257096548,-9.999822804192634,6.97281539629447e-05,-10.000425071835739,-9.99972779029611,-5.050816804593676e-06,-9.999815440813228,-9.999934135008136
0,Fz-Cz,-0.00018627504174594713,-9.998991962467905,-9.999411081311832,-1.5859862424123264e-05,-9.999868352759776,-9.999963511934322,-2.4846239227857777e-06,-9.999960896426611,-9.999985742665839,-8.539400704070502e-07,-9.999968032959021,-9.999988100550675
0,Cz-Pz,-0.000981146696016169,-9.996539462838237,-9.998747042904274,9.711421615469575e-06,-9.999996661806952,-9.99993839327726,-2.5440873702947853e-06,-9.999954356269317,-9.99997979714302,-1.0505239538176377e-07,-9.999981423985695,-9.999983892716987
0,Fp2-F4,-0.0027368245948248744,-9.986502979101855,-9.992660834440212,-0.001269379980301239,-9.98692404245693,-9.994540322338738,-0.0012978405726488007,-9.984678647731307,-9.997657053457795,-1.8068905035846122e-05,-9.999447549129581,-9.999872168397923
0,F4-C4,0.002594194207390179,-9.992319377113283,-9.986482440146656,-0.0019716441840127463,-9.97172967991513,-9.983559545019206,-0.002029449703757744,-9.974857515504993,-9.99515201254257,-4.127402998608852e-05,-9.99868212472171,-9.999652064426384
0,C4-P4,-0.0008318072290403875,-9.990357154511802,-9.992228720777144,-0.0021715763326812824,-9.976098119263945,-9.989127577260033,-0.001547471764325797,-9.981241346108801,-9.996716063752059,-2.9330670863666186e-05,-9.999106472014459,-9.999795742779755
0,P4-O2,-0.003614697122457061,-9.985940735621893,-9.994073804147423,-0.001946234363588332,-9.977472111677177,-9.989149517858706,-0.0011977683068952639,-9.98589077483014,-9.997868457899093,-2.4689685638377617e-05,-9.999219363293392,-9.999799570905894
0,Fp1-F3,-0.0009499674585001233,-9.994928532908832,-9.997065959690456,-0.0002629413843590755,-9.997232353291208,-9.998810001597363,-0.00046042489252117044,-9.994407062835789,-9.999011311761,-4.292827472585485e-06,-9.999834344608558,-9.999935226054165
0,F3-C3,-0.01123177433749656,-9.956355180734112,-9.98162667299348,-0.0030194118325267793,-9.975719053678917,-9.993835524674077,-0.00048501795139412854,-9.994016116594928,-9.998866296108869,-2.5842725356244162e-05,-9.999230600340214,-9.999837904386085
0,C3-P3,-0.0035129148783004296,-9.987178640302703,-9.99508269877888,-0.0023719349013759062,-9.979368575171405,-9.99360018457966,-0.0006006924265249629,-9.992473491193762,-9.998480415459012,-2.5629802597118246e-05,-9.999143209463183,-9.999745509824216
0,P3-O1,-0.00010258219541336392,-9.992843232299794,-9.993074042239474,-0.0006873464297705242,-9.993950269081436,-9.99807434766006,-0.00016653063690569162,-9.997916087683102,-9.999581394052159,-8.648884077240063e-06,-9.999734555331012,-9.999937804106827
0,Fp2-F8,-0.000131808394180768,-9.998429003901617,-9.998725572788523,-5.7749547153342124e-05,-9.998751227167343,-9.999097724450262,-0.0002095462435213247,-9.997568858179712,-9.999664320614924,-3.607978095140154e-06,-9.999877506948405,-9.99996229443364
0,F8-T4,-0.00015668881659917558,-9.998153735561687,-9.998506285399035,-4.5256049556139033e-05,-9.999479799942655,-9.999751336239992,1.6707593721328176e-05,-10.000070360110461,-9.999903284173248,-1.0453337119255744e-05,-9.999506698824804,-9.999752352247107
0,T4-T6,-0.0004751322235605992,-9.997968974336942,-9.999038021839953,-6.77663222451069e-05,-9.99917248637132,-9.99957908430479,-7.576932033454344e-05,-9.99891165751665,-9.999669350719996,-1.5347452980133537e-05,-9.999435056087831,-9.999795721232864
0,T6-O2,-0.0008054875436817539,-9.99662435736303,-9.998436704336314,-0.0005727625666629099,-9.994590049703676,-9.998026625103654,-5.602869947006132e-05,-9.999051944656292,-9.999612231650993,-1.1159357668497082e-05,-9.999631073348924,-9.999893318254134
0,Fp1-F7,-0.000722199920117509,-9.996389466376392,-9.998014416196657,-3.3906201466376964e-05,-9.999303859283208,-9.999507296492006,-0.00017462563722823494,-9.997837983596867,-9.999584239969149,-2.3091825063279103e-06,-9.99988275157112,-9.999937017360018
0,F7-T3,-0.00026045610489030467,-9.998452930494276,-9.99903895673028,-3.795098224732518e-05,-9.999694756761562,-9.999922462655046,2.7488347671688763e-05,-10.000104327579567,-9.99982944410285,-5.0421871993433325e-06,-9.999843211638824,-9.999961703038009
0,T3-T5,-0.003944733429774716,-9.984619570952807,-9.9934952211698,6.684567261235306e-05,-10.00014394513803,-9.999742871102356,3.883896617027487e-06,-10.000004141134834,-9.999965302168665,-3.8990966558125756e-06,-9.999858758161379,-9.99995038693279
0,T5-O1,-0.0023532765447249943,-9.988984627453767,-9.994279499679399,-4.44331766851898e-05,-9.998436756665111,-9.998703355725223,-0.00035733435332829127,-9.995825636381992,-9.999398979915275,-4.9496869575113566e-06,-9.999823395589669,-9.99993971323317
0,Fz-Cz,-0.055343063794288216,-9.562569121269483,-9.687091014806631,-0.07148287766283515,-9.201350237183638,-9.630247503160648,-0.08691995371889977,-8.94320662434725,-9.812406161536247,-0.0021204007992023494,-9.936470250259854,-9.98629966904111
0,Cz-Pz,-0.07821726840606001,-9.48621480377559,-9.662203657689226,-0.07924748261712983,-9.174457219987104,-9.649942115689884,-0.08360566382361252,-8.974901794453128,-9.810958432689253,-0.0024029618405188072,-9.928370426850051,-9.984840030102243
0,Fp2-F4,-0.0023527995682970653,-9.975822541416658,-9.981116340445327,-0.00328080308576399,-9.95232318049878,-9.972007999013364,-2.383180184549186e-05,-9.998579278429725,-9.99881759644818,-2.4284733876381753e-05,-9.999173006193587,-9.999743697439682
0,F4-C4,-0.014045560420280387,-9.937130277753022,-9.968732788698652,-0.007141593752188568,-9.885470982269872,-9.928320544783004,0.0008456600509553009,-10.001923280313736,-9.993466679804182,-0.00020817944296279813,-9.993876654936384,-9.99876887184601
0,C4-P4,-0.001342382062075626,-9.98174298298528,-9.98476334262495,-0.0005743006577400294,-9.964399236018501,-9.96784503996494,-0.0003527411662647431,-9.994368618923533,-9.99789603058618,-3.9402736092203304e-05,-9.998740661884108,-9.999666626182275
0,P4-O2,0.0009232777393431957,-9.990484286133718,-9.988406911220196,-0.00014536633911020705,-9.978091123133789,-9.97896332116845,-0.00019901370786784255,-9.99645893487264,-9.998449071951319,-2.15341093691595e-05,-9.999333497624074,-9.999839549194249
0,Fp1-F3,-0.07786421225390332,-9.681945956271695,-9.857140433842979,-0.01686608707046974,-9.857101978394272,-9.95829850081709,-0.0008957668494667985,-9.980036422131674,-9.988994090626342,-0.00011917024535825615,-9.996214285425172,-9.99901478619109
0,F3-C3,-0.05157895381104679,-9.78648131819767,-9.902533964272525,-0.03723422911784223,-9.574226607659329,-9.797631982366381,0.01452817695709446,-10.075701826292958,-9.930420056722014,-0.0010913247080893008,-9.965485186603084,-9.991131317243182
0,C3-P3,-0.012209449449257514,-9.885198135085922,-9.912669396346752,-0.029866385262039493,-9.690717367815216,-9.869915679387454,0.016108500492406294,-10.098763362797877,-9.937678357873814,-0.0012469001962332321,-9.960707008421155,-9.990009163032635
0,P3-O1,-0.011179891229164771,-9.960485455791268,-9.98564021105689,-0.0006576276141466727,-9.989350020981947,-9.993295786666827,0.0002552261895554746,-10.001520454437944,-9.998968192542389,-1.1989875076782099e-05,-9.99959819925369,-9.999879961317994
0,Fp2-F8,-0.04407337168214834,-9.828121288042304,-9.927286374327139,0.0012465615699907026,-9.935822656449133,-9.92834328702919,-0.0012024637399469789,-9.985230852805325,-9.997255490204795,-0.00013104647666813078,-9.99615678555923,-9.99923637776093
0,F8-T4,-0.047581089504907734,-9.827680163295986,-9.934737614682028,-0.005033482581742069,-9.957321716224577,-9.987522611715029,9.727256458640692e-05,-10.000656062697319,-9.999683337051454,-9.233422659925536e-05,-9.997195730753155,-9.999365585078237
0,T4-T6,-0.0005059578146031342,-9.990233499938748,-9.991371905021605,-0.0023409631423606716,-9.956388572415515,-9.97043435126968,-0.000372043536275565,-9.99547995760497,-9.999200392967726,-9.661129052270824e-06,-9.99965934817292,-9.999886384705647
0,T6-O2,-0.0013092184802528269,-9.99459560885697,-9.997541350437539,-0.0004658373393142913,-9.993405017537606,-9.996200041573491,9.671864990707713e-05,-10.000537335085403,-9.999570148586331,-3.932494172099965e-06,-9.999863521216625,-9.99995593482967
0,Fp1-F7,-0.03224867555366857,-9.868820057291408,-9.941379577287163,-0.005201029535835584,-9.958594125462051,-9.989800302677065,-0.0007649139832358019,-9.989600172748872,-9.99724931258123,-6.517181922896422e-06,-9.999766862640575,-9.999920016415762
0,F7-T3,-0.0015907758133565614,-9.990454278664517,-9.99403352424457,-0.01364048772781786,-9.874020668716957,-9.955863595083864,-0.0006549328171487183,-9.989266272578954,-9.995815600750442,-1.4036830129589039e-05,-9.999540440917661,-9.999870306425706
0,T3-T5,-0.008307812920981324,-9.947259903988737,-9.965952483060946,-0.0004441229610251278,-9.993820802801794,-9.996485540567946,-0.0003743100500798394,-9.995302103850236,-9.999045204351034,-7.578569289870396e-06,-9.999741530988445,-9.999919627366756
0,T5-O1,-0.023106869125562125,-9.913004545457072,-9.964995000989587,-0.0002346040844837646,-9.994264818483394,-9.995672442990298,-5.110901246961709e-05,-9.998856055842795,-9.999367145967492,-5.792279660482342e-06,-9.999787919260562,-9.999924037832583
0,Fz-Cz,0.026602102873075285,-9.731120464915195,-9.671265733450776,-0.011556626671422085,-9.610125621666548,-9.67946538169508,-0.040398693433982606,-9.415626053749437,-9.819612988089263,-0.003338598673419589,-9.899530396680172,-9.977987465505532
0,Cz-Pz,0.05123119093546899,-9.767315431460592,-9.652045251855787,-0.006822015651935098,-9.709462834745597,-9.750394928657208,-0.033628323384921735,-9.49453657842791,-9.830819812277127,-0.003418982440019509,-9.897249268971322,-9.977595356311781
0,Fp2-F4,-0.059754036456199436,-9.557522035206821,-9.69196861723327,-0.015712526898115257,-9.83293513164141,-9.927210293030102,-0.0004324753937802099,-9.990215605621277,-9.994540359559078,-0.00012167868859495925,-9.996394912813185,-9.999254361995167
0,F4-C4,-0.007428980251258629,-9.958697442337254,-9.975412647902585,0.0008295468331531937,-9.969479942968643,-9.964502661969725,-0.0025700398864921116,-9.968304675978718,-9.994005074843638,-6.465168531927092e-05,-9.998052230081331,-9.999571544686335
0,C4-P4,-0.0960817388999584,-9.65625999987025,-9.872443912395156,-0.006424133809343681,-9.942434771746216,-9.980979574602278,-7.819764832300521e-05,-9.997479638257094,-9.998261614740324,-1.9053521567434135e-05,-9.999450807016688,-9.999898564773522
0,P4-O2,-0.0606389299625682,-9.77603055278969,-9.912468145205468,-0.010098924160356,-9.908241127062983,-9.96883467202512,0.00029875645048579023,-9.999388610651296,-9.996401046146438,-1.2154852448676796e-05,-9.999635609643041,-9.999921248675586
0,Fp1-F3,-0.034000867029079986,-9.869789656993593,-9.946291607809023,-0.005637404615173473,-9.948804872334765,-9.982629300025806,-0.000897845051978946,-9.981672635743266,-9.990651086263055,-1.9414537976026812e-05,-9.999406678907333,-9.99986292054977
0,F3-C3,-0.08730693110692049,-9.601711022398227,-9.798151617388799,-0.02894384182561825,-9.770163836886,-9.94382688783971,-0.0051659159939044805,-9.939717027744054,-9.991376187683098,-4.125109803763775e-05,-9.998744069231966,-9.99971347003585
0,C3-P3,-0.06499809618773998,-9.763056056136113,-9.909301772558528,0.003659841484438064,-10.012596379402506,-9.990637330495877,-0.0010732918608626866,-9.983847211552394,-9.99458013016102,-3.301386715481593e-05,-9.998959844005366,-9.999735669883504
0,P3-O1,-0.046094477456424095,-9.833173880186191,-9.936886454463146,-0.00146711285396793,-9.988945671307645,-9.997748348431452,2.1740897051039414e-06,-9.999900448229395,-9.999878707332345,-3.5135066962249186e-06,-9.999882360102658,-9.99996492751002
0,Fp2-F8,-0.10564367168639074,-9.380076819604238,-9.617775080898618,-0.03736626559042247,-9.682557631566716,-9.90675522510925,0.0003996198134689032,-9.986924553458655,-9.982928355323965,-0.00030643517611546144,-9.991033316388814,-9.998234543027527
0,F8-T4,-0.09291246152880694,-9.469430951504362,-9.678483989944178,0.0026409869694616786,-9.96067089101764,-9.944824969200871,-0.01145012180509244,-9.851144828573808,-9.965646046624732,-0.0005190500126542652,-9.984885011239108,-9.997082686536483
0,T4-T6,-0.0863100405062319,-9.632612668618549,-9.82681025975757,0.0006382740025046113,-9.955823517049764,-9.951993873034736,-0.007357334794330976,-9.909967514848878,-9.983540862792188,-0.00010690245249194122,-9.996827073597547,-9.999339281231109
0,T6-O2,-0.09711418850882135,-9.60566476329359,-9.824171687438437,-0.005620444010376948,-9.955688618953642,-9.989411283015905,-0.0018060795019431259,-9.974915021288805,-9.992975816308237,-3.3027490560122e-05,-9.999038407435744,-9.999814553463906
0,Fp1-F7,-0.13859551638815276,-9.513304615811542,-9.825144527684886,2.8997731843457244e-06,-9.987653291874674,-9.987635893235568,-0.0004799616931962659,-9.993582902909514,-9.998382519841478,-1.1044724876491966e-05,-9.999654638540642,-9.99991418957524
0,F7-T3,-0.01233630613901092,-9.947965653324783,-9.975722342137557,-0.000821597725423344,-9.992724708715162,-9.997654295067703,9.683736356035639e-05,-10.000097975051267,-9.999129601415664,-4.025044885695997e-06,-9.999846623221961,-9.999941211776775
0,T3-T5,-0.3378905309524292,-8.693744551544244,-9.45399824618721,0.0014014600187155048,-10.002734057190967,-9.994325297078674,-0.0010274253084286244,-9.986820121796377,-9.997094374880664,-8.85567735521665e-06,-9.999701767084751,-9.999909875502599
0,T5-O1,-0.21262517743569032,-9.23478009190388,-9.713186741134184,-0.0008231857004562046,-9.992395116950986,-9.997334231153722,-0.000993837903944411,-9.98747678182528,-9.997415160864723,-5.729420896653802e-06,-9.999810346981269,-9.99994498837234
0,Fz-Cz,-0.11388384611631958,-9.560297921927106,-9.816536575688824,-0.002563893482704227,-9.976977492316264,-9.992360853212489,0.0003403016326497964,-9.995990798324012,-9.992587781997514,-0.00036762287684016245,-9.98940684442816,-9.998045982033904
0,Cz-Pz,-0.056054836773549326,-9.785110707299054,-9.91123409003954,0.0008136176759832523,-9.999190776910206,-9.994309070854307,0.0031086991763019317,-10.022909221757416,-9.991822229994398,-0.00033014133226446664,-9.990443684986568,-9.998202006294783
0,Fp2-F4,-0.03996200810644852,-9.750271293137292,-9.8401858113768,-0.028207502187157816,-9.775957451046121,-9.945202464169068,-0.0007453219438663079,-9.98252893618167,-9.989982155620332,-3.574477979644783e-05,-9.998890376166747,-9.999730378491963
0,F4-C4,-0.05047295977577279,-9.800813381422198,-9.914377540917688,0.0007955945989842347,-9.993316386414062,-9.988542818820155,-0.0013192404149582181,-9.983010444237939,-9.99620284838752,-4.836610141947039e-05,-9.998521451133938,-9.999658054517296
0,C4-P4,-0.04072085371910714,-9.8577751252559,-9.949397046123892,4.05450867052262e-05,-9.99641365599781,-9.996170385477578,2.4082743886522308e-05,-10.00006506270418,-9.999824235265315,-6.011528771601045e-06,-9.999816761546974,-9.999958032473106
0,P4-O2,-0.00043025035096433,-9.992855998574846,-9.993824061864515,-0.00010948733268732737,-9.999154579150465,-9.999811503146589,7.854131575557519e-06,-9.999938834999812,-9.999860293684057,-2.0897780512575175e-06,-9.99992301918545,-9.999972128969654
0,Fp1-F3,-0.1182277939580709,-9.567584725975584,-9.833597262381243,-0.041891460528996574,-9.668073759689099,-9.919422522863078,0.002469606305750162,-10.018226275389269,-9.993530212331768,-0.0001111852570167301,-9.996712657531488,-9.999325511071381
0,F3-C3,-0.14253248532183432,-9.454641296526964,-9.775339388501092,-0.02973121165076885,-9.763049824288005,-9.941437094192619,0.0020194427175644516,-10.014879902893988,-9.994685475718343,-7.61549250128443e-05,-9.997750264289806,-9.999539905027607
0,C3-P3,-0.047102782389169116,-9.82684436321856,-9.93282562359419,-0.00675796660436926,-9.946598206112458,-9.987146005738675,-0.001272205629380567,-9.983865021640124,-9.99658707793393,-1.6167900983244415e-05,-9.999503471996492,-9.999883417669599
0,P3-O1,-0.019267194313682616,-9.921736198155264,-9.96508738536105,0.0002201812516666469,-10.000927766255975,-9.999606678745975,-1.2290902173135317e-05,-9.999622060393087,-9.999744969414818,-3.6169556786387575e-06,-9.999873054410825,-9.999958052869273
0,Fp2-F8,-0.1202509057137652,-9.50390519780822,-9.77446973566419,0.003833575054020338,-9.980879827564763,-9.957878377240641,-0.001368498965318271,-9.979436158072026,-9.993121147725208,-0.00010428791197071669,-9.996940480128753,-9.999391246060066
0,F8-T4,-0.014627312000308392,-9.906661788654446,-9.93957324065514,-0.011475248776982121,-9.833997430802272,-9.902848923464164,-0.0009067794153293109,-9.98199350523845,-9.991061299391742,-0.00017160772448983954,-9.994940512476258,-9.99897329400177
0,T4-T6,-0.012471661964554478,-9.941472802012873,-9.969534041433121,-0.0013284701170039259,-9.986031181737255,-9.994002002439279,1.7203953257205286e-05,-10.000022800197414,-9.999850760664842,-9.155574562778499e-06,-9.999727334050991,-9.999942490053217
0,T6-O2,-0.009266267859696694,-9.9673843650963,-9.988233467780619,-4.5857348271945013e-05,-9.999476852307723,-9.999751996397354,-1.9470450117486027e-05,-9.999713504418422,-9.999908208919596,-1.8696883383365894e-06,-9.99992961347252,-9.999973551148472
0,Fp1-F7,-0.08826889257709569,-9.639606076890567,-9.838211085189032,-0.02194710925998443,-9.790130242936684,-9.92181289849659,0.007307732784300023,-10.056068746723916,-9.982991418880916,-0.00013370747892572734,-9.996044552112695,-9.99918667786745
0,F7-T3,-0.06080174444698374,-9.744509818158814,-9.881313743164528,-0.033012238431980916,-9.71691946536482,-9.914992895956704,0.0038640060120202348,-10.02373181097629,-9.985091750856087,-8.011506284279903e-05,-9.997489774177177,-9.999372478153983
0,T3-T5,-0.03175841808604007,-9.862628918337247,-9.934085359030837,-0.0002819787036363022,-9.992148098712567,-9.993839970934385,0.0006032706593339284,-10.00426815751613,-9.99823545092279,-1.628394724242291e-05,-9.999484205635996,-9.999866878396192
0,T5-O1,-0.054899868168246976,-9.765434557402468,-9.888959260781023,-0.0025943474545780496,-9.979794300132115,-9.995360384859582,-2.4423823000495895e-05,-9.999452696262114,-9.99969693449212,-1.09364232406704e-05,-9.999663615601278,-9.999920621547433
0,Fz-Cz,0.00044710991530246273,-9.982166223031546,-9.981160225722116,-0.0029548497811328245,-9.969761396666035,-9.987490495352832,-0.00032501360673263,-9.995806444265416,-9.999056580332741,-2.8578944002516534e-05,-9.999154658214199,-9.999826263398258
0,Cz-Pz,-0.0010905654200014884,-9.992391650256653,-9.994845422451657,3.241542295247757e-05,-9.997398353753479,-9.997203861215764,4.80205922976122e-05,-10.000308144431111,-9.999827938508135,-2.9801611871522787e-05,-9.999053885372096,-9.999754223251076
0,Fp2-F4,-0.11248129564024716,-9.419443193729126,-9.672526108919682,-0.0033411973925040225,-9.966113169311473,-9.986160353666497,-0.0004148451125511076,-9.994596479296172,-9.998744930421683,-2.156837130954941e-05,-9.999314237555433,-9.999821094281208
0,F4-C4,-0.04982466573595189,-9.805890320898053,-9.917995818803945,-0.0006236656965540238,-9.994528565765096,-9.99827055994442,1.053334296553192e-05,-9.99958564451078,-9.999480311081125,-7.015812692189246e-06,-9.999771096642952,-9.99993596824122
0,C4-P4,-0.006285570815875669,-9.975494537650603,-9.989637071986323,-8.808515678928995e-05,-9.999233253002307,-9.999761763943043,-6.8986514953105964e-06,-9.99982780651117,-9.999896793026124,-8.198841222508109e-07,-9.99997209968383,-9.999991366960703
0,P4-O2,-0.010356118085096002,-9.940840684159653,-9.964141949851118,-0.00046288084818591163,-9.995828479294781,-9.998605764383896,-4.054407776916038e-05,-9.999423958444492,-9.999829399222184,-4.451823477476034e-06,-9.999844820105592,-9.999949437957312
0,Fp1-F3,-0.02019512240122872,-9.884672999197473,-9.930112024600238,-0.0005425925605499976,-9.993971126985965,-9.997226682349265,-2.327082071525061e-05,-9.99965477589415,-9.999887484101302,-5.855576029684593e-06,-9.999806559125622,-9.999944165162319
0,F3-C3,2.9464085833672477e-05,-9.98977958924204,-9.989713295048915,-0.0013967581103833681,-9.988604226026467,-9.996984774688768,-0.00013510683077040802,-9.998359252696249,-9.999710321003953,-3.2420851799172833e-06,-9.999895066695503,-9.99997125569723
0,C3-P3,-0.0011892684588880858,-9.99197959782935,-9.994655451861847,-0.0002993104962051852,-9.996343995322968,-9.998139858300199,7.141776760982629e-05,-10.0005599611601,-9.999845783484002,-6.7835681485876145e-06,-9.999781878440126,-9.999941292291618
0,P3-O1,-0.0031426860882150178,-9.985692319862101,-9.992763363560586,-4.6936676919483296e-05,-9.999008630147962,-9.999290250209478,-0.00010437875572753571,-9.99839625814929,-9.999440045706566,-5.1590900359877995e-06,-9.99982851099351,-9.999949749609355
0,Fp2-F8,-0.1213185641884381,-9.455762787164666,-9.728729556588652,0.00323673191963549,-10.004698811549796,-9.985278420031984,0.0012171516662652568,-10.007025300055112,-9.99485378339246,-0.00011313276320033926,-9.996582460568243,-9.99924108050345
0,F8-T4,-0.08191663947831254,-9.694772163380872,-9.879084602207076,2.9770821570702015e-05,-9.997631554990345,-9.997452930060922,-0.000405389526093563,-9.991688747506112,-9.995742642767048,-4.6140148356794455e-05,-9.998595593270851,-9.999679886757235
0,T4-T6,-0.0046866409306900204,-9.978109689397376,-9.988654631491428,-9.34335940326222e-05,-9.998503536694255,-9.99906413825845,-2.3278617013865724e-05,-9.999342405898043,-9.999575192068182,-1.3918854416046394e-05,-9.999582104866649,-9.999909197945426
0,T6-O2,-0.019094088387343458,-9.918438181243062,-9.961399880114584,-0.001395838691194057,-9.987811696691457,-9.996186728838621,-5.621157938789066e-05,-9.999214917503009,-9.999777033296889,-1.7710681361977993e-05,-9.999475006244186,-9.999891207256193
0,Fp1-F7,-0.024552456550757582,-9.854545606915107,-9.90978863415431,0.000506053664365822,-10.000102868725941,-9.997066546739745,-8.544277095526118e-05,-9.998878283465341,-9.999732711174895,-1.0204394689283302e-05,-9.999691443661662,-9.99993124693686
0,F7-T3,-0.009090849820576983,-9.955380756550234,-9.975835168646531,-0.0015268752332387998,-9.988604171815005,-9.997765423214439,-2.2606953805396963e-06,-9.99958752344551,-9.999610130399315,-2.5265527158269987e-06,-9.999918536533999,-9.999977910522821
0,T3-T5,-0.01729922784347905,-9.938162034930189,-9.977085297578016,-0.0001576661135514512,-9.99800708929063,-9.998953085971937,8.018329710853167e-05,-10.00056639276713,-9.999764559796045,-1.92986687955408e-05,-9.999405810586218,-9.999859329302913
0,T5-O1,-0.019782810832455387,-9.923583454171194,-9.968094778544218,0.0005278960531853776,-10.001531958670087,-9.998364582350975,1.3102684448390398e-05,-9.999297103483004,-9.99916607663852,-6.904332264677069e-06,-9.999776775192133,-9.999939027000353
0,Fz-Cz,-0.024710327577914762,-9.891207497558499,-9.946805734608807,-0.0004294814789130495,-9.9931808305948,-9.99575771946828,-8.667833107796359e-05,-9.998829240207272,-9.999696023518052,-3.2186251745272247e-06,-9.999892705925422,-9.999968343617024
0,Cz-Pz,-0.0023399058858748125,-9.978079985771426,-9.983344774014645,-4.015596819489684e-05,-9.99882341346499,-9.999064349274159,-3.360561024315276e-05,-9.99937748268288,-9.999713538785311,-5.036689436038533e-06,-9.999828528431545,-9.999946890633291
0,Fp2-F4,9.636143008042085e-06,-9.999027492839929,-9.999005811518161,1.774931155474733e-05,-10.000007884608898,-9.99990138873957,3.0470871881192547e-06,-10.000016708700498,-9.999986237828617,-2.7562375656467e-07,-9.99998236382828,-9.99998884098656
0,F4-C4,-0.00012091234136600497,-9.998045243929774,-9.998317296697847,1.584330006470629e-05,-9.999834009875087,-9.999738950074699,2.3940660804909023e-05,-10.0001506097591,-9.99991120315105,-1.3599743486834887e-06,-9.999955199598187,-9.999987158995381
0,C4-P4,-0.0002463005019672666,-9.998794673714201,-9.999348849843628,-1.8705248516183043e-05,-9.999834144990311,-9.99994637648141,-1.5240674479299219e-07,-9.99998926972132,-9.999990793788768,-4.766368788226843e-07,-9.999979435698158,-9.99999063666481
0,P4-O2,-0.0019877138435864415,-9.985468919833933,-9.989941275982002,0.00043506262332640476,-10.001344324778898,-9.99873394903894,0.0001645797056841385,-10.001308599299545,-9.999662802242703,-5.986204250666661e-06,-9.99981027162861,-9.9999509474285
0,Fp1-F3,-0.003548067906496386,-9.983911999206935,-9.991895151996552,0.000399567080493993,-10.000118823298049,-9.997721420815084,-0.0001290163322104473,-9.998019700515847,-9.999309863837953,-1.0112852499777574e-05,-9.999667846877928,-9.999905498911673
0,F3-C3,-0.019607213363117316,-9.909501002898805,-9.953617232965819,-0.00037949405929112753,-9.996410764870294,-9.998687729226042,4.924301905517077e-05,-9.999895259325694,-9.999402829135143,-8.596961311765976e-06,-9.999737864678043,-9.99993989326887
0,C3-P3,-0.006162988580961782,-9.96476640156534,-9.978633125872504,-0.00028134375923419757,-9.99266278240329,-9.994350844958696,-3.3945476138806564e-06,-9.998487361020096,-9.998521306496235,-7.668625783612319e-06,-9.999762448648989,-9.999942661354904
0,P3-O1,-0.01832766112863563,-9.931430353013885,-9.972667590553316,0.0002486051473695199,-10.000803346330688,-9.99931171544647,-7.190374376078929e-06,-9.9998047455434,-9.999876649287161,-2.3148281610714373e-06,-9.999912887396892,-9.999967285858677
0,Fp2-F8,0.00051275815268621,-10.000062145460134,-9.99890843961659,-8.653119305373881e-05,-9.999004305164064,-9.999523492322387,6.051648849915065e-05,-10.00041109163458,-9.99980592674959,-3.457867050736401e-06,-9.999875247314261,-9.999956507189953
0,F8-T4,-0.0007056386410621212,-9.996674992142536,-9.998262679084926,-6.109748587270015e-05,-9.999501186313257,-9.999867771228493,-2.919410099621911e-05,-9.999633058123237,-9.9999249991332,-1.811908214656928e-07,-9.999959714846556,-9.99996397283086
0,T4-T6,-0.0003026931297142638,-9.997607004683147,-9.998288064225004,6.615104197816007e-05,-10.000019390144738,-9.99962248389287,0.00012091827108798413,-10.00086276802253,-9.99965358531165,-1.0380369064988569e-05,-9.999682686093927,-9.999926624766953
0,T6-O2,-0.0005381468669934021,-9.995023700051862,-9.996234530502596,-4.7701330803236945e-05,-9.998603736454319,-9.998889944439139,0.00012323314748648195,-10.000947183452634,-9.99971485197777,-7.283769292150122e-06,-9.999751093211872,-9.999922261790237
0,Fp1-F7,-0.001151149640780131,-9.995150805834424,-9.99774089252618,-0.00021409192094062237,-9.998262716551805,-9.999547268077448,9.591532458275044e-07,-9.99985945489427,-9.999849863361812,-2.646124472555773e-06,-9.999891395030433,-9.999953578955537
0,F7-T3,-0.0024817201119824235,-9.9849436168493,-9.99052748710126,-0.00015127513498084224,-9.998637833739544,-9.99954548454943,-0.00010366385466318906,-9.99873225462054,-9.999768893167172,-5.227474374896271e-06,-9.999827749461783,-9.999950595109594
0,T3-T5,-0.0006465597460164006,-9.993103526838059,-9.994558286266596,-0.000650089379137705,-9.993731973982188,-9.997632510257015,4.464039587802639e-05,-10.000329945547561,-9.999883541588781,-1.8253631491280356e-06,-9.999913881107776,-9.999956777141781
0,T5-O1,-0.014059329402047282,-9.947055594744244,-9.97868908589885,-3.518193888995713e-05,-9.99919728073645,-9.999408372369789,-7.186196122936362e-05,-9.999002017286145,-9.999720636898438,-3.4946384466338406e-06,-9.999860849789187,-9.999942973792683
0,Fz-Cz,0.0008222496099048511,-9.999681149884523,-9.997831088262238,-6.724026087196582e-07,-9.999524973857339,-9.999529008272992,-5.096574718195541e-06,-9.999868769083852,-9.999919734831034,-1.0869261651036526e-06,-9.99996083092122,-9.999986373686099
0,Cz-Pz,-0.001543221695747587,-9.994215161790262,-9.997687410605694,0.00046308751075103147,-10.001266664172206,-9.9984881391077,-7.669611650518809e-05,-9.999033979204833,-9.999800940369886,-4.659556712986565e-06,-9.999835131760133,-9.999944631342888
0,Fp2-F4,-0.0002566656738014966,-9.999079082483156,-9.99965658024921,3.168783069846301e-05,-10.00012601926007,-9.99993589227588,2.0544267971150896e-05,-10.000149734551307,-9.999944291871596,-4.525769780788604e-07,-9.999977521358847,-9.999988156917832
0,F4-C4,-0.0012364951835375172,-9.99405991584977,-9.99684203001273,-3.523147370219087e-05,-9.999651474507784,-9.999862863349998,-1.187977346070039e-06,-9.999949979326848,-9.999961859100308,-2.2454337635282245e-06,-9.99993030705537,-9.999983074748814
0,C4-P4,-9.953806088754143e-06,-9.999918602853544,-9.999940998917245,-2.7693013392069528e-05,-9.999721841071475,-9.999887999151827,5.776425212473098e-06,-10.000020135758598,-9.999962371506474,-1.9354513588666974e-07,-9.999983776222415,-9.999988324533108
0,P4-O2,-0.0012389442491423158,-9.993193900737262,-9.995981525297832,0.00021045100295891906,-10.000855082092507,-9.999592376074753,3.859663187458368e-05,-10.000255159454104,-9.999869193135359,-4.027702848869615e-06,-9.999858583810186,-9.999953234827133
0,Fp1-F3,-6.432318360332882e-05,-9.99823835829419,-9.998383085457297,-0.0011069895793809732,-9.989599839288434,-9.99624177676472,-6.82846810333444e-05,-9.999194986441596,-9.99987783325193,-3.021129699777329e-06,-9.999872264297341,-9.999943260845287
0,F3-C3,-0.017774949508930073,-9.932929859564748,-9.97292349595984,-0.0015721834803766532,-9.984093248716734,-9.993526349598994,-0.00014747242861817023,-9.997316472761177,-9.998791197047359,-3.0360052556118106e-05,-9.999103198503839,-9.999816659738908
0,C3-P3,-0.0015111139284619628,-9.993152200801902,-9.99655220714094,-0.00031624036547376607,-9.989095450626824,-9.990992892819666,-0.0003897090294583178,-9.99529120929342,-9.999188299588003,-2.853226366514585e-06,-9.999888450602576,-9.999955501422189
0,P3-O1,-0.003013125577591711,-9.987610075373443,-9.994389607923024,-0.0002403938931679949,-9.998155016531618,-9.999597379890625,-6.099911867914302e-06,-9.99990569750662,-9.999966696625298,-1.2939101872148855e-06,-9.999946827003836,-9.999977233893235
0,Fp2-F8,-7.053760265711233e-05,-9.999493041508094,-9.999651751114072,-5.7195412829075175e-05,-9.999501917312903,-9.999845089789877,7.081210357232647e-05,-10.000527555598232,-9.999819434562509,-1.870446606128252e-06,-9.999929010176585,-9.999972965671828
0,F8-T4,-0.0007027531387736683,-9.9971302180833,-9.99871141264554,1.9321804780976845e-05,-10.00002833706172,-9.999912406233033,5.499152192376402e-05,-10.000401645517892,-9.999851730298653,-1.1682290052396163e-06,-9.999954147104408,-9.99998160048603
0,T4-T6,-0.00045803880298877304,-9.998136355013063,-9.999166942319787,1.3066896817693414e-05,-9.999944021131705,-9.9998656197508,4.6018665264346025e-05,-10.000285139037217,-9.999824952384573,-4.270521897612094e-06,-9.999850477696688,-9.999950834961282
0,T6-O2,-0.000539702390863917,-9.99611187984787,-9.997326210227314,5.391778534779903e-05,-10.00009771456521,-9.999774207853124,3.704310472947278e-05,-10.000209045149766,-9.999838614102472,-7.762883818139478e-06,-9.99974649411761,-9.999928921887337
0,Fp1-F7,-0.0003836739062002229,-9.998443389020785,-9.999306655309736,-0.00014601693394642202,-9.998426000902272,-9.99930210250595,9.943662927152676e-06,-10.00004026533435,-9.999940828705078,-1.346589856624055e-06,-9.999928480483955,-9.999960125345586
0,F7-T3,-0.000635492719202909,-9.994168168206837,-9.995598026825043,-0.0006854159570574717,-9.993103645297673,-9.997216141040017,-0.00011718101066791759,-9.998319911652073,-9.999491721758753,-8.747992905609253e-06,-9.999736029140465,-9.999941606973746
0,T3-T5,-0.0009547150241133933,-9.995739913278715,-9.99788802208297,-0.0007565633114669849,-9.992788230220286,-9.997327610089089,-2.632534019234134e-05,-9.999660224988578,-9.999923478390501,-1.691418996222989e-06,-9.999932522064224,-9.999972270410636
0,T5-O1,-0.0014989364492101192,-9.99353103512783,-9.996903642138554,-0.00011793761315639829,-9.998957978260757,-9.999665603939695,6.6660444513843935e-06,-10.000043949967843,-9.99997728952333,-1.433807080999736e-06,-9.99993469227744,-9.999968386743843
0,Fz-Cz,-0.004026580963873919,-9.983893108857751,-9.992952916026468,-0.00023966168891271313,-9.998094794055207,-9.999532764188684,1.5984945654053028e-05,-10.000015122499308,-9.999855273042767,-1.6066833183351109e-06,-9.99994323354382,-9.999980990601802
0,Cz-Pz,-0.0024468995405535167,-9.988626867073215,-9.99413239103946,-0.0005107660057685545,-9.995459253111745,-9.998523849146357,-3.780128732560224e-05,-9.999398733187656,-9.999776746060911,-7.744633786606143e-06,-9.99976116784945,-9.999943166743435
0,Fp2-F4,-0.0004525344382446759,-9.998070314835145,-9.999088517321196,2.4031886710536593e-06,-9.999969229297283,-9.999954810165256,-1.2499085829510891e-06,-9.9999754218105,-9.99998792089633,-1.0225357090129466e-07,-9.999989376747449,-9.999991779706365
0,F4-C4,-3.5803560646856634e-05,-9.999726408253792,-9.999806966265249,-2.8239253192708995e-05,-9.99978517257682,-9.999954608095976,6.203403406049056e-06,-10.000049018999214,-9.999986984965153,-1.45463297658704e-07,-9.999991737763873,-9.999995156151368
0,C4-P4,-4.955814642566748e-06,-9.999920035390785,-9.99993118597373,-1.581058284569667e-05,-9.999876474305918,-9.999971337802991,-5.012818298773052e-06,-9.999934937539784,-9.999985065722772,-1.4533980526200384e-07,-9.999993164409865,-9.999996579895289
0,P4-O2,-0.0011028019952610886,-9.995498461558103,-9.997979766047441,-6.57434130030547e-05,-9.999478235920863,-9.999872696398882,9.308293310978754e-06,-9.999996260340646,-9.999903177407537,-1.3958489897841545e-06,-9.999946184046449,-9.999978986497709
0,Fp1-F3,-0.001830591213413753,-9.992279594860143,-9.996398425090325,-5.953284757144034e-06,-9.999849710677628,-9.99988543038617,-3.3527937091377312e-06,-9.999950884420448,-9.99998441235754,-1.8687299069879784e-06,-9.999927077839983,-9.999970992992797
0,F3-C3,-0.006290159770350916,-9.977733158580506,-9.991886018063795,-0.00047149171381840964,-9.996204259542735,-9.999033209825646,1.0637321684980218e-05,-10.000036709695003,-9.999930336478153,-2.4406545525366844e-06,-9.99991863166036,-9.999975987042346
0,C3-P3,-0.008471211255287105,-9.969357167465597,-9.988417392789993,-0.0001339421018683428,-9.998940266573328,-9.999743919184539,-1.174296639379847e-05,-9.999838879119881,-9.999956308783819,4.921291966142225e-07,-9.999994983339937,-9.999983418303817
0,P3-O1,-0.002102651613663724,-9.992194012894926,-9.99692497902567,-1.5663403566989226e-05,-9.999868486671822,-9.999962467093225,7.349909583707532e-06,-10.000052255120298,-9.999978756024461,2.514174300618822e-08,-9.99998726693951,-9.999986676108549
0,Fp2-F8,-0.00040841101157793074,-9.998300238734894,-9.999219163510944,8.866555810151014e-06,-9.999969159700612,-9.999915960365751,1.559046517437706e-06,-10.000002555255962,-9.999986964790788,-5.792088045683135e-07,-9.999968417563515,-9.999982028970422
0,F8-T4,2.882787239813328e-05,-9.999838559298103,-9.999773696585208,-7.129139183092296e-06,-9.99990771436249,-9.999950489197587,8.780883774150743e-07,-9.99995936521256,-9.999950584328785,-1.6102949142737854e-06,-9.999927703958063,-9.999965545888548
0,T4-T6,-0.000530558045082345,-9.997740511881002,-9.998934267482436,-5.6604927653768914e-05,-9.999522471439946,-9.999862101005869,1.493515928605034e-05,-10.000107711855591,-9.999958360262731,-2.311964669390448e-06,-9.999918339736544,-9.999972670906274
0,T6-O2,-0.0002192867379492605,-9.998564713339114,-9.9990581084995,-2.4287541654934074e-05,-9.999789492650267,-9.999935217900196,1.8749762576798653e-05,-10.000118452848309,-9.99993095522254,-2.7043041995665314e-06,-9.999903355197134,-9.999966906345824
0,Fp1-F7,-0.0016805474932745266,-9.993306588539587,-9.997087820399456,2.452392503048744e-05,-10.000072683192982,-9.999925539642799,1.2849674184661186e-06,-9.999992202754184,-9.999979353079999,-8.384607621640572e-07,-9.999964969677942,-9.999984673505853
0,F7-T3,-0.0011730502863327177,-9.995419926337155,-9.998059289481404,-0.0001654881111361949,-9.998605580084604,-9.99959850875142,1.6488053443866556e-05,-10.00012610182533,-9.999961221290892,-1.355474378920883e-06,-9.999954770369015,-9.99998662401692
0,T3-T5,-0.0038792879315288995,-9.985339111579181,-9.994067509425122,4.562130277697017e-06,-10.000004831672605,-9.999977458890939,3.5795664548901207e-06,-10.00002574507737,-9.999989949412821,-7.881262480812429e-07,-9.999955512536646,-9.999974033503475
0,T5-O1,-0.001226755738998447,-9.99543488018315,-9.998195080595897,1.7652328513369465e-05,-10.00006640059777,-9.99996048662669,-5.259374602809268e-06,-9.999937506344496,-9.999990100090525,1.6645603428660488e-07,-9.999984657635778,-9.999980745918972
0,Fz-Cz,-0.0018580809025960517,-9.992821079199315,-9.997001761230155,-7.516964358456258e-05,-9.99938497268428,-9.999835990545789,-1.1936768964004783e-05,-9.999842041205339,-9.999961408894979,-2.800405957325894e-07,-9.999981828741786,-9.999988409695787
0,Cz-Pz,-0.00025430510994785065,-9.997403585872993,-9.997975772370376,-2.6974218475447948e-05,-9.999756958648208,-9.99991880395906,-9.632603071556806e-06,-9.999873189388655,-9.999969515419371,-5.364584636749803e-07,-9.99995330524032,-9.999965912014217
0,Fp2-F4,-7.463653142621649e-05,-9.99968072653541,-9.999848658731118,2.742048504755696e-06,-9.99991391283206,-9.999897460541032,-2.286572280084831e-06,-9.999966756033773,-9.999989621756574,1.4833921901747663e-07,-9.999993905118188,-9.999990419146542
0,F4-C4,-0.0002165145366723656,-9.99924038538449,-9.999727543092002,9.029487291037994e-08,-9.999985528623148,-9.99998498685391,-7.341061755564231e-07,-9.999984873724536,-9.99999221478629,-6.717929331193343e-07,-9.999974732557543,-9.999990519691472
0,C4-P4,-0.0004926239709857505,-9.998141438721783,-9.9992498426565,-4.4360785967930227e-07,-9.999995153251422,-9.999997814898581,-5.919061938382305e-07,-9.999985477860328,-9.999991396922267,4.726279893581054e-08,-9.999996322787375,-9.9999952121116
0,P4-O2,-0.00014152009034460006,-9.998060140541925,-9.9983785607452,-1.2420008163269776e-05,-9.999901386879214,-9.999975906928194,8.261181150196356e-06,-10.000012505287328,-9.999929893475827,-4.909429278295144e-07,-9.999968029662908,-9.999979566821711
0,Fp1-F3,-0.0005053141764906894,-9.998137028491847,-9.999273985388951,-6.1229885173904706e-06,-9.999876861929168,-9.999913599860273,3.3926723607613795e-06,-10.000020405796276,-9.999986479072668,-1.530990532575834e-06,-9.999929431961547,-9.999965410239064
0,F3-C3,-0.002515525347829823,-9.990715638720072,-9.99637557075269,-4.0402823509078086e-05,-9.999639703783986,-9.99988212072504,-1.2302352370343165e-05,-9.999767157524305,-9.99989018104801,-3.372069376642905e-07,-9.999982133771839,-9.999990058134875
0,C3-P3,-0.001439226816578648,-9.994697487160412,-9.997935747497714,-3.682751839418998e-05,-9.999698852283846,-9.999919817394211,1.382096590322165e-05,-10.000036474561398,-9.999898264902365,-8.457132933872777e-07,-9.9999586482393,-9.999978522501694
0,P3-O1,-0.0004955519693888264,-9.998229370254844,-9.999344362185969,-1.3006287996867482e-05,-9.999882115701908,-9.999960153429889,-3.179044317043417e-06,-9.999956380754943,-9.999988171198114,1.3196050345217247e-07,-9.999985908730128,-9.999982807658297
0,Fp2-F8,9.235452589703264e-05,-9.99958172065991,-9.999373922976641,-2.942536996724511e-05,-9.99968594556587,-9.999862497785674,2.681076182337762e-06,-10.000015507367014,-9.99998869660519,4.80180516181628e-07,-9.99999148439255,-9.99998020015042
0,F8-T4,-0.00022094811921540323,-9.998683329457597,-9.999180462725832,-1.6570573986545402e-05,-9.999817463130217,-9.999916886574136,1.7559689454333676e-06,-10.00000591615081,-9.999988356461357,-9.307238551712742e-07,-9.999951601239534,-9.999973473250131
0,T4-T6,-0.002868372152003159,-9.98894046956891,-9.995394306910917,-2.879404938990972e-06,-9.999959002222278,-9.999976278651912,1.3976316934570063e-06,-9.999990938636104,-9.99997696231917,-4.968918365599415e-07,-9.999969834120565,-9.999981511078724
0,T6-O2,-0.0010575815330655023,-9.996111798863462,-9.99849135731286,-8.210943813369319e-07,-9.999974960595019,-9.999979887161306,1.1471972059913832e-06,-9.999993771075523,-9.999982299103463,-2.9174782048654603e-07,-9.999970607065046,-9.999977463138828
0,Fp1-F7,-8.070333598084783e-05,-9.999504605525154,-9.999686188031111,6.540690647854052e-06,-9.999951889688164,-9.999912645544278,-4.670143418553741e-06,-9.999912187378932,-9.999958888813117,-1.9049844076563407e-06,-9.999917907182066,-9.999962674315647
0,F7-T3,-0.00012790580361139126,-9.999232335969912,-9.999520124028038,-5.163895365867611e-05,-9.999588453781278,-9.99989828750323,-4.179782661104489e-06,-9.999941955791149,-9.99998375361776,-4.963559973964079e-07,-9.999974683878587,-9.999986348244526
0,T3-T5,-0.0008843363509062877,-9.996817817524219,-9.998807574313759,-3.094497180034448e-07,-9.999992658018048,-9.999994514716356,-6.410060628353473e-06,-9.999924193080133,-9.999988293686418,5.170527413874069e-07,-9.999982053374167,-9.999969902634744
0,T5-O1,-5.592035775448327e-05,-9.99970637996534,-9.999832200770289,-6.570360971220085e-06,-9.99991594897519,-9.999955371141017,-3.464692545276478e-07,-9.99997148944744,-9.999974954139985,-2.154474455743244e-07,-9.999962050249442,-9.999967113264413
0,Fz-Cz,1.66104378292337e-05,-9.999841958849146,-9.99980458536403,-3.056258502507793e-05,-9.999768501107969,-9.99995187661812,2.5028411504613025e-07,-10.000000272912512,-9.999997770071362,-1.3373017468530887e-06,-9.999954485964015,-9.999985912555065
0,Cz-Pz,-3.914663478052923e-05,-9.998837136891805,-9.99892521682006,-0.0001012249805617347,-9.999176953109584,-9.999784302992955,1.1005567074042179e-05,-10.00001780354204,-9.9999077478713,-8.144254791279657e-08,-9.99996366382188,-9.999965577721756
0,Fp2-F4,-0.00014476217457524184,-9.999344842042063,-9.999670556934857,-5.830607969212531e-06,-9.999919972035244,-9.999954955683059,1.353464794676818e-06,-10.000007229800614,-9.999993695152668,-2.832366022586332e-08,-9.999984627044139,-9.999985292650154
0,F4-C4,-4.248034555406609e-05,-9.999701031968806,-9.999796612746303,-1.0581544669329301e-05,-9.999904401460263,-9.999967890728279,-4.522882076663833e-06,-9.999933658120117,-9.999978886940884,-1.437594203450432e-07,-9.999992652765922,-9.9999960311123
0,C4-P4,-0.00016796338696698515,-9.999373643626528,-9.999751561247203,-9.776441382914087e-06,-9.99992318184995,-9.999981840498247,2.3154845351920232e-06,-10.000013340611396,-9.999990185766045,-2.1772726933387703e-08,-9.999994508284821,-9.999995019943904
0,P4-O2,-0.0007932136378549956,-9.996943239604144,-9.998727970289318,-4.213608736352955e-06,-9.999943676341065,-9.999968957993483,2.386014527686503e-05,-10.000172938273042,-9.999934336820274,-3.0983937012983397e-07,-9.999973964150664,-9.999981245375862
0,Fp1-F3,-0.0007804542748819123,-9.99716292697176,-9.998918949090244,-0.00015188294611614752,-9.998856446388563,-9.99976774406526,-4.854190848261155e-06,-9.999939878497978,-9.99998842040646,-3.4862471484786273e-07,-9.999972014055304,-9.999980206736103
0,F3-C3,-0.0005404876947197837,-9.998064041209505,-9.999280138522623,-2.8635265650189495e-05,-9.999755243398104,-9.999927054992005,3.799794625064296e-05,-10.00026354906246,-9.999883569599954,-1.8639655742330265e-06,-9.999933530848118,-9.999977334039112
0,C3-P3,-0.00021073177713456856,-9.999067222986207,-9.99954136948476,-1.9612330087945185e-05,-9.999790196041298,-9.999907870021826,-1.1835952504351887e-05,-9.999825735938488,-9.999944095463531,-7.483684058348924e-07,-9.999969972356876,-9.999987559014412
0,P3-O1,-8.231982990496621e-05,-9.999663440880173,-9.99984866049746,-4.933964932433124e-05,-9.99963113543649,-9.999927173332436,-5.8107884303318684e-06,-9.999858093647248,-9.999916201531551,-2.598163953802395e-06,-9.999906644033661,-9.999967700886575
0,Fp2-F8,-0.00023908887360571374,-9.999015612898914,-9.999553562864527,-1.3076783515571567e-05,-9.999877790237978,-9.999956250939071,-1.1495011093011444e-06,-9.999974357590736,-9.999985852601828,-5.079804871586059e-07,-9.99996157902355,-9.999973516564998
0,F8-T4,-0.0001376051108659505,-9.99951896564335,-9.999828577142798,-1.1441520410979687e-05,-9.999892249233104,-9.999960898355571,1.7933605513611206e-06,-10.000004827967183,-9.999986894361669,-4.9073088429709886e-08,-9.99997570682303,-9.999976860040608
0,T4-T6,-0.0016006441919534486,-9.99359313993968,-9.997194589371576,1.223955924204005e-05,-10.000010787201498,-9.999937349846046,-2.06406001204661e-05,-9.999754998985424,-9.999961404986628,-9.311046819465566e-07,-9.999962847400047,-9.999984728360072
0,T6-O2,-0.0006650284241576154,-9.99684015424357,-9.998336468197925,6.47802301913916e-07,-9.99996924126096,-9.999965354447149,2.261342117411423e-05,-10.000170060626317,-9.999943926414575,-1.6671393600989774e-06,-9.99993922137682,-9.999978399151782
0,Fp1-F7,-0.00011709842940888412,-9.999401729342075,-9.999665200808245,-2.9341147433664346e-05,-9.999732139047543,-9.999908185932146,-2.0224728646865994e-07,-9.999975867983416,-9.99997789045628,-8.414515266534672e-07,-9.99995060690086,-9.999970381011737
0,F7-T3,-0.00031693380041998917,-9.998662772694187,-9.999375873745132,-3.895303996241752e-05,-9.999689126656998,-9.999922844896773,-2.874976763234276e-06,-9.999928975423014,-9.999957725190647,-9.1104226541366e-07,-9.999966156502596,-9.999987565995834
0,T3-T5,-0.0003076750560765293,-9.998379882014772,-9.999072150890944,-1.0103403247440945e-05,-9.9999202799119,-9.999980900331384,-4.6766248606886854e-06,-9.999909442144853,-9.99995620839346,-6.851291418758534e-07,-9.999948421966792,-9.999964522501626
0,T5-O1,-6.0329786794132285e-05,-9.9997393383198,-9.999875080340088,-8.54121971406288e-05,-9.9993573871512,-9.999869860334044,-8.41218999899915e-06,-9.999896886249225,-9.999981008149215,-3.3455118946197734e-07,-9.999963199471932,-9.999971061424883
0,Fz-Cz,-0.00010672665490302364,-9.999379253452812,-9.999619388426344,-2.854359499658107e-05,-9.99977305032678,-9.99994431189676,-1.3408869743499686e-05,-9.999838318048825,-9.99997240674626,-4.869406094419295e-07,-9.999977771778736,-9.999989214883058
0,Cz-Pz,-0.0011166527711938166,-9.995748346641928,-9.998260815377115,-0.00011545407813854931,-9.998952320822548,-9.999645045291379,1.2508816247034455e-05,-10.00001958450779,-9.99989449634532,-6.866635945513377e-07,-9.999953682022753,-9.999969818617224
0,Fp2-F4,-0.00029897218019875473,-9.99840578708852,-9.999078474493968,-0.0001348843543461151,-9.998914166782262,-9.999723472908338,1.1869819999004536e-05,-10.00009071291275,-9.999972014712759,-1.0581103453054475e-06,-9.999957635955267,-9.999982501548383
0,F4-C4,-0.0005172041745079294,-9.997969828922095,-9.999133538314737,-1.1047696332080693e-05,-9.999867047086349,-9.999933333264341,5.540564072855558e-06,-10.000030655081751,-9.999975249441023,-3.3975358333041186e-07,-9.999986022333498,-9.999994006542707
0,C4-P4,-0.00029453310790677654,-9.998981605261001,-9.999644304753792,8.465702449877265e-06,-10.00001271426483,-9.999961920050131,-1.1401558364890582e-05,-9.999867273514964,-9.999981289098612,-7.617704383016589e-08,-9.999992198974208,-9.999993989134738
0,P4-O2,-0.0009771351433207388,-9.99638063721782,-9.998579191290291,-3.6411507730160786e-05,-9.99970222494378,-9.99992069399016,-4.398779569325554e-06,-9.999927020432223,-9.999971008227917,-1.6604596558351943e-06,-9.999936097043951,-9.999975117845864
0,Fp1-F3,-0.0011507760199337522,-9.995393692398235,-9.997982938443085,-0.00012990896759306224,-9.998966407010288,-9.999745860815846,-5.873344275834012e-06,-9.999932007559837,-9.999990741002595,-4.6811002718033524e-07,-9.999958964771732,-9.999969965357371
0,F3-C3,-2.6026697320091973e-05,-9.999833729694176,-9.999892289763146,-6.852540602687464e-05,-9.999344937874858,-9.999756090311019,2.465593472665395e-05,-10.000180557301984,-9.999933997954718,-7.250867924639912e-07,-9.99997027883253,-9.999987318372153
0,C3-P3,-0.0014780924825853884,-9.994216088916446,-9.997541797002263,-0.00010395329074310624,-9.99914331996009,-9.99976703970455,3.794956666774069e-05,-10.000285033003486,-9.999905537336808,-1.8836038153314718e-06,-9.9999385428905,-9.99998280758016
0,P3-O1,-5.6051862324202444e-05,-9.999231806090195,-9.999357922780424,-4.702418626469064e-06,-9.999939507198908,-9.999967721710666,2.3960721740133415e-06,-10.000014799134775,-9.999990838413034,4.6700286175309995e-07,-9.999992024329105,-9.999981049761853
0,Fp2-F8,-0.0002693913690520598,-9.998722651568034,-9.999328782148401,-4.009493766506276e-05,-9.999626670126743,-9.999867239752733,5.850531114168052e-06,-9.99999890825834,-9.999940402947198,-1.1871124085385835e-06,-9.999952311266972,-9.999980208408573
0,F8-T4,-1.0654112345779637e-05,-9.99962540389596,-9.999649375648739,-2.8682584438515145e-05,-9.999708666751234,-9.999880762257865,-3.9008532396307667e-07,-9.999974886505962,-9.999978787359202,-9.952405752435986e-08,-9.999976302873929,-9.99997864168928
0,T4-T6,-4.224531053440285e-05,-9.999548534841942,-9.999643586790645,-5.027095987331431e-05,-9.999576807762068,-9.999878433521308,-2.2713888915026484e-05,-9.999710813103803,-9.999937951992953,-8.741237464880643e-07,-9.999961185564969,-9.999981727473012
0,T6-O2,-2.6322369385288907e-05,-9.999600662864086,-9.999659888195204,-0.0001049617489610896,-9.999206913596977,-9.999836684090743,6.67457518507864e-06,-10.000040379117811,-9.999973633365961,-8.36170911030985e-07,-9.999957568383792,-9.9999772184002
0,Fp1-F7,-0.0001995149828104602,-9.999037119553885,-9.999486028265208,-0.00010612081110958654,-9.999166183749734,-9.999802908616392,-1.9845610889925963e-06,-9.999977178388203,-9.999997023999093,-8.419654179850346e-07,-9.999951353726305,-9.999971139913628
0,F7-T3,-0.00039229600328008116,-9.998343985140162,-9.999226651147541,1.7416195910472616e-05,-10.000075918528228,-9.999971421352766,2.8025015727919664e-07,-9.999958897033203,-9.99995609453163,-2.6297190761283714e-07,-9.999986727473841,-9.99999290731367
0,T3-T5,-0.0019231998487127461,-9.992515564666101,-9.996842764325706,-1.1182548275063883e-05,-9.999887874706097,-9.999954969995747,1.9304431912706172e-05,-10.000137546020813,-9.999944501701686,8.865793885196669e-08,-9.99998315336028,-9.999981069898716
0,T5-O1,-0.00013455923701429678,-9.998927883798203,-9.999230642081486,-2.1360758097280174e-05,-9.999818524197158,-9.99994668874574,-1.231977967467913e-06,-9.999977321520408,-9.999989641300083,1.4401605874667265e-07,-9.999976849432429,-9.999973465055048
0,Fz-Cz,-0.0001842514075936478,-9.999082924467647,-9.999497490134733,-4.690903280891636e-05,-9.999586031643405,-9.999867485840259,6.717238428065264e-06,-10.000001353480997,-9.999934181096716,-2.3379187094588324e-07,-9.999981467292914,-9.99998696140188
0,Cz-Pz,-0.0010332079585173304,-9.99585690933162,-9.998181627238283,-0.00012436053321565873,-9.998903090496272,-9.999649253695566,-1.8775302762365043e-05,-9.999718009438991,-9.999905762466614,-9.56758745389489e-07,-9.999959220586907,-9.999981704417424
0,Fp2-F4,-0.0008856622318862826,-9.996557993620987,-9.998550733642732,-4.083927525680368e-05,-9.999595999186791,-9.999841034838331,9.715531523709471e-07,-10.000002361835717,-9.999992646304193,-3.239802829126202e-07,-9.99998070400229,-9.99998831753894
0,F4-C4,-0.002538034929087122,-9.99113021716987,-9.996840795760315,-1.6081029192913184e-05,-9.999808134073191,-9.99990462024835,7.933676745059617e-06,-10.000047653922863,-9.999968317155412,-7.336298157405203e-07,-9.999972233343469,-9.999989473644138
0,C4-P4,-0.00038383588705774064,-9.998614121467657,-9.999477752213537,4.1631605130288e-06,-10.00000196786973,-9.999976988906653,8.756418118109646e-06,-10.0000647729989,-9.99997720881772,-2.748342612654945e-07,-9.99998598558529,-9.99999244419043
0,P4-O2,-0.0022424685020768125,-9.991927747973644,-9.996973302103317,-4.2499988861399104e-05,-9.999560323502783,-9.999815323435952,-1.6733933394293775e-05,-9.99971519911951,-9.999882538453454,-4.0843255625691724e-07,-9.999970961655547,-9.999980559820619
0,Fp1-F3,0.00011158178567760314,-9.999470916447775,-9.99921985743,0.00012247679339677888,-10.000467378956165,-9.999732518195785,-3.543118767273801e-05,-9.999487423990221,-9.999841735866948,-2.5734265932164177e-07,-9.999956102037228,-9.999962149589722
0,F3-C3,-0.012583469312949125,-9.950486779247814,-9.97879958520195,-0.00043311145891190784,-9.996006065790636,-9.998604734544108,-9.49593870830797e-05,-9.998893242011487,-9.999842835882317,-5.150290293363047e-06,-9.999839188580834,-9.999960220402729
0,C3-P3,-0.00852606015686093,-9.966904196484865,-9.986087831837802,-9.987593318498568e-05,-9.999147463014783,-9.999746718613892,5.022271681818814e-05,-10.000403170361793,-9.99990094319361,-3.863881714004767e-06,-9.999859254187932,-9.999950055408211
0,P3-O1,-0.0021061057828607047,-9.991780450930374,-9.99651918894181,1.9081007802498084e-05,-9.999550644115542,-9.999436158068727,-1.8991037977889203e-05,-9.99964265450215,-9.99983256488193,-9.150317799102059e-07,-9.999948143953286,-9.999969647200114
0,Fp2-F8,-0.00018820924953721934,-9.998626114397513,-9.999049585208972,6.6822675625843666e-06,-9.999976484095532,-9.999936390490156,3.770748685067749e-05,-10.000269933843528,-9.999892858975022,-4.121599293559147e-07,-9.999971699147201,-9.99998138490554
0,F8-T4,-0.0019399688871460526,-9.993290066373113,-9.997654996369192,-7.490264530855634e-05,-9.999418988694073,-9.999868404565925,1.0149450150003891e-06,-9.999988409034422,-9.999978259584273,-2.1789857668688043e-06,-9.999916844720474,-9.999968050885995
0,T4-T6,-0.001742878987443946,-9.993371239856097,-9.997292717577846,-5.14415348771726e-05,-9.999545550624909,-9.999854199834171,-1.1533689101535672e-05,-9.999850726649745,-9.99996606354076,-9.357337484090511e-07,-9.999953212175882,-9.99997520191897
0,T6-O2,-0.0014357399879523492,-9.994457147081052,-9.997687562053946,2.9062094022798096e-05,-9.999966661688001,-9.999792289123864,-2.977059135862267e-07,-9.999880509126223,-9.99988348618536,-2.3851051486897197e-06,-9.99992395688165,-9.999980006852644
0,Fp1-F7,-4.897683716890569e-05,-9.99921810978003,-9.99932830766366,0.00010683780698595906,-10.00032229228189,-9.999681265439975,5.270666997162543e-05,-10.000371787053467,-9.999844720353751,3.150542478629377e-08,-9.99996341544562,-9.999962675068138
0,F7-T3,-0.0029344016670086663,-9.988747100527464,-9.995349504278233,-0.00020918308697466423,-9.99684033276402,-9.998095431285867,0.0001532791859201033,-10.001248155153117,-9.999715363293916,-7.362359669562487e-06,-9.999752806110994,-9.99992582156323
0,T3-T5,-0.0008657779092214412,-9.996035428120454,-9.997983428416202,0.0002514995502487505,-10.000809333668215,-9.999300336366723,0.00026832833001672843,-10.002063981866833,-9.999380698566666,-2.0741861971516503e-05,-9.99935613877214,-9.99984357252847
0,T5-O1,-0.001307620363064464,-9.994780974634724,-9.997723120451619,8.372918928845622e-05,-9.99952161752296,-9.999019242387229,0.0001582042801790467,-10.001256398328797,-9.999674355527008,-5.922556416212632e-06,-9.999792355490616,-9.999931535566397
0,Fz-Cz,-0.0018379795963971719,-9.993152601569838,-9.99728805566173,-0.00016782575192559904,-9.998636559065817,-9.99964351357737,-3.081410499925246e-05,-9.999596810409118,-9.99990495145911,-7.884655422896653e-07,-9.999961039480997,-9.99997956842124
0,Cz-Pz,0.00043103628605904335,-9.999717648223372,-9.998747816579739,-0.000442595582600701,-9.995745336706227,-9.99840091020183,-6.233717471584319e-06,-9.999920173583595,-9.999982510758311,-6.8210984454284004e-06,-9.999785662392117,-9.999945958205585
0,Fp2-F4,-0.0002408288174433435,-9.998644479516145,-9.999186344355392,1.4967037997509796e-07,-9.99995325096953,-9.999952352947249,-7.334262789092016e-06,-9.999895020938034,-9.999968363565925,-2.2317956152469748e-07,-9.999988700288897,-9.999993945008592
0,F4-C4,-0.00024840941354699477,-9.999030624193514,-9.999589545373995,-5.982743465487583e-05,-9.999514641926627,-9.999873606534557,-1.939213548889658e-06,-9.999966147975133,-9.999985540110622,-3.986860575267081e-08,-9.999993021290283,-9.999993958202518
0,C4-P4,-0.00029376532078975796,-9.998930183110245,-9.999591155082022,-2.484814380552389e-06,-9.999975553446012,-9.999990462332295,-1.6200213415164875e-09,-9.999993642346213,-9.999993658546426,-3.186783412794398e-07,-9.99998777104759,-9.999995259988609
0,P4-O2,-0.0008063352708283251,-9.996941863884857,-9.99875611824422,-3.6075139297166835e-05,-9.999641584303516,-9.9998580351393,-3.047904655437668e-06,-9.999951243840075,-9.999981722886629,-1.403724034508643e-06,-9.999936851568721,-9.999969839083532
0,Fp1-F3,-6.286493684042987e-05,-9.999541557210277,-9.999683003318168,5.094037121703715e-05,-10.000127821022552,-9.99982217879525,1.4443510108462119e-05,-10.00009893523118,-9.999954500130096,-2.1646960666617455e-06,-9.999911656661801,-9.999962527019369
0,F3-C3,-0.001616821775891561,-9.994086142924747,-9.997723991920504,-0.00023687141183122693,-9.998192266625045,-9.999613495096032,-4.377329314127197e-05,-9.999372059588161,-9.999809792519574,-3.876597795384755e-06,-9.9998745832378,-9.999965683285991
0,C3-P3,-0.0015775543440849458,-9.994073857535941,-9.997623354810132,-4.158316751040021e-05,-9.999648841307168,-9.999898340312232,-1.0894821060875887e-05,-9.999783276533794,-9.999892224744404,-4.1009595740139467e-07,-9.99996930496637,-9.99997894222137
0,P3-O1,-0.000589258120443045,-9.996639246812045,-9.997965077583041,0.00011777293348952629,-10.000394653327326,-9.99968801572639,7.505618150457106e-06,-10.00003707124365,-9.999962015062145,-9.389733262766772e-07,-9.999957660238236,-9.999979726111404
0,Fp2-F8,-0.0003206176693906025,-9.99764792935649,-9.998369319112618,-1.7384271254628275e-05,-9.999798659923403,-9.99990296555093,8.685851209729725e-07,-10.000002070958358,-9.999993385107148,-1.2570879345141045e-07,-9.999986083434466,-9.999989037591112
0,F8-T4,1.0524422063237817e-05,-9.999875161360299,-9.999851481410657,-1.1572480587045752e-05,-9.999890204180957,-9.99995963906448,-4.245493582219212e-06,-9.999919593629562,-9.999962048565385,-8.695510212331904e-07,-9.999955739110947,-9.999976173559945
0,T4-T6,-0.00022834403821014442,-9.999099445022338,-9.99961321910831,5.309541172348192e-07,-9.99998646066998,-9.999983274945278,-2.5366756599727107e-06,-9.99996471488332,-9.99999008163992,-1.6075055862160743e-06,-9.999940270670175,-9.999978047051451
0,T6-O2,-8.081692113353209e-05,-9.999392153871518,-9.999573991944068,-6.125591240084962e-05,-9.999441472861456,-9.99980900833586,1.1602742828421529e-05,-10.000064683659646,-9.999948656231362,-1.3375955507391587e-06,-9.99994440555086,-9.999975839046302
0,Fp1-F7,-0.0009769591121501768,-9.99631955492345,-9.998517712925787,2.8121396474780358e-05,-10.000082941735212,-9.999914213356362,9.715458822262498e-06,-10.000045402488047,-9.999948247899823,-4.584654795301852e-06,-9.999828203464268,-9.999935942851957
0,F7-T3,-0.0004919116839238476,-9.997381660064475,-9.998488461353304,-0.00016585558163447958,-9.99843886282944,-9.999433996319247,1.4563057223329778e-05,-9.999976777757713,-9.99983114718548,-4.418060412551384e-06,-9.999850489233339,-9.999954313653033
0,T3-T5,-0.000496836184648787,-9.998033649621854,-9.999151531037315,2.8120060047473814e-05,-10.000099058760592,-9.999930338400306,-6.099168248451185e-06,-9.99990179024275,-9.999962781925236,-1.8180862016071532e-06,-9.999909488888887,-9.999952213914625
0,T5-O1,-0.0002723619432389818,-9.998713112615372,-9.999325926987659,0.00013338743082105415,-10.00051795219756,-9.999717627612634,4.745326560894311e-05,-10.000302259454987,-9.999827726798898,-4.14919492769074e-06,-9.999854717733427,-9.999952223814228
0,Fz-Cz,-0.0011939305970316695,-9.995530874419975,-9.998217218263296,-3.8042318010792246e-05,-9.99961838718293,-9.999846641090993,7.054674147926696e-06,-10.000038078448705,-9.999967531707226,-1.0429523610108224e-06,-9.999954814481697,-9.999979323862181
0,Cz-Pz,-0.00122609441557626,-9.995502645675879,-9.998261358110925,-0.0001630027974254193,-9.998621899131692,-9.999599915916244,1.9053084314261114e-05,-10.000106063991584,-9.999915533148442,-1.965769931008835e-06,-9.999916569358044,-9.999962764951423
0,Fp2-F4,-0.00024417215280186444,-9.99907193271462,-9.999621320058424,1.4026393752930716e-06,-9.999987630009155,-9.999979214172903,7.6085096543942995e-06,-10.000055703540394,-9.99997961844385,-7.166769299483155e-07,-9.999968572223253,-9.999985414131107
0,F4-C4,-4.2889664468872024e-05,-9.999689033399696,-9.99978553514475,-5.812978404814515e-06,-9.999883280051911,-9.99991815792234,6.79869795679663e-07,-9.999988977560275,-9.999982178862318,-7.789735767485609e-07,-9.999968919602516,-9.99998722548157
0,C4-P4,-9.361697116660236e-05,-9.99964853442081,-9.999859172605936,-1.970770314730635e-06,-9.999970989477745,-9.999982814099633,3.6092623598516464e-07,-9.99999843319971,-9.999994823937351,-7.732967083795187e-08,-9.99999207867952,-9.999993895926785
0,P4-O2,-0.00017760313785338797,-9.999244909973624,-9.999644517033795,-2.9120236120905776e-05,-9.999748863170097,-9.999923584586822,2.9705378815253652e-05,-10.000228308969742,-9.99993125518159,-6.427859394704805e-07,-9.999963247047114,-9.999978352516692
0,Fp1-F3,-0.0005508670275882971,-9.995897504865859,-9.997136955677933,-3.1580968834393346e-05,-9.999308162262599,-9.999497648075605,1.5361750679936527e-05,-10.000075525488198,-9.999921907981399,-2.400439817545176e-06,-9.999914665326983,-9.999971075662696
0,F3-C3,-0.0004600894400012791,-9.996712847269121,-9.997748048509123,-0.00034166755802139887,-9.996412758366011,-9.998462763714139,-3.257760803639243e-05,-9.99928031116363,-9.999606087243995,-6.687032864805556e-06,-9.999796150818938,-9.999953296091261
0,C3-P3,-0.006885640497435643,-9.967856251991739,-9.983348943110968,-0.001132351412664322,-9.989365816472935,-9.996159924948921,-7.546993007138423e-05,-9.9987292158918,-9.999483915192513,-8.534349867878555e-06,-9.999739033592958,-9.999939590814853
0,P3-O1,-0.0005565996155737715,-9.997284513939237,-9.998536863074278,-1.1131182563901736e-05,-9.999840884159125,-9.999907671254508,1.7956054900554877e-06,-9.999972096766509,-9.999954140711608,-8.028587044452622e-07,-9.999964877692879,-9.999983744872432
0,Fp2-F8,-3.427593240192965e-06,-9.999819708540192,-9.999827420624984,-2.690633757333374e-05,-9.999765939706787,-9.999927377732227,2.8197868999367216e-06,-9.999990234221329,-9.99996203635233,-1.5403170379031423e-06,-9.999942785931617,-9.999978983382007
0,F8-T4,-0.00010978408738182747,-9.999354880918688,-9.999601895115298,3.374917520051446e-05,-10.000119866287788,-9.999917371236585,-8.124324024932064e-06,-9.999844600446183,-9.999925843686432,-8.296255503662126e-07,-9.999960760630223,-9.999980256830657
0,T4-T6,-0.001396751096875462,-9.995117814610335,-9.998260504578305,7.935872742071308e-06,-9.999976329166964,-9.999928713930512,-9.828162353216496e-07,-9.999962167175878,-9.999971995338232,-1.045817536053613e-06,-9.99995189991541,-9.999976476627506
0,T6-O2,-0.0017982443749601116,-9.993076207967128,-9.997122257810789,-3.695740978792778e-05,-9.999638878211297,-9.999860622670024,3.7643576508665464e-05,-10.000272067032407,-9.99989563126732,-1.7312171438913312e-06,-9.999939410750413,-9.999980094353294
0,Fp1-F7,-0.00021141982635674954,-9.999169230928294,-9.999644925537597,1.002837904408714e-05,-9.999799127151922,-9.999738956877657,2.649571383792413e-06,-9.999916488857426,-9.999889993143588,-5.635554448857997e-06,-9.999818716360837,-9.999951151890384
0,F7-T3,-0.0007006064439311932,-9.996720290485149,-9.998296654983994,-0.00017250849092820267,-9.998464480297404,-9.999499531242973,6.149165240878632e-06,-9.999889701187401,-9.999828209534993,-6.251530507176843e-06,-9.999805453782017,-9.999952364748935
0,T3-T5,-1.1121253898209485e-05,-9.999538604115088,-9.999563626936359,-8.178180650913417e-05,-9.999034558227066,-9.99952524906612,-3.70200220348621e-05,-9.999546176612814,-9.999916376833163,-5.299202783878371e-06,-9.999803777106168,-9.999928308371588
0,T5-O1,-0.00011817318201909192,-9.999192339712367,-9.99945822937191,-0.00010558264305929675,-9.998995542531173,-9.999629038389529,-2.4589259644038957e-05,-9.9995273705112,-9.999773263107642,-5.640840579501481e-06,-9.999814815822244,-9.999947375575863
0,Fz-Cz,0.0001172911793719674,-9.999621479719789,-9.999357574566202,-1.5993756996931364e-05,-9.999746144026195,-9.999842106568178,-1.0362619667853036e-05,-9.99985943807167,-9.999963064268348,-7.269051551093166e-07,-9.999967363374253,-9.999984445645397
0,Cz-Pz,-0.0006000819875588408,-9.996626369830729,-9.997976554302737,-9.01895111141714e-05,-9.999227984558006,-9.999769121624691,1.9239039975482915e-06,-9.999986246079137,-9.999967007039162,-1.7694973387934073e-06,-9.999928787135042,-9.999970370322504
0,Fp2-F4,-0.00013898516006878207,-9.999462441249019,-9.999775157859174,-6.849960419368419e-05,-9.99946658942249,-9.999877587047651,-6.1232462115401674e-06,-9.99991683105405,-9.999978063516165,-8.108497134315198e-07,-9.999968419699165,-9.999987474667432
0,F4-C4,-0.0002827351999985017,-9.998239503240246,-9.998875657440243,-3.2228184340756334e-05,-9.999759758924913,-9.999953128030958,2.7629275706138817e-06,-10.000007125674623,-9.999979496398916,-5.47463143538212e-07,-9.999978293882577,-9.99999115926645
0,C4-P4,-0.0001752719745453008,-9.999344119440044,-9.99973848138277,-4.027480134350163e-06,-9.99996040387009,-9.999984568750897,2.716605042971854e-06,-9.999990538372545,-9.999963372322116,-1.2319363115552456e-07,-9.999992966937118,-9.99999586198745
0,P4-O2,-0.0013420881438551359,-9.995121420531227,-9.998141118854901,-2.873773591784761e-06,-9.999960736976664,-9.999977979618215,-3.2702585380672777e-06,-9.99991891005931,-9.999951612644692,-8.783313246758171e-07,-9.999957290904849,-9.999977931690978
0,Fp1-F3,-0.00036253084423381075,-9.9982109817212,-9.999026676120726,-2.6984153395175784e-05,-9.99960137108972,-9.999763276010091,3.454499413722792e-06,-10.000009869197536,-9.9999753242034,-4.3927554748988626e-07,-9.999973917246052,-9.999984240221417
0,F3-C3,-0.00012506691739242725,-9.999233005060281,-9.999514405624414,4.8294111033537235e-06,-9.999846038549064,-9.999817062082444,2.635514507783811e-06,-10.000006735135061,-9.999980379989983,-1.2427814369826656e-06,-9.999953404146742,-9.99998260951051
0,C3-P3,0.00015589095451188292,-10.00016308956389,-9.999812334916237,-2.656814433135848e-05,-9.999710463845041,-9.99986987271103,-1.8735049456568967e-06,-9.999882891373156,-9.999901626422613,-1.249681548373364e-06,-9.99995259029583,-9.999981957812217
0,P3-O1,-0.00011623438931722554,-9.99938795783667,-9.999649485212633,1.709998885035663e-05,-9.999989020931167,-9.999886420998065,-4.5445411649492335e-06,-9.99993025266133,-9.999975698072978,-7.481669471895746e-07,-9.999956073181082,-9.999973655104341
0,Fp2-F8,-0.00022604071048898356,-9.999067877837188,-9.999576469435787,-2.0265171460594044e-05,-9.999833912910654,-9.999955503939418,1.5513503199350843e-06,-9.999994513768454,-9.999979000265256,-1.5608544321317977e-06,-9.999946924953717,-9.999983605032872
0,F8-T4,-0.00016592193580589054,-9.999012014229892,-9.999385338585455,-7.964600469701731e-06,-9.999940408899372,-9.99998819650219,3.096225268305479e-06,-9.999997983920498,-9.999967021667814,-9.69975907266532e-07,-9.999960444447746,-9.999983238881567
0,T4-T6,-0.0017891234306312172,-9.993155675590467,-9.997181203309387,-1.5744977851588358e-05,-9.999871842601456,-9.999966312468565,-3.61655692528633e-06,-9.999912748627644,-9.999948914196896,1.1895145366454712e-07,-9.999982013707,-9.999979218347837
0,T6-O2,-0.0006161780536234798,-9.997737197109709,-9.999123597730362,1.4007655204672402e-06,-9.999980300647167,-9.999971896054044,7.875846172602053e-07,-9.999959097881295,-9.999951222035122,-1.8919918749726505e-06,-9.999935126903761,-9.999979588712822
0,Fp1-F7,4.069561097550366e-05,-9.999877693620867,-9.999786128496172,-1.820145482671959e-05,-9.999806195019438,-9.999915403748398,1.5219548574100417e-06,-9.999996468700099,-9.999981249151524,-2.2236324825940044e-06,-9.999914937964924,-9.999967193328265
0,F7-T3,-8.239893307393747e-05,-9.999681371337122,-9.999866768936538,-6.500411446854466e-05,-9.999393538174896,-9.999783562861708,1.2518950585647755e-05,-10.000000643099712,-9.999875453593855,-4.828021085154925e-06,-9.999849609877222,-9.999963068372724
0,T3-T5,2.1098419796290256e-05,-9.999872352212325,-9.999824880767783,-3.0049227108642147e-05,-9.999756025615833,-9.999936320978485,-5.611734338642091e-07,-9.999989750237454,-9.999995361971793,-2.334530688029858e-06,-9.999910750564858,-9.999965612036027
0,T5-O1,-5.625996046119362e-05,-9.999670430234326,-9.999797015145365,-4.0428907436274404e-05,-9.999658478239196,-9.999901051683814,-2.7392906262878738e-05,-9.99961971524632,-9.99989364430895,-2.0611110688320205e-06,-9.999908919296665,-9.999957355406783
0,Fz-Cz,2.366472678255124e-06,-9.999073502619636,-9.99906817805611,-1.527239206026024e-05,-9.999845641780547,-9.99993727613291,-3.426064587184144e-06,-9.999951862351447,-9.999986122997319,-8.951864520780675e-08,-9.999987646937463,-9.999989750625625
0,Cz-Pz,-0.000846210387186982,-9.996856518161326,-9.998760491532497,-9.698292085945713e-05,-9.999139838849521,-9.999721736374678,8.753241664631497e-06,-10.000025451898333,-9.999937919481686,-2.383631728397941e-06,-9.99991350977367,-9.999969525119287
0,Fp2-F4,-0.000378920517741719,-9.998200029797944,-9.999052600962862,-1.7844159125631885e-05,-9.9998185718489,-9.999925636803654,-9.279609002855896e-07,-9.999986320685741,-9.999995600294744,-5.27260288094159e-07,-9.99997834032191,-9.99999073093868
0,F4-C4,-5.999311552642778e-05,-9.999622836854595,-9.999757821364529,-4.665315986004867e-06,-9.999936916861245,-9.99996490875716,-1.3875520287327761e-06,-9.999966122251855,-9.999979997772142,-9.458286757081924e-08,-9.999990061729479,-9.999992284426867
0,C4-P4,-0.00031227246669485057,-9.998883453700582,-9.999586066750645,1.0617377381135e-06,-9.999963870446708,-9.99995750002028,-4.853077095154484e-07,-9.999985828014148,-9.999990681091244,-1.3779337537082672e-07,-9.999992599685312,-9.999995837829633
0,P4-O2,-5.2259790865364566e-05,-9.997767918850398,-9.997885503379845,5.754152499496905e-06,-9.99995229989182,-9.999917774976824,-4.960093595260454e-05,-9.999361568228768,-9.999857577588294,-1.8766548110413314e-06,-9.999931006518011,-9.99997510790607
0,Fp1-F3,-0.0003488791536150678,-9.998301465587048,-9.999086443682682,-1.5209338595763621e-05,-9.999837912346614,-9.999929168378188,-6.628871389897382e-06,-9.999917543528433,-9.999983832242332,-6.097256500923978e-07,-9.999957722679286,-9.999972051232064
0,F3-C3,-0.0003980705085953781,-9.998279533213989,-9.999175191858328,-2.1776163897753262e-05,-9.999799390365357,-9.999930047348744,2.903164211859256e-06,-9.99984231204274,-9.999813280400621,-9.212959390949378e-07,-9.999957900969209,-9.999979551423777
0,C3-P3,-0.0005796492366368855,-9.99782163562868,-9.999125846411113,4.1600325314101456e-06,-9.99991851665138,-9.999893556456191,-1.762790741762618e-05,-9.999669072349072,-9.999845351423248,-3.023907680907733e-07,-9.999982607066332,-9.999989713249382
0,P3-O1,-0.0010750658908300834,-9.99577254695072,-9.998191445205087,-1.535649483068828e-05,-9.999761670806445,-9.999853809775429,5.136563949184633e-07,-9.99998714502984,-9.99998200846589,-7.530916188099546e-07,-9.999968450761125,-9.999986148414168
0,Fp2-F8,-0.00031956140594096574,-9.998894337141643,-9.99961335030501,-1.7080961686802077e-05,-9.99983949328541,-9.999941979055532,1.6199292495459066e-06,-9.999988797582375,-9.99997259828988,-8.848019539040036e-07,-9.99996873252865,-9.999989525374566
0,F8-T4,2.2128295233131704e-06,-9.999828803753465,-9.999823824887038,-5.215570018974931e-06,-9.999939667170295,-9.999970960590408,5.744837549415931e-06,-10.000039463482933,-9.999982015107438,-6.514745487024595e-07,-9.999966912727688,-9.999982222379582
0,T4-T6,-0.00020011334970874297,-9.998567581476324,-9.999017836513168,-4.57254862926408e-06,-9.99993709475828,-9.999964530050056,8.07272350199395e-06,-10.000043701967408,-9.999962974732389,-7.878372327340894e-07,-9.999969415919939,-9.999987930094909
0,T6-O2,0.0001521395853313861,-9.999429521772528,-9.999087207705532,-8.792623054618669e-06,-9.999880565835475,-9.999933321573803,-4.350343535606983e-05,-9.999429706107618,-9.99986474046118,-2.2604978531049024e-06,-9.99991217563942,-9.999965297338967
0,Fp1-F7,-0.00014462365374325788,-9.999273282450758,-9.99959868567168,-9.546926600086054e-06,-9.999874476550584,-9.999931758110185,-8.81927885127893e-06,-9.999860591567563,-9.999948784356075,-3.4978083628495185e-07,-9.999963192413215,-9.999971412262868
0,F7-T3,1.4803373683718267e-05,-9.999387114180323,-9.999353806589534,1.5489146592882312e-06,-9.999946897362541,-9.999937603874585,9.088171509677181e-06,-10.000035900529069,-9.999945018813971,-1.221313242336985e-06,-9.999961215492801,-9.999989916353996
0,T3-T5,-0.00020096395321061037,-9.99884303660645,-9.999295205501173,-6.847370223065526e-08,-9.99991443073881,-9.999914841581024,9.156307523491335e-07,-9.999980905235152,-9.999971748927628,-1.7938575279227035e-07,-9.99995534867332,-9.99995956423851
0,T5-O1,-0.0010673391989006566,-9.99622195863045,-9.998623471827976,8.031834096735406e-06,-9.999986267389332,-9.999938076384751,4.519986500152382e-06,-9.999995208199072,-9.999950008334071,-1.5686502449196883e-06,-9.999936929214252,-9.999973792495007
0,Fz-Cz,-0.00013721999638425527,-9.999364967888507,-9.999673712880371,1.4504504625158022e-06,-9.999967577736173,-9.999958875033398,2.860335090047815e-07,-9.999993342802616,-9.999990482467526,-7.891861903873675e-07,-9.999968952701815,-9.999987498577289
0,Cz-Pz,-0.0007333499762995401,-9.996801507758233,-9.998451545204908,-4.589585185824016e-05,-9.999589654483177,-9.999865029594327,4.353100937903754e-06,-10.000018972453288,-9.99997544144391,-1.2635344344878442e-06,-9.999935782330592,-9.999965475389802
0,Fp2-F4,-0.0004332862540444996,-9.997318323939874,-9.998293218011474,3.490814243398687e-05,-9.999900427205722,-9.999690978351119,-3.778012653679361e-06,-9.99992670342601,-9.999964483552546,-6.829827389238813e-07,-9.999973353511583,-9.999989403605948
0,F4-C4,-0.00013398974246313383,-9.999505857010128,-9.99980733393067,2.0371058501310692e-06,-10.000003062376022,-9.99999083974092,3.122308117545743e-06,-10.00001237415729,-9.999981151076115,-4.6173883107260364e-07,-9.999976063798508,-9.999986914661038
0,C4-P4,-0.00013648292192461366,-9.999464688519762,-9.999771775094093,-2.2302817142281114e-05,-9.999817223171956,-9.999951040074809,1.2258684391625375e-07,-9.999999559292531,-9.999998333424092,-3.7340907896775626e-07,-9.999986403003817,-9.999995178117173
0,P4-O2,1.3221105364505532e-06,-9.999404607327623,-9.999401632578916,-0.00029539401236802163,-9.997598317798609,-9.999370681872817,2.4925680575283734e-06,-10.00001201112667,-9.999987085446094,-2.077014993864304e-06,-9.999922109225452,-9.999970919077807
0,Fp1-F3,-3.5071961559010546e-05,-9.99979951105809,-9.999878422971598,-6.632906367280172e-06,-9.999893505633045,-9.999933303071249,-5.265379287229605e-06,-9.99988943578026,-9.999942089573132,-1.3580375373254426e-06,-9.999939674078021,-9.999971587960149
0,F3-C3,-0.0013355318712704935,-9.995095111007947,-9.998100057718306,0.00010534896577873603,-10.000288338581237,-9.999656244786564,-2.4263254783118626e-06,-9.999928090933954,-9.999952354188737,-8.6908508581235e-07,-9.99996628190123,-9.999986705400747
0,C3-P3,-0.0020495115695950386,-9.992337372570256,-9.996948773601845,5.517257721747359e-06,-10.000003034195325,-9.999969930648994,2.1833345903412395e-05,-10.000166988131635,-9.9999486546726,1.1710145627786983e-07,-9.999982524107182,-9.999979772222959
0,P3-O1,-8.269798700467197e-05,-9.99942925078423,-9.999615321254991,-1.0853524625032675e-05,-9.999887722066694,-9.999952843214444,-2.54405361508706e-06,-9.999971562251876,-9.999997002788026,-7.951651283361009e-07,-9.999959743697259,-9.999978430077775
0,Fp2-F8,-0.00029703972129886317,-9.997905463357755,-9.998573802730677,-6.757318745583253e-05,-9.999220071585325,-9.999625510710061,7.255319930622956e-06,-10.000056558947351,-9.999984005748045,-2.493404802117106e-07,-9.999985833820249,-9.999991693321533
0,F8-T4,0.00012058375280145241,-9.99999810165358,-9.999726788209776,-1.109442590045821e-05,-9.999860865156153,-9.999927431711555,-6.853892480285472e-07,-9.999969235123983,-9.999976089016464,-9.221896262338676e-07,-9.999956453220427,-9.999978124676645
0,T4-T6,-2.7363310167333053e-05,-9.999740463643802,-9.999802031091678,-4.5663393546283384e-05,-9.99961673611098,-9.999890716472258,1.3973252458004893e-05,-10.000087764737174,-9.999948032212593,-4.658023072028117e-07,-9.999974155421606,-9.999985101775826
0,T6-O2,-0.0005718364196489527,-9.997461382000186,-9.998748013944395,-0.0003148015688204974,-9.997527927027598,-9.999416736440521,3.844212956345701e-06,-10.000015064796878,-9.999976622667315,-2.5818225023699337e-06,-9.999909132146925,-9.99996980497573
0,Fp1-F7,-4.152196956838349e-05,-9.999526912653378,-9.999620337084908,2.9070915630747855e-06,-9.999976733557807,-9.999959291008429,-5.2931984242814985e-06,-9.999914700063872,-9.999967632048115,-2.2235890467335907e-06,-9.999916117189946,-9.999968371532544
0,F7-T3,2.3789806205023278e-05,-10.00000398005471,-9.999950452990749,-4.199584229856642e-05,-9.999644460719516,-9.999896435773307,7.683780493719402e-06,-9.999993508681328,-9.999916670876392,-7.452069250033339e-07,-9.999971061458195,-9.999988573820932
0,T3-T5,-9.367742138861994e-05,-9.999255465458816,-9.999466239656941,1.3331238333823683e-05,-10.000035898323484,-9.999955910893481,4.473946293034957e-06,-10.000015256562534,-9.999970517099603,1.447673344192323e-07,-9.999970313437203,-9.999966911404844
0,T5-O1,-7.21102754448796e-05,-9.999430192292976,-9.999592440412728,-6.4625836288456464e-06,-9.999931027017102,-9.999969802518875,-9.569110923627653e-06,-9.999872470199891,-9.999968161309127,-2.6827337223134944e-06,-9.999897638265455,-9.999960682507929
0,Fz-Cz,-0.00015229536284676838,-9.998890916603028,-9.999233581169433,-3.2435104633818025e-05,-9.99963753142857,-9.999832142056373,-4.536671572697349e-06,-9.999906974778112,-9.999952341493838,-9.958161133875815e-07,-9.999956387514143,-9.999979789192807
0,Cz-Pz,-0.00011473468966749945,-9.999486815686502,-9.999744968738254,2.3767263400099693e-05,-10.000028152037716,-9.999885548457316,1.754905665548764e-05,-10.000139264752233,-9.999963774185678,-1.811515482433647e-06,-9.999909577690994,-9.999952148304832
0,Fp2-F4,-0.0003743784719987578,-9.998392985737421,-9.99923533729942,-2.426395726042957e-05,-9.999695800334415,-9.999841384077977,4.3991604032042135e-06,-10.000035872492704,-9.999991880888672,-6.119304936348411e-07,-9.99997521288965,-9.99998959325625
0,F4-C4,-0.00016640003579175918,-9.99855449132005,-9.998928891400581,-6.178127622172451e-06,-9.999866629404783,-9.999903698170517,-8.386695253293607e-06,-9.999867469571898,-9.99995133652443,-1.129246250854434e-06,-9.999962231739502,-9.999988769026398
0,C4-P4,-9.60555782476195e-05,-9.999599607460258,-9.999815732511316,-1.0941179545148186e-05,-9.999910633098446,-9.999976280175717,3.0217571569796943e-07,-9.999992838822243,-9.999989817065085,-2.7270720207233055e-07,-9.999988858352246,-9.999995266971496
0,P4-O2,-0.001918405104772779,-9.990935993455748,-9.995252404941487,1.8212297664645263e-05,-9.99999000193402,-9.999880728148032,1.3162208061657469e-05,-9.99996559219593,-9.999833970115313,-2.539994746335338e-06,-9.999917381382634,-9.999977071259172
0,Fp1-F3,2.843922915586781e-05,-9.99986480978105,-9.99980082151545,-4.1298731986442274e-05,-9.999677171674662,-9.999924964066581,2.487734491930329e-06,-10.00001271942704,-9.99998784208212,-1.1217175438834346e-07,-9.999966923474382,-9.99996955951061
0,F3-C3,-0.0008679087278698612,-9.996314274788165,-9.998267069425873,-2.562345224451746e-05,-9.999761561467851,-9.999915302181318,3.177010969053709e-05,-10.000236258882754,-9.999918557785849,-1.9237401347987423e-06,-9.999937938109719,-9.999983146002887
0,C3-P3,-0.0017012307158373464,-9.993789852155535,-9.99761762126617,-1.5723679840064067e-05,-9.999811959531515,-9.999906301610554,3.252656826049938e-05,-10.000243030644382,-9.999917764961777,-2.1808740335099184e-06,-9.999924140740072,-9.99997539127986
0,P3-O1,-0.001312769969299848,-9.994180310525312,-9.997134042956237,-1.1865457672592504e-06,-9.999982158699787,-9.99998927797439,-5.115090106204772e-06,-9.999930164370236,-9.999981315271297,-5.680307255989226e-07,-9.999974743317274,-9.999988092039326
0,Fp2-F8,-0.00012993664935657576,-9.99938639019107,-9.999678747652123,1.5248638849765002e-05,-10.000015631473508,-9.99992413964041,4.941198711476561e-06,-9.999979477232667,-9.999930065245552,-1.920515681725363e-06,-9.999929751172374,-9.999974883290895
0,F8-T4,-1.5453003247957685e-05,-9.999895912450041,-9.99993068170735,-1.995082796734961e-06,-9.99995482735849,-9.99996679785527,7.907594642453632e-06,-10.000033730168852,-9.999954654222428,1.2545217221366607e-07,-9.99998736690767,-9.999984418781622
0,T4-T6,-0.0019892970429769767,-9.99263323084018,-9.997109149186878,-0.00010949620875327706,-9.9990511649765,-9.99970814222902,3.7049433994170857e-06,-9.999977415825088,-9.999940366391094,-2.1092793394416468e-06,-9.999914855971463,-9.999964424035939
0,T6-O2,0.00012373406720426463,-9.999571113057621,-9.999292711406412,1.4303799238703857e-05,-10.000034732895841,-9.999948910100409,-1.590230627230865e-05,-9.999664274457952,-9.999823297520676,-3.81668074182753e-06,-9.999874203168094,-9.999963895165527
0,Fp1-F7,-0.00018884446203773752,-9.999313900244072,-9.999738800283657,-3.61295977705843e-05,-9.99968318936559,-9.999899966952214,-3.1699138594365526e-05,-9.999620382247263,-9.999937373633207,-1.467810715077182e-06,-9.999925389092393,-9.999959882644198
0,F7-T3,-0.00016303250165669288,-9.99940540861379,-9.999772231742517,-5.069176480702158e-05,-9.999597617857319,-9.999901768446161,-6.215643103947058e-07,-9.999977287933856,-9.99998350357696,-9.523253652379015e-07,-9.999967181226543,-9.999989560872626
0,T3-T5,-0.0018887719464017946,-9.993279802542686,-9.99752953942209,-4.220674010983714e-05,-9.999677571278987,-9.999930811719645,-9.406131034258689e-07,-9.99998744134582,-9.999996847476854,-1.0219444691747225e-06,-9.999944302877706,-9.999968318572732
0,T5-O1,-0.0006123092260852094,-9.997453236252284,-9.998830932010975,-2.453088605333885e-05,-9.99980544171433,-9.99995262703065,-9.653363434483477e-06,-9.99986919242788,-9.999965726062225,4.557893804332058e-08,-9.999973175730597,-9.999972104625552
0,Fz-Cz,-0.000599658688682585,-9.996453619566855,-9.997802851616392,-2.586969309388722e-05,-9.999762937371528,-9.999918155530091,4.927861050572575e-06,-10.000020996487065,-9.999971717876559,-1.33584523850188e-06,-9.999952865506456,-9.999984257869562
0,Cz-Pz,-0.0012211970082943587,-9.99573002861927,-9.998477721887932,-5.0840043632412e-05,-9.999508278374623,-9.999813318636418,-7.980587304170566e-05,-9.999089957070183,-9.9998880158006,-1.8463584679700918e-06,-9.999922074964172,-9.999965464388168
0,Fp2-F4,-0.0002218355704065476,-9.999153206690574,-9.999652336723988,1.5012986072655645e-05,-10.00002683409661,-9.999936756180174,-1.5727505194728592e-07,-9.999963417272648,-9.999964990023168,-9.91197471254682e-07,-9.999963529909685,-9.999986823050259
0,F4-C4,-0.00037395354901163997,-9.998423869755957,-9.999265265241233,-7.307190013081938e-06,-9.999929813648643,-9.999973656788722,1.9248602279208534e-06,-10.000009129117078,-9.999989880514798,-1.624683726731213e-07,-9.999991617642292,-9.99999543564905
0,C4-P4,-5.7302188482000564e-05,-9.999754999859787,-9.999883929783872,-5.677361720151025e-07,-9.999990607427815,-9.999994013844848,7.33548810153153e-06,-10.00003203162395,-9.999958676742935,-9.318465019539543e-09,-9.999996644771525,-9.999996863755452
0,P4-O2,-0.0007765153970136532,-9.996532449301048,-9.998279608944328,6.205890344665937e-05,-10.000228900003295,-9.999856546582615,5.39074027774998e-05,-10.000293111946187,-9.99975403791841,-9.504133282791673e-07,-9.999957848679935,-9.99998018339315
0,Fp1-F3,-7.545615677430726e-05,-9.99963301248905,-9.99980278884179,2.4948878260589316e-06,-9.999962491823588,-9.999947522496631,1.3208634744276468e-06,-9.999998883623595,-9.999985674988851,1.7207352627674119e-07,-9.999981811842067,-9.9999777681142
0,F3-C3,-0.00019541756750830527,-9.998898197428439,-9.999337886955333,1.7984909794922168e-05,-9.99981589963954,-9.99970799018077,-1.4507882917306717e-05,-9.999794506645067,-9.99993958547424,-2.133386694473878e-06,-9.999926051623088,-9.999976186210409
0,C3-P3,-0.0010499355545270823,-9.995665665896457,-9.998028020894143,5.987451045363056e-06,-9.999826580988351,-9.999790656282078,-2.5090261497487006e-05,-9.999674469185587,-9.999925371800561,-1.7431910070464729e-06,-9.999936067770873,-9.999977032759539
0,P3-O1,-0.0005264373183878746,-9.997635533494966,-9.99882001746134,-3.165529486963302e-05,-9.999745653493068,-9.999935585262286,5.427038131251545e-06,-10.000031887862706,-9.999977617481393,-3.633400102693742e-07,-9.999972226460436,-9.999980764950678
0,Fp2-F8,-8.958944254787534e-05,-9.999620775671826,-9.999822351917558,4.3095222836522116e-05,-10.000152509689189,-9.99989393835217,-6.545556713525642e-06,-9.999818537707664,-9.9998839932748,-3.3664894794442793e-06,-9.999889778285983,-9.99996889078875
0,F8-T4,2.5226745000940694e-05,-9.999910676652739,-9.999853916476487,5.793903244451705e-06,-9.999942560653947,-9.99990779723448,1.5874477255816448e-05,-10.000043822033877,-9.99988507726132,-4.117730934993044e-07,-9.999945249569056,-9.999954926236752
0,T4-T6,-0.00038703035261037315,-9.998414780122717,-9.99928559841609,2.0002172962282252e-05,-10.000088960021133,-9.999968946983358,1.6491030414822423e-05,-10.000084673144604,-9.999919762840456,-2.6744847714072516e-06,-9.999905022171376,-9.999967872563504
0,T6-O2,-0.00016360051760049428,-9.999082745852192,-9.999450847016794,6.903440085665033e-05,-10.000222357013685,-9.999808150608546,4.92678291933273e-05,-10.00034465419433,-9.999851975902397,-6.168074097743751e-06,-9.999808758319341,-9.999953708060639
0,Fp1-F7,1.2173818622075789e-05,-9.999967752918412,-9.999940361826512,-1.7150761229839692e-05,-9.999765426081872,-9.999868330649251,4.337621987139045e-07,-9.999992301693409,-9.99998796407142,-6.488698929869443e-07,-9.999967910484157,-9.999983158926643
0,F7-T3,-0.00040238796312697247,-9.998333912972827,-9.999239285889862,-2.970383509930791e-05,-9.999761919898994,-9.99994014290959,2.5092360196601046e-06,-9.999961390993901,-9.999936298633704,-9.440833043090231e-07,-9.999966820780143,-9.999989006737794
0,T3-T5,-0.00032223110908230387,-9.998576970731321,-9.999301990726757,-8.400765343927813e-06,-9.999876498326204,-9.999926902918267,-1.074178312743828e-06,-9.999977637412444,-9.999988379195571,-5.63581982332663e-07,-9.999961070520849,-9.999974314697434
0,T5-O1,-0.0004834466212964367,-9.998134169132003,-9.99922192402992,2.874854407758167e-05,-10.000114750457312,-9.999942259192848,-1.3545687568166716e-06,-9.999980142706177,-9.999993688393745,-2.500788845172861e-06,-9.999906107988977,-9.999964876526839
0,Fz-Cz,-3.134084329652711e-05,-9.999587571701765,-9.999658088599181,4.2354596692472594e-05,-10.000137086765022,-9.999882959184868,8.442697659939945e-06,-10.000022047106599,-9.99993762013,-4.803297738012127e-07,-9.999976417516045,-9.99998770526573
0,Cz-Pz,-0.001176349213147941,-9.995784917651315,-9.998431703380898,3.2593797961244876e-05,-10.00001795303676,-9.999822390248992,-2.63549846407154e-06,-9.999914339014058,-9.999940693998699,-1.1027631450105855e-06,-9.999938961897175,-9.999964876831083
0,Fp2-F4,-0.0002651319967377132,-9.998953213992722,-9.999549760985381,-6.099448239119419e-05,-9.999491460657458,-9.999857427551804,-8.307661956382402e-06,-9.999891150284144,-9.999974226903708,-5.330605695884027e-07,-9.99997392422474,-9.999986451148125
0,F4-C4,-6.277228213065581e-05,-9.999674872066166,-9.99981610970096,-1.883027603973967e-05,-9.999845061431078,-9.999958043087316,-1.8418044596267964e-06,-9.999971722619682,-9.999990140664279,-1.3480662677265415e-07,-9.999987330786066,-9.999990498741795
0,C4-P4,-0.0003298496746390827,-9.998858603522232,-9.99960076529017,-1.3046511850638399e-05,-9.999899875072913,-9.999978154144017,-6.437363178551974e-06,-9.999914594283682,-9.999978967915467,2.0530072148411063e-07,-9.999999403730229,-9.999994579163273
0,P4-O2,-0.000689328790226639,-9.997418207747728,-9.998969197525739,-3.725797336468496e-06,-9.999927708398674,-9.999950063182693,-4.879992266617858e-06,-9.99993503682664,-9.999983836749307,-2.7824834449485853e-07,-9.999975542239556,-9.99998208107565
0,Fp1-F3,-0.0006097008183333021,-9.997660456715554,-9.999032283556804,-5.886084380975618e-06,-9.999922625629395,-9.999957942135682,1.3237987337061368e-05,-10.000102959490471,-9.9999705796171,-6.358204697674661e-07,-9.999963348139964,-9.999978289921003
0,F3-C3,-0.0005323117949218826,-9.997103400352792,-9.998301101891366,-1.977047971675096e-06,-9.999906612701428,-9.999918474989258,8.393349955034492e-05,-10.00064633998913,-9.999807004993626,-1.3000034009292217e-06,-9.999951406317816,-9.999981956397738
0,C3-P3,-0.001932875865548477,-9.99265172499635,-9.997000695693833,-4.913467303097052e-05,-9.99954983343879,-9.999844641476976,2.7200356696949095e-05,-10.000118094401337,-9.999846090834367,-2.589548916698304e-07,-9.999980086309064,-9.999986171749018
0,P3-O1,-0.0003329583161327702,-9.998747087691699,-9.999496243902998,-5.123795005023557e-06,-9.999932475528146,-9.999963218298177,3.9661116872816776e-07,-9.999990721537948,-9.99998675542626,-6.037909718474544e-07,-9.999969406143682,-9.999983595231521
0,Fp2-F8,-0.00024126683070858213,-9.999132387627817,-9.999675237996911,-2.3416871737361114e-05,-9.99979601055095,-9.999936511781375,-6.943875106543763e-06,-9.999907475342837,-9.999976914093903,-2.0651900483092895e-06,-9.999928448032636,-9.99997697999877
0,F8-T4,-0.00011961127541464106,-9.99947280164076,-9.999741927010444,-6.196852531384113e-06,-9.9999156563311,-9.999952837446287,2.19311865874263e-06,-9.999992053238953,-9.999970122052366,-6.797041555697747e-09,-9.999986511246082,-9.999986670976558
0,T4-T6,-0.0006337130859284975,-9.997793817900178,-9.999219672343516,-1.0517383353273751e-05,-9.99991522870254,-9.999978333002659,-7.335954787241612e-07,-9.999985961534048,-9.999993297488835,-4.4494725971496773e-07,-9.999968742908377,-9.999979199168981
0,T6-O2,-0.00035778525818026206,-9.998577567873141,-9.999382584704048,-5.59188942452847e-06,-9.999900898053394,-9.99993444938994,-1.7931159060532894e-05,-9.999787197777875,-9.99996650936848,-7.2789756285903e-07,-9.99995976535304,-9.999976870945767
0,Fp1-F7,-0.0005302423089351263,-9.998128202446352,-9.999321247641456,5.201509186442851e-06,-9.999986901644254,-9.999955692589136,-6.900321029725842e-07,-9.999986046579131,-9.99999294690016,1.6168936810417563e-07,-9.999993103041179,-9.999989303341028
0,F7-T3,-0.0002951393909038398,-9.99860179789286,-9.999265861522394,-4.3353534184529675e-05,-9.99966696478271,-9.999927085987817,6.381160131562705e-06,-10.000024570028476,-9.99996075842716,-6.094687753878978e-07,-9.999973772036075,-9.999988094552297
0,T3-T5,-0.00021664573147092144,-9.999013653610962,-9.999501106506772,-4.770199597091818e-06,-9.99995267774531,-9.999981298942892,1.6143563320799169e-06,-10.000007962077799,-9.999991818514479,2.558763917149822e-08,-9.999972474430637,-9.999971873121115
0,T5-O1,-0.0005834584001974347,-9.997810915316366,-9.99912369671681,-3.256568309946615e-05,-9.999674002065513,-9.99986939616411,2.732035370649179e-06,-10.00002076275193,-9.999993442398223,-1.5556580233482278e-06,-9.999928564945932,-9.999965122909481
0,Fz-Cz,-0.0002523719953111854,-9.99885872116068,-9.99942655815013,-6.97867626471032e-06,-9.999928842753645,-9.999970714811234,-1.867142673133456e-05,-9.999762883354528,-9.99994959762184,-1.0110373477351488e-06,-9.999961819123818,-9.99998557850149
0,Cz-Pz,-0.0004285915877614844,-9.99809444655629,-9.999058777628754,-1.8072370938162902e-05,-9.999822461396173,-9.999930895621802,-7.609451302722489e-06,-9.999873131327547,-9.999949225840574,-2.1004007979960193e-06,-9.999919608764992,-9.999968968183746
0,Fp2-F4,-0.0010626394781636573,-9.996195272558268,-9.998586211384136,-3.442651733954387e-06,-9.99995533408083,-9.999975989991235,3.297430671443388e-06,-10.000011461914099,-9.999978487607384,-3.6020068976796594e-07,-9.999977449920959,-9.999985914637168
0,F4-C4,-0.00024355772826880291,-9.998622374150457,-9.999170379039063,-4.3529165738569844e-08,-9.999967379784305,-9.9999676409593,-1.9145506005939054e-06,-9.999968164570813,-9.999987310076818,-1.6787908395298406e-08,-9.999989776036292,-9.99999017055214
0,C4-P4,-5.8346506138924616e-05,-9.999472949252404,-9.999604228891217,6.495129798704912e-06,-10.000017430735868,-9.999978459957076,4.081271414518752e-06,-10.000031502520791,-9.999990689806646,-7.336695301715567e-08,-9.999993422387668,-9.999995146511063
0,P4-O2,2.1921409508091542e-05,-9.99965791904531,-9.999608595873918,-2.3695756264489362e-05,-9.999821691724227,-9.999963866261814,1.2817605721450827e-05,-10.000090412117075,-9.99996223605986,-2.4868086045382424e-06,-9.999899140011076,-9.999957580013282
0,Fp1-F3,-0.00010136862305662715,-9.999274581754925,-9.999502661156802,-3.332262732599175e-05,-9.999629029833892,-9.999828965597848,-7.110723453897614e-06,-9.999897131854622,-9.999968239089162,-1.8485764437942515e-06,-9.999908711955646,-9.999952153502075
0,F3-C3,-0.001980713625953114,-9.991236788125766,-9.99569339378416,-0.00036149002552327675,-9.997175379403059,-9.999344319556199,7.565768721147575e-05,-10.000365781908156,-9.999609205036041,-3.110484704609703e-06,-9.999903026489205,-9.999976122879763
0,C3-P3,-0.002207965907919281,-9.991483818877072,-9.99645174216989,-2.711573497304465e-05,-9.99975453741088,-9.999917231820717,9.500047129273607e-05,-10.000691592514114,-9.999741587801187,-3.0974864154475825e-07,-9.999978098929672,-9.999985378022748
0,P3-O1,-0.0004245526274400095,-9.998254868759252,-9.999210112170992,-3.808214223163208e-07,-9.99993395741815,-9.999936242346685,-2.0440266799376758e-05,-9.999753017080122,-9.999957419748116,-5.898360373143986e-07,-9.999963553601562,-9.99997741474844
0,Fp2-F8,-0.0007205555160443571,-9.997274933130292,-9.998896183041392,-1.3963910037372438e-05,-9.99985253273237,-9.999936316192596,-1.4777198308982374e-05,-9.999823457426722,-9.99997122940981,-3.7479991891674097e-07,-9.999957524957908,-9.999966332756003
0,F8-T4,-0.0005360099731100346,-9.997504765695593,-9.99871078813509,1.215061710729086e-06,-10.000002599776344,-9.99999530940608,1.0792092072457339e-05,-10.000052003938638,-9.999944083017914,-1.5088108422707073e-06,-9.99993638725128,-9.999971844306073
0,T4-T6,-0.00015466713512913546,-9.999170588163144,-9.999518589217185,-1.159186659455931e-05,-9.999898382708608,-9.999967933908176,5.0432450236400645e-06,-10.00003374785815,-9.999983315407913,-2.2893952268244243e-06,-9.999916154467696,-9.999969955255526
0,T6-O2,-0.0003371505275531387,-9.99856592612059,-9.999324514807585,-5.275490318172852e-06,-9.999867170105059,-9.999898823046967,3.882700186995328e-06,-10.00001385429852,-9.999975027296651,-2.481645786303038e-06,-9.999908770920685,-9.999967089596662
0,Fp1-F7,-6.177328808355889e-05,-9.999579454454931,-9.99971844435312,-6.434365106905236e-06,-9.99993070766991,-9.99996931386055,2.851318503352699e-06,-10.000014847416592,-9.999986334231558,-3.2989838324022054e-06,-9.99987847045202,-9.999955996572082
0,F7-T3,0.00036246935602179167,-9.999367761864567,-9.998552205813517,-3.492347379223246e-05,-9.999674474270806,-9.99988401511356,9.50362030712199e-06,-9.999993913877944,-9.999898877674873,-1.7833540263805198e-06,-9.99994152825533,-9.99998343707495
0,T3-T5,-0.0012112056245211248,-9.995029342285463,-9.997754554940636,-1.8165058890990872e-05,-9.999808462929433,-9.999917453282778,-1.0341715391279112e-05,-9.999870724579075,-9.999974141732988,-1.0726794077924233e-06,-9.999944558173963,-9.999969766140046
0,T5-O1,-0.0005354383577893849,-9.998061370787331,-9.999266107092357,4.163276342275375e-06,-9.999981701245627,-9.999956721587573,3.6096472114347375e-06,-10.000016142561744,-9.99998004608963,1.1465791178903632e-06,-9.999992185127182,-9.999965240517911
0,Fz-Cz,-0.0002909124654657833,-9.99874716912934,-9.999401722176637,-6.879523519144158e-05,-9.99948641852294,-9.999899189934089,-4.452007498707711e-06,-9.999847935165729,-9.999892455240715,-1.0509821048178872e-06,-9.999964115398123,-9.999988813477586
0,Cz-Pz,0.0004174160708179971,-9.999927152769896,-9.998987966610555,5.391130041390709e-05,-10.00014663166577,-9.999823163863287,1.5464170017571493e-05,-10.000056381293977,-9.9999017395938,-1.4558940013560255e-07,-9.999968027195298,-9.999971448546201
0,Fp2-F4,-0.011489988435658424,-9.955617077579243,-9.981469551559474,-7.550232777996506e-05,-9.999177584611417,-9.999630598578097,2.8927769474882764e-05,-10.000168322869474,-9.999879045174724,-1.461495233234303e-07,-9.99998003163586,-9.999983466149658
0,F4-C4,-0.01456181374060152,-9.936366892166571,-9.969130973082924,7.469586552306488e-05,-10.000264686373525,-9.999816511180386,-4.774791801883654e-06,-9.999865674682203,-9.999913422600223,-1.3142077130214678e-06,-9.999953707705817,-9.999984591587074
0,C4-P4,-0.0003410659399078791,-9.998524704403332,-9.999292102768125,-5.954217349993268e-05,-9.999540375929604,-9.999897628970603,-3.2456673211837596e-06,-9.999953845381802,-9.999986302055014,-2.1076241321202988e-07,-9.99998907932135,-9.99999403223806
0,P4-O2,0.002044132186415805,-10.000605622813447,-9.996006325394012,6.378219927683269e-05,-9.999371614689638,-9.998988921493977,0.00013209780428250604,-10.000721498011629,-9.999400519968804,-4.076587063913432e-06,-9.999860448414127,-9.999956248210129
0,Fp1-F3,-0.12850290401415781,-9.529814333553277,-9.818945867585132,-0.009051028664830586,-9.92110839699814,-9.975414568987123,0.00011342703769483189,-9.999078739350766,-9.997944468973818,-1.3955098753475252e-05,-9.99951376333328,-9.999841708153987
0,F3-C3,-0.0308156432041535,-9.866641774845789,-9.935976972055133,-0.001742798721159814,-9.985239270060353,-9.995696062387312,-0.00039506913562496347,-9.993929373253641,-9.997880064609891,-1.1358998422199438e-05,-9.99964516579019,-9.999912102253111
0,C3-P3,-0.01424831437225268,-9.942247494764848,-9.974306202102417,-0.0012687223651069322,-9.987138283872536,-9.994750618063177,0.0001316322944379771,-10.000757569227913,-9.999441246283533,-7.727289258068485e-06,-9.999746364671585,-9.99992795596915
0,P3-O1,-0.00021643026880196722,-9.998417440264982,-9.998904408369786,-0.0002782416638505974,-9.996972952267,-9.998642402250104,-1.8902827046101827e-05,-9.999608606792075,-9.999797635062535,-7.896264099223856e-07,-9.999964630746227,-9.99998318696686
0,Fp2-F8,-0.0026344635854295344,-9.988489909978204,-9.99441745304542,-9.260103740588483e-05,-9.998548896685547,-9.999104502909981,9.266118542196314e-05,-10.00059187038567,-9.999665258531449,-3.7866648370919475e-06,-9.999864883868756,-9.999953870492428
0,F8-T4,-0.004353262361821694,-9.978784130175336,-9.988578970489435,-0.00019609585271612685,-9.998465172189313,-9.99964174730561,3.192182162428658e-05,-10.00024587150268,-9.999926653286437,-4.247772653790646e-06,-9.999861022423811,-9.999960845081176
0,T4-T6,-0.011290538613246085,-9.951886782266003,-9.977290494145807,7.424684245139319e-05,-10.000036176572722,-9.999590695518014,3.3252614822773516e-05,-9.999902429789127,-9.9995699036409,-7.881935752584009e-06,-9.999746526041076,-9.99993175153126
0,T6-O2,0.00012288606742567735,-9.999038888392985,-9.998762394741277,2.5630425847107503e-05,-9.999917471516675,-9.999763688961592,0.00014764563620038842,-10.000972709630735,-9.999496253268731,-8.576452111187767e-06,-9.999721025215903,-9.999922571840516
0,Fp1-F7,-0.005098055290233459,-9.925875776094774,-9.937346400497798,-0.011376298730919377,-9.893795608506275,-9.962053400891792,0.0007182069397614609,-10.004081704926376,-9.996899635528761,-4.1995516740770325e-05,-9.998721980486666,-9.999708875130073
0,F7-T3,-0.020458591907262343,-9.862019867961935,-9.908051699753276,-0.011259612969082533,-9.897865734919796,-9.96542341273429,0.0006735487654560249,-10.005219617506915,-9.998484129852354,-5.657868170962894e-05,-9.998338281025791,-9.999667880045967
0,T3-T5,-0.0313124445564448,-9.85719906325981,-9.927652063511811,7.028480289136106e-05,-9.984501493299184,-9.984079784481835,0.00024385916151836736,-10.001975699196729,-9.999537107581546,-6.351584440990998e-06,-9.999783834474297,-9.99993309670866
0,T5-O1,0.00018380305065071785,-9.988400412505856,-9.987986855641891,0.0001412088460606234,-9.999257704030454,-9.99841045095409,2.8230851277776917e-05,-9.999932124948371,-9.999649816435593,-5.816785031000155e-06,-9.999804925244499,-9.999941619692727
0,Fz-Cz,-0.021152762046962315,-9.915487551993891,-9.963081266599556,0.0009071938142964247,-10.00100960522105,-9.99556644233527,-0.0006675206898896443,-9.991794871805254,-9.99847007870415,-7.414276795490206e-06,-9.999763392145553,-9.999937627650247
0,Cz-Pz,-0.004088840077427745,-9.9847867526584,-9.993986642832612,-9.91667601898394e-05,-9.998646616591847,-9.999241617152986,8.633736551548338e-05,-10.000677037288172,-9.999813663633017,-3.6775129080933597e-06,-9.99986466798593,-9.99995108953927
0,Fp2-F4,6.491256799402839e-05,-9.999684966447843,-9.999538913169856,7.619628289764498e-05,-10.00023822750879,-9.999781049811403,1.5025039683565298e-05,-10.000106663765283,-9.999956413368448,3.72992011072875e-07,-9.999991616855722,-9.99998285154346
0,F4-C4,4.1967709026307243e-05,-9.999787790410801,-9.999693363065491,-5.773310780492654e-06,-9.999948943446837,-9.99998358331152,3.141290222791515e-06,-10.000004546048563,-9.999973133146336,-5.699339408486817e-07,-9.999973876129724,-9.999987269577334
0,C4-P4,-3.216538785695535e-05,-9.999744192749766,-9.999816564872445,2.793117370284895e-05,-10.000122047413214,-9.999954460370997,2.153434275177344e-05,-10.000167078308813,-9.999951734881295,-1.4573656507006886e-07,-9.999989069517465,-9.999992494326744
0,P4-O2,-0.0026393536721651093,-9.988736335226317,-9.994674880988688,0.0002636247026904256,-10.000889548559394,-9.999307800343251,0.00013572617832792499,-10.001075382806347,-9.999718121023067,-3.4722876308594013e-06,-9.999867268346396,-9.99994886710572
0,Fp1-F3,-0.0026098081265764433,-9.9904994200514,-9.996371488336196,-8.960020577635601e-06,-9.99971756878233,-9.999771328905796,-3.968782386802927e-06,-9.999872739633416,-9.999912427457284,-1.0786631514401458e-06,-9.999935516991084,-9.999960865575142
0,F3-C3,-0.003360799837751865,-9.98619974335107,-9.993761542986013,-8.443048538338912e-05,-9.99924152701863,-9.99974810993093,-6.0913332433416316e-05,-9.998942200478446,-9.99955133380278,-1.6646952935717459e-06,-9.999933218864244,-9.999972339203643
0,C3-P3,-0.002453373939335904,-9.985716134143937,-9.991236225507443,-0.00041839399851717544,-9.996381768865966,-9.998892132857069,9.549683481231618e-06,-9.999920071580082,-9.99982457474527,-2.9524998908063816e-06,-9.999902558708355,-9.999971942455788
0,P3-O1,-0.0051683868376641,-9.980044941142026,-9.99167381152677,-4.567353279117452e-05,-9.99932286693001,-9.999596908126756,-4.347193652704564e-05,-9.999404007483804,-9.999838726849074,-2.4659413319172313e-06,-9.999914364813737,-9.999972314435038
0,Fp2-F8,0.00011851772481535108,-9.999941649915725,-9.99967498503489,0.00013916039395051334,-10.000562328002063,-9.99972736563836,4.8724802202831584e-05,-10.00037036377233,-9.999883115750302,-2.558310486782716e-06,-9.999890671193784,-9.999950791490223
0,F8-T4,-0.0003217269091802877,-9.99867285814794,-9.999396743693595,4.240583415570341e-05,-10.000111795492579,-9.999857360487646,8.028990281384124e-05,-10.000569901612891,-9.999767002584752,-3.287567750267842e-06,-9.999872544166074,-9.999949802008205
0,T4-T6,-0.0008428958140303222,-9.996868198087252,-9.998764713668821,-4.1485981795599064e-05,-9.999420204685189,-9.999669120575962,5.1335534456300006e-05,-10.00036556811596,-9.999852212771398,-8.202539978264178e-06,-9.9997301839661,-9.999922943655589
0,T6-O2,-0.0035325202059775717,-9.987039101340656,-9.994987271804106,4.6810724665295504e-05,-9.999974225129002,-9.99969336078101,0.00010853139133832555,-10.0008802447902,-9.999794930876815,-9.00536606975416e-06,-9.999695791721788,-9.999907417824426
0,Fp1-F7,-0.0017255209511671604,-9.994067283074529,-9.997949705214655,0.0001169004185890786,-10.00047982170217,-9.999778419190635,-1.61952704594521e-06,-9.999895349694762,-9.999911544965222,-3.079224585985324e-06,-9.999886650284676,-9.999959012062446
0,F7-T3,-0.008962313406367155,-9.968449469716774,-9.9886146748811,-6.337831365572156e-05,-9.999456626407113,-9.999836896289047,4.408157124807402e-07,-9.999974974659322,-9.999970566502197,-1.8768449034544964e-06,-9.999937488970403,-9.999981594825634
0,T3-T5,-0.004183121459042167,-9.984476235617402,-9.993888258900247,-0.0002540030225835221,-9.997417917924535,-9.998941936060037,2.78006149098187e-05,-10.00002094613212,-9.99974293998302,-1.1776063461698266e-06,-9.999942613013904,-9.99997028676304
0,T5-O1,-0.031174417857014258,-9.888080636541961,-9.958223076720243,-0.0002720090589668398,-9.996230853906036,-9.997862908259837,-4.5272785483494745e-05,-9.999215810059358,-9.999668537914193,-4.621633586453885e-06,-9.999840727932531,-9.999949336321812
0,Fz-Cz,-7.790919434050537e-05,-9.999437519909355,-9.99961281559662,-1.2763579254087399e-05,-9.999879939096346,-9.99995652057187,6.181387534955108e-05,-10.00044266859011,-9.999824529836616,2.587983442669414e-08,-9.999992982178593,-9.999992374002485
0,Cz-Pz,-0.0005840528133298853,-9.997576769089397,-9.998890887919389,2.7994390027840476e-05,-9.99987822914427,-9.999710262804104,0.0002078663795381323,-10.001569181304214,-9.999490517508834,-1.366706177284189e-06,-9.999929189674699,-9.999961307269865
0,Fp2-F4,0.00039086096218584725,-10.000332188310027,-9.999452751145109,-1.608569175116315e-05,-9.999725277285423,-9.999821791435929,8.490686725285565e-07,-9.999924722738797,-9.99991623205207,-1.8836624253461563e-06,-9.999931576197518,-9.999975842264513
0,F4-C4,-0.019483864609137747,-9.923149401330116,-9.966988096700677,-0.0004049697184380137,-9.99676584253827,-9.999195660848898,-4.489623368835909e-05,-9.999400610206356,-9.99984957254324,-5.75005284026195e-07,-9.999972157789388,-9.999985670413563
0,C4-P4,-0.0022808950642864718,-9.99055333631622,-9.995685350210865,-0.00029713179226258286,-9.997638767758122,-9.999421558511697,1.2151753134637047e-05,-10.000073995935903,-9.999952478404557,-3.4530798837134477e-07,-9.99998168259386,-9.999989797331587
0,P4-O2,-0.05700123936133362,-9.775119765151752,-9.903372553714753,-0.0007794524240627438,-9.994281207572422,-9.9989579221168,-0.00022581983106521105,-9.997143214899438,-9.99940141321009,-4.038451736226715e-06,-9.999842111210386,-9.999937014826187
0,Fp1-F3,-0.003158775418996136,-9.988082387584047,-9.995189632276789,-0.000153750236507648,-9.998242715883958,-9.999165217303004,3.7503793164071006e-05,-10.000293468504958,-9.999918430573318,-4.545416551840291e-07,-9.999958327357072,-9.99996900908597
0,F3-C3,-0.0021603370745744287,-9.988923992242068,-9.993784750659861,-0.00010652392376302553,-9.998960642879718,-9.999599786422296,-1.0479698429946762e-05,-9.999846015707398,-9.999950812691697,-1.299040759822442e-06,-9.999945674795812,-9.999976202253668
0,C3-P3,-0.005064566059417047,-9.979938938846749,-9.991334212480437,-0.00018548324939196716,-9.998541067810683,-9.999653967307035,-9.829506044103935e-05,-9.998800399921011,-9.999783350525421,-2.8952421006607468e-06,-9.999895211965562,-9.999963250154927
0,P3-O1,-0.02639478827470271,-9.905976724263507,-9.965364997881588,0.00011858512911217022,-10.000232679552433,-9.99952116877776,-0.0001933879691491574,-9.997443539046715,-9.999377418738208,-2.0033802456074234e-06,-9.999924096167936,-9.999971175603708
0,Fp2-F8,-0.022733616054181862,-9.91329952895914,-9.964450165081049,-0.0001500707423601304,-9.99848766334687,-9.99938808780103,-3.592476009980164e-05,-9.999569810817825,-9.999929058418823,-1.912556338186994e-06,-9.999919496629927,-9.999964441703874
0,F8-T4,-0.05162861094470923,-9.814485661885927,-9.930650036511523,-0.0006708372096319022,-9.995004066721988,-9.999029089979778,-4.960578334412932e-05,-9.999302426335404,-9.999798484168846,-2.0000064319991987e-06,-9.99990668262815,-9.999953682779303
0,T4-T6,-0.03581479329302338,-9.868716402063425,-9.949299686972727,0.00026590870901800926,-9.997971821710042,-9.996376369455934,-0.0005026819098193221,-9.993779144236123,-9.998805963334316,-7.24768664670098e-06,-9.999749258307995,-9.999919578944192
0,T6-O2,-0.09699124996489379,-9.61902961925434,-9.837259931675352,-0.0017882121304528197,-9.98281892164739,-9.993548194430106,-0.0003953538279531128,-9.995094876542018,-9.999048414821548,-8.102587965551334e-06,-9.99972321297601,-9.9999136237932
0,Fp1-F7,-0.000846011071535892,-9.995838605816143,-9.997742130727099,2.874630779872014e-05,-10.0000486881505,-9.999876210303707,3.763292500525985e-05,-10.000279880555254,-9.999903551305202,-4.27767347191814e-06,-9.999853713292884,-9.999954238619475
0,F7-T3,0.000153800050826112,-9.998032340218858,-9.997686290104498,5.466175416824061e-05,-9.999701007201574,-9.999373036676564,2.8868859948209368e-05,-10.000152657002953,-9.99986396840347,-1.2287596768343342e-05,-9.999605167660219,-9.999893926184274
0,T3-T5,-0.012622117603580682,-9.955348321955585,-9.983748086563642,-7.548561235121142e-05,-9.999173933686036,-9.999626847360144,5.4645429679914786e-05,-10.00020789694345,-9.999661442646651,-4.723322700210221e-06,-9.999838058725652,-9.999949056809108
0,T5-O1,-4.904164394902399e-05,-9.99487333415745,-9.994983677856336,2.487668793666011e-05,-9.999253289273533,-9.999104029145913,-9.868970634810291e-05,-9.998633536459494,-9.999620433522974,-1.182043862142799e-05,-9.999633463073181,-9.999911243380785
0,Fz-Cz,-0.003248067379648061,-9.986931289378136,-9.994239440982344,-6.393849839288475e-05,-9.999351954269935,-9.999735585260293,9.795483720619824e-05,-10.000696806333789,-9.999717257961727,-1.0379909595395121e-06,-9.999956449770139,-9.999980842557688
0,Cz-Pz,-0.008708002544795956,-9.969467599576753,-9.989060605302543,-3.725338763967879e-05,-9.999635745406598,-9.999859265732436,8.358268430098628e-05,-10.000353296933746,-9.999517470090735,-1.8719556944717023e-06,-9.999916074545979,-9.9999600655048
0,Fp2-F4,-0.0914539588062665,-9.66179936424218,-9.867570771556279,-0.044192793825652985,-9.649161811869186,-9.914318574823104,2.916857628564234e-05,-9.996617963028882,-9.996326277266025,-0.0001722670306747089,-9.994869634102518,-9.998917909323373
0,F4-C4,-0.12049667325361046,-9.22977764933182,-9.500895164152444,-0.08014912022702267,-9.331735561809625,-9.81263028317176,-0.003931514371214027,-9.939069422671247,-9.978384566383388,-0.0001904642307549169,-9.993888893056448,-9.99836480247919
0,C4-P4,-0.11363865091308076,-9.473669618052103,-9.729356582606535,-0.012116779066660307,-9.894169707021344,-9.966870381421305,-0.0012156488672301813,-9.985465629891648,-9.99762211856395,-3.797479188921287e-05,-9.998884006828597,-9.999776414437994
0,P4-O2,0.019090533950927798,-9.949608962531942,-9.906655261142355,-0.009044178223433853,-9.933436581452774,-9.987701650793378,-0.0002559562606561462,-9.995795108138031,-9.998354670744593,-1.5549657191343947e-05,-9.999506862220317,-9.999872279164313
0,Fp1-F3,0.047522853592217515,-9.834341645461173,-9.727415224878683,-0.05332969891162934,-9.580599612578437,-9.900577806048213,0.001972638386571982,-10.011780244268916,-9.992053860403196,-0.0002286175853713536,-9.993427927852009,-9.998800441108235
0,F3-C3,-0.047439606128097625,-9.62760520306966,-9.734344316857879,-0.04983050793356997,-9.5827960116541,-9.88177905925552,-0.001193477380534665,-9.975276511224552,-9.987211285029899,-0.00019996910254162472,-9.99415628825961,-9.998855562169338
0,C3-P3,0.011378050599642864,-9.993422034385512,-9.967821420536316,-0.0007526637909539845,-9.99195679370444,-9.996472776450164,-0.0006510826607386668,-9.99218062515025,-9.998691451757637,-2.8570777576361788e-05,-9.999168896113545,-9.99984030938659
0,P3-O1,-0.0083243301081197,-9.96461499542933,-9.9833447381726,4.9869189885525184e-05,-9.999998048868637,-9.999698833729324,6.63851043861744e-05,-10.000416802061915,-9.999752951018053,-3.164194495620382e-06,-9.999886447514355,-9.999960806085001
0,Fp2-F8,-0.051448785766364545,-9.647286720780796,-9.763046488755116,-0.05287433479858568,-9.47640713958476,-9.793653148376274,0.0001637258569230571,-9.976433439344262,-9.974796180775032,-0.0008676508928749634,-9.973253569676837,-9.993643365659398
0,F8-T4,-0.22604529739726192,-9.044997838974577,-9.553599758118416,-0.06713431091169782,-9.271342276615034,-9.67414814208522,0.007548363691838708,-10.061700152721656,-9.98621651580327,-0.0010228990334037696,-9.967923487205661,-9.99196161449065
0,T4-T6,-0.2832262288949271,-8.784379783113463,-9.421638798127049,-0.005334882584080644,-9.956055931611392,-9.988065227115875,-0.0008838185806289546,-9.987641817614485,-9.996480003420775,-3.7217911494605365e-05,-9.99885450133634,-9.999729122256463
0,T6-O2,-0.11689914980556329,-9.56058744142664,-9.823610528489157,-0.005154203830620013,-9.960850931713155,-9.991776154696876,-0.0001865660145866179,-9.997294748151099,-9.999160408296964,-8.070792211402004e-06,-9.999742743172972,-9.99993240678994
0,Fp1-F7,0.15639294524633238,-9.874945992624912,-9.523061865820665,-0.10409993631535924,-9.109099286003156,-9.733698903895311,0.001378477083061748,-10.004563728565737,-9.990778957735118,-0.00019017099921728436,-9.994407839295146,-9.998876857776752
0,F7-T3,0.039976164891516404,-9.647283719671016,-9.557337348665104,-0.09223785805484852,-9.164882049106515,-9.718309197435605,-0.0024940336015908627,-9.963413094936183,-9.988353430952092,-0.00027965544985247815,-9.991583256157918,-9.998155159229452
0,T3-T5,-0.033602483375181784,-9.829039143959397,-9.904644731553557,-0.00102385779249117,-9.992338430333328,-9.998481577088276,2.7438039411263374e-05,-9.998735593343934,-9.998461212949822,-1.182973752878828e-05,-9.999607240251445,-9.99988523908337
0,T5-O1,-0.00903266973301542,-9.965217599787746,-9.98554110668703,-2.6019943189734176e-05,-9.999222068235492,-9.99937818789463,0.0001346956925239377,-10.000791056818692,-9.999444099893452,-5.742879292520886e-06,-9.99978707026334,-9.999922027926713
0,Fz-Cz,-0.03597485897834564,-9.81449070073113,-9.895434133432406,-0.008012290541514627,-9.932892154420367,-9.980965897669455,0.00040217487257824874,-10.0020780400913,-9.998056291365518,-1.9102456185576054e-05,-9.999401427092659,-9.99985033481302
0,Cz-Pz,-0.019374241060269574,-9.891282089799944,-9.93487413218555,-0.0019715726175204514,-9.98344873494144,-9.995278170646563,3.877486309745101e-05,-9.99996676580777,-9.999579017176796,-1.4846674911467018e-05,-9.999535189870684,-9.999884086731104
0,Fp2-F4,-0.06123969669432588,-9.785286715991651,-9.923076033553885,0.0010592130804527456,-10.002404027164284,-9.996048748681567,-0.000223696485484246,-9.997283686423554,-9.999520651278397,-5.097201589157154e-06,-9.999797318424271,-9.999917102661616
0,F4-C4,-0.009573843107459906,-9.963144938577528,-9.984686085569313,-0.0074666589811926195,-9.935570746442371,-9.980370700329527,-0.001182755104505605,-9.985470474289075,-9.99729802533413,-3.658167666565021e-05,-9.998757652484,-9.999617321885644
0,C4-P4,-0.07612029247242644,-9.724438487617382,-9.895709145680343,0.0021822957349906707,-10.00542013417231,-9.992326359762366,3.6042241815328196e-05,-10.000214788590618,-9.999854366172466,-4.746605716511244e-06,-9.999835322456963,-9.999946867691301
0,P4-O2,-0.18179709952842796,-9.349688880263265,-9.758732354202229,-0.0011273997732489105,-9.990066524821838,-9.996830923461332,-0.00014980491576512507,-9.997457276964807,-9.99895532612246,-1.0062107337923661e-05,-9.999650888762359,-9.9998873482848
0,Fp1-F3,-0.08191388644741872,-9.709265565226342,-9.893571809733034,-0.00126127283541215,-9.984986005483886,-9.99255364249636,-0.0007436320533433548,-9.990902570061271,-9.998338890594704,-8.093071668737699e-07,-9.999950749216605,-9.999969767935028
0,F3-C3,-0.07375904606215958,-9.743352311957452,-9.909310165597311,0.00015304472335241632,-9.995732589937997,-9.994814321597882,-0.0007121616942146742,-9.990185541343347,-9.997307158285494,-3.324054897824369e-06,-9.999882266443386,-9.999960381733485
0,C3-P3,-0.16258214923594583,-9.41260671643326,-9.778416552214138,-0.0024978901012667875,-9.98103892927261,-9.996026269880211,2.686521522570163e-06,-9.999857520706204,-9.999830655490978,-6.458904622485592e-06,-9.999793058062233,-9.999944842320861
0,P3-O1,-0.17420389007160356,-9.363718727271074,-9.755677479932181,-0.00015959865615934935,-9.996743438109633,-9.997701030046588,-0.00012773057495739249,-9.997947644792132,-9.999224950541706,-1.100348399189431e-05,-9.999658764460051,-9.999917346333861
0,Fp2-F8,-0.12066046703085864,-9.576894476404261,-9.848380527223693,0.008059001115128825,-10.01824077841492,-9.969886771724148,-0.00036917006112665624,-9.995109529007642,-9.998801229618909,-7.254036843879001e-05,-9.9977446867417,-9.999449385400013
0,F8-T4,-0.10113117635583148,-9.637394073487284,-9.864939220287905,-0.0017593496412666727,-9.983110223959748,-9.993666321807348,-0.0011730853332462454,-9.985147892712913,-9.996878746045375,-4.655011093529668e-05,-9.998334271736326,-9.999428199343305
0,T4-T6,0.003149999274699556,-10.000708751394678,-9.993621253026603,0.00357780707030711,-10.00919744487154,-9.987730602449698,-0.00042469765666006023,-9.994113721371274,-9.998360697937875,-8.48316361787259e-06,-9.999725814620373,-9.999925168965392
0,T6-O2,-0.08517589020133501,-9.700219744224226,-9.89186549717723,-0.0002462930665011212,-9.997586529271716,-9.999064287670723,-2.0091720257552213e-05,-9.999231660604117,-9.999432577806692,-6.667471811319222e-06,-9.999762313170459,-9.999918998758025
0,Fp1-F7,-0.0002901331138567833,-9.996110407000387,-9.996763206506564,5.596397335638476e-05,-9.999827988458136,-9.999492204617999,2.909926245245267e-05,-10.000190132864615,-9.99989914024009,-2.9421270952487095e-06,-9.999896295048298,-9.999965435035037
0,F7-T3,-0.06452972172804936,-9.74747205260276,-9.89266392649087,-0.0025951103620551696,-9.979812342174144,-9.995383004346476,-0.0004473250990284216,-9.99421828239072,-9.998691533381004,-4.1270089281607675e-06,-9.999871887436449,-9.99996887214626
0,T3-T5,-0.007634827127164686,-9.958863723423276,-9.976042084459397,-0.0008122701685808762,-9.993350895799226,-9.998224516810712,-9.038563340552852e-05,-9.998680025733298,-9.999583882067354,-6.7753881195702295e-06,-9.999780582901012,-9.999939804521823
0,T5-O1,-0.047598427733624014,-9.823955358230556,-9.93105182063121,-0.004283612651143454,-9.967329061567774,-9.993030737474635,-0.0005299710434600335,-9.992699529892981,-9.997999240327582,-9.799768477954549e-06,-9.999670921195698,-9.99990121575493
0,Fz-Cz,-0.00031689425285810784,-9.997197155671865,-9.997910167740795,-0.001352317934937287,-9.989219231922176,-9.9973331395318,6.253439114173385e-05,-10.000373655515295,-9.999748311603877,-2.078159441358745e-06,-9.999922296016795,-9.999971132763667
0,Cz-Pz,-0.09981919461912593,-9.635874593562482,-9.860467781455515,-0.0008630096087454468,-9.993254066948406,-9.998432124600878,1.0144465976064727e-05,-9.999713848532538,-9.999612403872778,-7.30736858067194e-07,-9.999933602879283,-9.999950775195448
0,Fp2-F4,-0.003384348632506513,-9.987416900241207,-9.995031684664347,-5.3968920245183924e-06,-9.999942357370772,-9.99997473872292,-1.0154850521332496e-06,-9.999983697603094,-9.999993852453615,-8.602762124415416e-07,-9.999970607892188,-9.99999082438318
0,F4-C4,-0.0001594085163871134,-9.999088532468587,-9.999447201630458,-3.7207849427462496e-05,-9.999701411051797,-9.999924658148363,7.0022834224267675e-06,-10.000050422650812,-9.999980399816588,-2.437953436965309e-07,-9.999986357474612,-9.999992086665188
0,C4-P4,-0.0015918157487183325,-9.994499102229844,-9.99808068766446,-2.281587993616552e-06,-9.999961155555974,-9.999974845083935,-2.19311010800947e-06,-9.999970360087909,-9.99999229118899,-4.3723730609445025e-07,-9.999981444815937,-9.99999171989263
0,P4-O2,-0.0014565465449259587,-9.99469173500416,-9.997968964730244,-3.072685173301113e-05,-9.999716047753767,-9.999900408864164,3.347126926435625e-06,-10.000016339382984,-9.99998286811372,-9.935319998012847e-07,-9.999957790772289,-9.999981138774285
0,Fp1-F3,4.778669735410057e-05,-9.999811274607072,-9.999703754538025,9.816073800651009e-06,-9.999992779403266,-9.999933882960462,5.694893003133211e-06,-10.000045745289507,-9.999988796359474,1.0690769315651752e-06,-10.000001467748845,-9.999976344440954
0,F3-C3,-0.0014890562641463535,-9.993230845748473,-9.996581222342803,-7.279619677279993e-05,-9.99940850159132,-9.999845278771957,-1.1713543644639398e-05,-9.99972223589939,-9.999839371335835,-1.4510068946381305e-06,-9.99994401013645,-9.999978108798473
0,C3-P3,-0.0002548702188728992,-9.998836437563426,-9.99940989555589,-0.00010906340781425857,-9.99908014770376,-9.999734528150645,8.288049601450808e-06,-9.999959361508806,-9.999876481012791,-4.5771695813629197e-07,-9.999975080160006,-9.999985836508522
0,P3-O1,-0.001399867466096778,-9.994943075581375,-9.998092777380092,-2.755359870028967e-06,-9.999971248577982,-9.999987780737202,4.888810986938204e-06,-10.000041051995114,-9.999992163885244,-3.758328638594733e-07,-9.99997494296364,-9.99998377503594
0,Fp2-F8,-0.007831910358448314,-9.971731259043237,-9.989353057349746,-5.5428201046584097e-05,-9.999537286779555,-9.999869855985834,-1.991011876558126e-06,-9.999966910531342,-9.999986820650108,-5.206834165580795e-07,-9.999974076447463,-9.999986312507753
0,F8-T4,-0.004358140098554085,-9.984379377750143,-9.994185192971889,-5.8162214948770497e-05,-9.999565755002063,-9.999914728291756,7.697895730524381e-07,-9.999991836756369,-9.999984138860638,-1.3998138297245317e-06,-9.999943166111754,-9.999976061736753
0,T4-T6,-0.0011980903758667442,-9.995754270104344,-9.998449973450045,3.881429922921276e-09,-9.999975994233097,-9.999975970944517,-6.9997956245821e-06,-9.99991630469376,-9.999986302650006,-1.1571376512468004e-06,-9.999953397850238,-9.999980590585041
0,T6-O2,-0.0022243708028143612,-9.991635004843252,-9.996639839149584,-2.6401711717770324e-05,-9.999685331437487,-9.999843741707794,-9.121009275101435e-06,-9.999879696631949,-9.9999709067247,-8.753853246868352e-07,-9.999961166376089,-9.999981737931218
0,Fp1-F7,-0.0003134536372315887,-9.998710798612313,-9.999416069296084,1.1413599215692184e-05,-10.000003391522466,-9.999934909927171,8.724697715593429e-06,-10.000069437902152,-9.999982190924996,-9.993205328218497e-08,-9.999968778742826,-9.999971127146077
0,F7-T3,-0.0002695715968136854,-9.999011479962011,-9.999618016054841,-3.407837592583172e-05,-9.999732552939438,-9.999937023194994,5.05998365808911e-06,-10.000030116527034,-9.999979516690454,-7.741900947299707e-07,-9.9999650921985,-9.999983285665728
0,T3-T5,-0.0027805789467734506,-9.989108782288207,-9.995365084918447,-7.312099118173945e-05,-9.999364569379123,-9.999803295326213,1.1209619229354734e-05,-10.000070010825919,-9.999957914633626,1.3709967960570921e-07,-9.99997447419556,-9.999971252353088
0,T5-O1,-0.00015125591554966813,-9.99928761785667,-9.999627943666656,-1.9171232585296054e-05,-9.99984563305551,-9.999960660451023,2.353774623622105e-06,-9.999991568953215,-9.99996803120698,-2.1271232623603978e-07,-9.999973890892113,-9.999978889631779
0,Fz-Cz,0.0001720023185860228,-9.999635315451261,-9.999248310234442,-4.20417262059848e-05,-9.999564624808947,-9.999816875166182,-8.38373432106185e-06,-9.999894485825724,-9.999978323168934,-1.6942737576863265e-06,-9.999943760274224,-9.99998357570753
0,Cz-Pz,-0.00046092633201140677,-9.998107825528955,-9.99914490977598,-1.0565594248063873e-05,-9.999780218472527,-9.999843612038015,5.774472763077516e-06,-10.000031889176213,-9.999974144448583,-4.46323918105569e-07,-9.999970248234927,-9.999980736847002
0,Fp2-F4,-0.0002473207969573921,-9.999105234678408,-9.999661706471562,-2.617732628981819e-05,-9.999795742464404,-9.999952806422142,-5.737022221506833e-07,-9.999984600670555,-9.999990337692775,-1.0852372462775429e-07,-9.999986193359517,-9.999988743667046
0,F4-C4,-1.517987763538003e-05,-9.999841971343177,-9.999876126067857,2.2715797287749544e-06,-10.000002401365611,-9.999988771887239,1.6128448134321527e-05,-10.000129933671712,-9.999968649190368,-5.836487393545451e-07,-9.99997946240872,-9.999993178154096
0,C4-P4,-6.616423441609889e-05,-9.999753563341393,-9.99990243286883,-8.734973014631293e-06,-9.999901804315611,-9.999954214153698,2.8444994720854515e-06,-10.000021009258827,-9.999992564264106,5.149269022114946e-08,-9.999998821303462,-9.999997611225242
0,P4-O2,-6.947450472080116e-05,-9.99970031097709,-9.999856628612712,-6.82664746648679e-06,-9.999937533249506,-9.999978493134305,7.664908285042614e-08,-9.99998322440863,-9.999982457917802,-7.692468648274568e-07,-9.999954682108141,-9.999972759409465
0,Fp1-F3,-0.0007912408542272647,-9.997027614115373,-9.998807906037385,3.1711626114546035e-05,-10.000048854439486,-9.999858584682798,-7.110504612932643e-06,-9.999879658226183,-9.999950763272313,-1.949944604077292e-06,-9.999925928673415,-9.99997175237161
0,F3-C3,-0.0018054976260217536,-9.992679098794062,-9.99674146845261,-7.315717410721074e-05,-9.99935031782026,-9.999789260864905,9.24287723803199e-06,-10.00005225895202,-9.999959830179641,-2.1789463130209524e-06,-9.99992171311562,-9.999972918353976
0,C3-P3,-0.0022029813281843748,-9.991545207640492,-9.996501915628906,-2.689794600445465e-05,-9.99975185027659,-9.999913237952617,7.829758241213097e-06,-10.00000977560194,-9.999931478019528,-2.1741964257906438e-07,-9.999981434656377,-9.999986544017977
0,P3-O1,-0.00038159260970049803,-9.998629974183183,-9.99948855755501,-6.168988824902815e-07,-9.999972419553359,-9.999976120946654,-3.179974817928249e-06,-9.999942949408451,-9.99997474915663,-1.1407897325585748e-06,-9.999951192170096,-9.999978000728811
0,Fp2-F8,-2.327620132484789e-05,-9.99986679742977,-9.99991916888275,1.7517124186469553e-06,-10.000000318574223,-9.999989808299711,8.401783236746659e-06,-10.000059058971054,-9.999975041138686,-1.6552984945444465e-07,-9.999978847610093,-9.999982737561554
0,F8-T4,-0.00031261954601916064,-9.998845478488077,-9.99954887246662,-1.0169098296802805e-05,-9.999921045954519,-9.9999820605443,6.023397954191395e-06,-10.00003378003594,-9.999973546056397,-7.524455499525569e-07,-9.999964161294857,-9.99998184376528
0,T4-T6,-0.00032765698713343116,-9.99872276451716,-9.99945999273821,3.5964548599433737e-06,-9.999976471640677,-9.999954892911518,-1.0150864368393795e-06,-9.999983495226513,-9.99999364609088,-1.2186609350556803e-06,-9.999948266433817,-9.999976904965791
0,T6-O2,-0.00021348352507607633,-9.999151327947756,-9.999631665879177,-9.429963190848525e-06,-9.999911872781853,-9.999968452560998,6.8316848316896634e-06,-10.000032306561495,-9.999963989713178,-1.2171647180319872e-06,-9.999948756800165,-9.999977360171039
0,Fp1-F7,-0.0003395885733625109,-9.998751680353127,-9.999515754643193,4.6794562206504014e-05,-10.000135108863606,-9.999854341490368,2.032875533907084e-06,-9.999987835543214,-9.999967506787875,-1.822020204912752e-06,-9.999919789335502,-9.999962606810318
0,F7-T3,-0.00023166913904014305,-9.998810369422118,-9.99933162498496,-3.525124800903948e-05,-9.999683976362268,-9.999895483850322,3.3893173184768984e-06,-10.000008135148727,-9.999974241975542,-6.003302444009208e-07,-9.9999722709584,-9.999986378719143
0,T3-T5,-0.0001549751919806731,-9.999425497902443,-9.9997741920844,-2.6889729235405056e-05,-9.999775561136905,-9.999936899512317,2.97922486364757e-07,-9.999990737723877,-9.999987758499014,1.76560749075041e-07,-9.999972702685946,-9.999968553508344
0,T5-O1,-3.910320407456774e-06,-9.999971666348294,-9.99998046456921,4.1139652986233655e-06,-9.999993887852359,-9.999969204060568,-3.615480256954093e-06,-9.99993941350021,-9.999975568302778,-4.0847253506254723e-07,-9.999965774671189,-9.999975373775763
0,Fz-Cz,-0.00020133425249011628,-9.998904280108201,-9.999357282176303,-1.7296147407343583e-05,-9.999833806856516,-9.99993758374096,1.7914178859078103e-05,-10.00011862784912,-9.99993948606053,-1.5424003296612124e-06,-9.999947132104072,-9.99998337851182
0,Cz-Pz,-0.00015305986441883316,-9.999341809500994,-9.999686194195936,-1.072613498943808e-05,-9.999892023035512,-9.999956379845448,-5.160199043309494e-05,-9.999247309654114,-9.999763329558446,-3.7681077629443824e-07,-9.999965581917591,-9.999974436970835
0,Fp2-F4,-0.0001097414675993457,-9.999587360943131,-9.99983427924523,2.8443286692905155e-06,-9.99999490538407,-9.999977839412056,7.647124444456823e-06,-10.000060828773561,-9.999984357529117,-5.049191423750466e-07,-9.999975990676104,-9.99998785627595
0,F4-C4,-6.261801731273695e-05,-9.999667940212454,-9.999808830751407,-1.1782224797838088e-05,-9.999890227836946,-9.999960921185734,1.2247527221929161e-05,-10.00006805560275,-9.99994558033053,-9.96676753271252e-07,-9.999963777256646,-9.999987199160348
0,C4-P4,-1.5103609609611601e-05,-9.999874332118653,-9.999908315240274,-9.653766995583861e-07,-9.999990233991127,-9.999996026251324,-1.9003579483006867e-08,-9.999993722533551,-9.999993912569346,5.358617006707614e-08,-9.999996272655517,-9.99999501338052
0,P4-O2,-0.0002559100085072546,-9.999120253759182,-9.999696051278324,-2.8380500772059707e-05,-9.999777248221747,-9.999947531226379,-1.0852409299062249e-05,-9.99987088752079,-9.999979411613781,-8.457849138835116e-07,-9.999960749149542,-9.999980625095018
0,Fp1-F3,-0.00045913796851900125,-9.995691498768048,-9.996724559197215,-0.00011832858051766077,-9.998889402446842,-9.999599373929948,-1.6755574303957392e-05,-9.999792560760635,-9.999960116503676,-3.5897022105252014e-06,-9.999873614982596,-9.999957972984543
0,F3-C3,-0.0034970330681006936,-9.987311052771712,-9.995179377174939,-0.00031303066252166796,-9.997301700536564,-9.999179884511694,-6.264737423336638e-05,-9.999181154840171,-9.999807628582504,-2.3729038908000553e-06,-9.999917260381215,-9.99997302362265
0,C3-P3,-0.003085195039775437,-9.984218803547344,-9.99116049238684,-0.0011199153085482201,-9.990055634933324,-9.996775126784613,-8.571743529051555e-05,-9.998930725910736,-9.999787900263641,-5.400958312255653e-06,-9.999828047128828,-9.999954969649165
0,P3-O1,-0.0003914882768179244,-9.998661179105088,-9.999542027727928,-4.7630982324195466e-05,-9.999593941942722,-9.999879727836667,-3.0277394315688477e-06,-9.999958562340808,-9.999988839735124,-7.143391765119969e-07,-9.999969028717528,-9.999985815688175
0,Fp2-F8,-4.5210694048157016e-05,-9.999749378196162,-9.99985110225777,2.2945602539979943e-06,-9.999997561872574,-9.99998379451105,-1.7735674764533786e-06,-9.999968724458276,-9.99998646013304,2.0765419012458107e-07,-9.999988942036007,-9.99998406216254
0,F8-T4,-0.00047656591935008117,-9.998241674322395,-9.999313947640934,1.0157219261423464e-06,-9.9999908542421,-9.999984759910543,-6.215680649487651e-06,-9.999864433247488,-9.999926590053983,-2.220846476227725e-06,-9.999920470307384,-9.999972660199575
0,T4-T6,-1.965154943039851e-07,-9.999858821562922,-9.999859263722785,4.941574859677022e-07,-9.999996036690364,-9.999993071745449,-2.231824740478101e-06,-9.999960603673243,-9.999982921920648,-1.5027925350699208e-06,-9.999940075976703,-9.999975391601277
0,T6-O2,-0.00016403311395179218,-9.999439073829107,-9.999808148335498,-3.828261188187087e-05,-9.999697452890176,-9.999927148561467,-3.323467930771498e-05,-9.999613172502716,-9.999945519295794,-9.569768122797628e-07,-9.999959276009234,-9.999981764964323
0,Fp1-F7,-0.0002606899564905369,-9.998628030989877,-9.99921458339198,-4.997652738577803e-05,-9.999526102373142,-9.999825961537457,-1.227595023204554e-05,-9.99984629219475,-9.99996905169707,-2.8136454008355412e-06,-9.999885893133818,-9.999952013800739
0,F7-T3,-0.00010234772881711937,-9.999574669194567,-9.999804951584405,-3.0752079136042574e-05,-9.999737453753383,-9.999921966228198,-2.737306103642714e-06,-9.99995878373915,-9.999986156800185,-1.918426136200397e-06,-9.999938904658196,-9.999983987672396
0,T3-T5,0.00024661326036759843,-9.999786244708949,-9.999231364873122,-2.4653201634216765e-05,-9.999484948389142,-9.999632867598947,2.3485059674828335e-05,-10.000119784561347,-9.9998849339646,-1.863539931152065e-06,-9.999911244675477,-9.99995503786386
0,T5-O1,-0.0010783152120632338,-9.995663957474905,-9.998090166702047,2.8593642123897574e-05,-10.000066797889241,-9.999895236036497,8.967842716484166e-06,-10.000023785983501,-9.999934107556337,-1.3126577914770102e-06,-9.999929403674487,-9.999960251132586
0,Fz-Cz,5.7689798810452675e-06,-9.999851072760917,-9.999838092556185,2.7760101258446676e-06,-9.999994000885918,-9.999977344825163,7.91930113458262e-06,-10.000036312484763,-9.999957119473418,-6.286743481295375e-07,-9.99997393056155,-9.99998870440873
0,Cz-Pz,-0.001277587051978513,-9.995028532767275,-9.997903103634227,-6.630693371318617e-05,-9.999441916786806,-9.999839758389085,-6.490921978829811e-06,-9.999855024930742,-9.99991993415053,-4.088079560633959e-06,-9.999848277361936,-9.999944347231612
0,Fp2-F4,-0.00012928491427621107,-9.999041210387837,-9.999332101444958,-1.013834611960393e-05,-9.999881283138482,-9.9999421132152,-1.302025241963193e-06,-9.9999782524928,-9.99999127274522,-2.531190614941202e-08,-9.999989733813965,-9.99999032864376
0,F4-C4,-9.284645923065766e-05,-9.99960002887138,-9.99980893340465,-4.512995818692508e-05,-9.999626222333804,-9.999897002082925,-2.336736419234905e-06,-9.999958918621003,-9.999982285985196,-1.3236345706289365e-07,-9.999990947856391,-9.999994058397633
0,C4-P4,-4.6032168026293985e-05,-9.999812594865617,-9.999916167243676,-5.896670636548423e-07,-9.99997284001688,-9.999976378019262,-3.6721370907605395e-06,-9.999944791348526,-9.999981512719433,-1.6572530768710848e-07,-9.99998861647475,-9.999992511019482
0,P4-O2,-0.0005798198713031646,-9.997902869183415,-9.999207463893846,-3.858707887047876e-06,-9.999939303552347,-9.99996245579967,3.6316940839522507e-06,-10.000012081197537,-9.999975764256698,-1.330755946088465e-06,-9.999943241058165,-9.999974513822899
0,Fp1-F3,-0.00013893281422136514,-9.999395904054696,-9.999708502886694,2.031955399802719e-06,-10.000005516694586,-9.999993324962187,1.0125332744789937e-07,-9.999996820296111,-9.999995807762836,-4.572925070751339e-06,-9.999831945902292,-9.999939409641454
0,F3-C3,-0.002149320371874574,-9.991668158506926,-9.996504129343643,1.7335200977937888e-05,-9.99996110314215,-9.999857091936283,-6.277110147567461e-05,-9.999282415721149,-9.999910126735905,-2.9884526622532636e-06,-9.999898590760816,-9.99996881939838
0,C3-P3,-0.0021983388081168427,-9.990770466611664,-9.995716728929928,-5.022402454113524e-05,-9.99948331940272,-9.999784663549967,-0.00010071591055421567,-9.998852103359882,-9.999859262465424,-6.858191104851889e-07,-9.99997301380194,-9.999989130551036
0,P3-O1,-0.00013442816936112348,-9.998947670378882,-9.999250133759945,-2.621596256842482e-06,-9.999972381495088,-9.999988111072629,1.0647275600378737e-05,-10.000070547269523,-9.99996407451352,-1.4618204557215406e-07,-9.999984803621064,-9.999988238899135
0,Fp2-F8,-0.00023942600552084842,-9.999040695944414,-9.999579404456837,2.3104997498089643e-06,-9.999999852139311,-9.999985989140812,2.920387731054194e-06,-10.000008458125258,-9.999979254247947,-1.0703663067541394e-07,-9.99998295403779,-9.999985469398611
0,F8-T4,-8.532269578689008e-05,-9.99965256657529,-9.99984454264081,-1.5879381717143308e-05,-9.999861581740722,-9.999956858031025,-9.22034489311368e-06,-9.999887836860449,-9.99998004030938,-1.1030476953628782e-06,-9.9999403554515,-9.99996627707234
0,T4-T6,-0.00043292300345872396,-9.998465995675152,-9.999440072432934,-3.042423184090774e-05,-9.999666986120692,-9.999849531511737,-1.349301749664375e-05,-9.999845580855348,-9.999980511030314,-1.3035209414360657e-07,-9.999984507604225,-9.999987570878437
0,T6-O2,-0.0006535537086133343,-9.997611378468566,-9.999081874312946,-3.073859894316513e-07,-9.999971880309536,-9.999973724625473,-7.460449366839563e-07,-9.999937899733236,-9.999945360182604,-2.9712353800327044e-06,-9.99988761385321,-9.99995743788464
0,Fp1-F7,-0.00039234977491305734,-9.998485192785315,-9.999367979778869,-3.064472462307585e-07,-9.99996930999902,-9.999971148682498,-7.769692591302648e-06,-9.999886284452465,-9.999963981378379,-5.350963236253141e-07,-9.999961933291793,-9.999974508055399
0,F7-T3,-0.0004018574141029168,-9.998476557357382,-9.999380736539113,-6.196145939592253e-05,-9.999512269491486,-9.999884038247862,-1.041967312764989e-05,-9.999856440604834,-9.99996063733611,-1.6782734598332613e-06,-9.99994394288443,-9.999983382310736
0,T3-T5,-0.0003739738173135672,-9.998105291752196,-9.998946732841151,-2.746241904372688e-05,-9.999776571549086,-9.999941346063348,5.587654026899909e-06,-10.00004177307343,-9.999985896533161,-2.31755295234749e-07,-9.999966019268628,-9.999971465518065
0,T5-O1,-0.00036709361437696654,-9.998026781289648,-9.998852741921995,-2.020871820072505e-05,-9.99982136606378,-9.999942618372984,1.8249266899623494e-05,-10.000149324799223,-9.999966832130227,-5.835769790785105e-07,-9.999960807604417,-9.999974521663425
0,Fz-Cz,-0.0002735261115796518,-9.998994476659767,-9.999609910410822,-2.5401284014951043e-05,-9.999735347540737,-9.999887755244826,-7.184774880569774e-06,-9.99991289490492,-9.999984742653726,-1.2537948571625175e-06,-9.999953490453981,-9.999982954633124
0,Cz-Pz,-0.00035501194232779784,-9.998463689791425,-9.999262466661662,7.343533942746286e-07,-9.999949954637446,-9.99994554851708,5.3730311639221585e-06,-10.000005464368702,-9.999951734057062,-3.6585075694979135e-06,-9.999881677705888,-9.99996765263377
0,Fp2-F4,-0.00010707060001211905,-9.999271760170396,-9.999512669020424,-2.9822938244271074e-05,-9.999765906050337,-9.999944843679803,2.693226328295281e-07,-9.999991650262995,-9.999988957036667,-2.1947045051177258e-07,-9.999988721204696,-9.999993878760282
0,F4-C4,-2.6469526552311254e-05,-9.999881995122307,-9.999941551557049,-1.3901908533931091e-05,-9.999891294885266,-9.99997470633647,-1.1946769139242463e-06,-9.999983664827749,-9.999995611596887,-6.986967875166295e-07,-9.999971571715074,-9.999987991089581
0,C4-P4,-5.1836355884632334e-05,-9.999793388331005,-9.999910020131745,-7.506809487619657e-07,-9.999987925900403,-9.999992429986095,5.028685561823053e-06,-10.000039235073375,-9.999988948217757,-9.207400650538259e-07,-9.999965399805468,-9.999987037196997
0,P4-O2,-0.04996892433774563,-9.763934857824115,-9.876364937584043,-0.003247906070442395,-9.96361274606875,-9.983100182491404,-0.0005420084674607847,-9.989846740651231,-9.995266825325839,-0.00012649669004923873,-9.99552026651991,-9.998492938736065
0,Fp1-F3,-0.00027197642750857677,-9.99885624554978,-9.999468192511674,-2.550932751413564e-05,-9.999809512063926,-9.99996256802901,1.2429038304853156e-05,-10.000091010485008,-9.999966720101959,-8.285660447675974e-07,-9.999953402386943,-9.999972873688995
0,F3-C3,0.00020518512070779354,-9.998431698149084,-9.99797003162749,-4.737890479451771e-05,-9.99958984268319,-9.999874116111956,3.20978646651278e-05,-10.000231168322072,-9.99991018967542,-1.17411693932259e-06,-9.99995310144558,-9.999980693193654
0,C3-P3,-6.545515424725722e-05,-9.997050194197922,-9.997197468294978,-0.00010098482363576492,-9.999178380178337,-9.999784289120152,1.0779141950771907e-05,-10.000071009456871,-9.999963218037363,-1.63354227663078e-06,-9.999936450251292,-9.999974838494794
0,P3-O1,-0.0023330263371379766,-9.991703048218648,-9.996952357477209,-1.965755240292356e-05,-9.999834690294227,-9.999952635608645,4.853944422744197e-06,-10.000026448487926,-9.999977909043698,-9.632352574946083e-08,-9.999984543885773,-9.999986807488629
0,Fp2-F8,-0.00026485174689000734,-9.998973895413478,-9.99956981184398,5.426716866628712e-07,-9.9999771737183,-9.99997391768818,-9.655907866254316e-06,-9.99988772887147,-9.99998428795013,-4.6546150011412194e-08,-9.999986041499161,-9.999987135333686
0,F8-T4,-6.341430627139403e-05,-9.999644257695333,-9.999786939884444,-1.3162178597237506e-05,-9.999887253689236,-9.999966226760819,-9.292508655445543e-06,-9.999890380386349,-9.999983305472904,-1.6385821992922433e-06,-9.999931392507838,-9.999969899189521
0,T4-T6,-5.970498327123722e-05,-9.999712504473623,-9.999846840685983,-5.044807731260349e-06,-9.999934083282271,-9.999964352128659,-1.748955922527261e-06,-9.99996571558353,-9.999983205142755,1.1007364399870077e-07,-9.999993011550284,-9.99999042481965
0,T6-O2,-0.05088514218617847,-9.762509754015174,-9.877001323934076,-0.0033828690024609825,-9.963016510645497,-9.983313724660263,-0.0005125923971721525,-9.990245495871536,-9.995371419843257,-0.00013408425375848124,-9.995291432894067,-9.998442412857392
0,Fp1-F7,-0.00047132759325392484,-9.998319837534986,-9.999380324619807,2.199563607425931e-06,-9.99999920025884,-9.999986002877195,1.492841956052539e-06,-10.000009152368522,-9.999994223948962,-1.0235211484331547e-06,-9.999953785499544,-9.999977838246533
0,F7-T3,-6.979181477333422e-05,-9.99970178519268,-9.999858816775921,-5.0031163958493825e-05,-9.99962664498446,-9.99992683196821,1.1484551786917836e-05,-10.00008202525497,-9.999967179737101,-6.202793403142721e-07,-9.999972461339585,-9.999987037904082
0,T3-T5,-0.0001310614045547496,-9.999499896424798,-9.999794784585045,-1.2210029411654722e-05,-9.999901573459272,-9.999974833635742,3.2474083188308914e-06,-10.000009795318443,-9.999977321235255,-8.346534114350957e-07,-9.999958437434913,-9.999978051790082
0,T5-O1,-0.0010786432567416887,-9.996021957409999,-9.998448904737668,-5.864413430516502e-06,-9.999911218372915,-9.999946404853498,2.326292711265548e-06,-10.000001452776356,-9.999978189849243,-8.219104457129935e-07,-9.999949736496667,-9.999969051392142
0,Fz-Cz,6.340961511335207e-06,-9.999633606364089,-9.999619339200688,-7.1298814521411066e-06,-9.999841620404773,-9.999884399693485,-1.1098773037629265e-05,-9.99984470597346,-9.999955693703837,-2.043522884954053e-06,-9.999925081630444,-9.99997310441824
0,Cz-Pz,-0.0006624420330373559,-9.99751956378341,-9.999010058357744,1.6513964394096813e-05,-10.00002156734931,-9.999922483562944,-1.734750387274322e-05,-9.999728961168216,-9.999902436206943,-5.604133979468529e-06,-9.999823186315615,-9.999954883464133
0,Fp2-F4,-0.0003136129121457368,-9.99854246584667,-9.999248094898999,-2.773502003757214e-05,-9.99977232874887,-9.999938738869096,-1.8814561450031462e-05,-9.999782325277616,-9.999970470892116,-7.94851091042714e-07,-9.999967665370141,-9.99998634437078
0,F4-C4,-1.0044350802921819e-05,-9.999745740074099,-9.999768339863405,-3.69386989733646e-05,-9.999581423381224,-9.999803055575065,9.350462756974843e-06,-10.0000703125104,-9.999976807882831,-7.389331388090574e-07,-9.999968666262173,-9.999986031190936
0,C4-P4,-7.424926237172533e-05,-9.999663457427932,-9.999830518268269,-2.2913753226572486e-05,-9.99978714198314,-9.9999246245025,1.3877167090562858e-06,-10.000002836135042,-9.999988958967952,-2.5184267166285046e-07,-9.999984889306672,-9.999990807609457
0,P4-O2,-0.00019622401521135827,-9.998890459522517,-9.999331963556743,-6.293270229917753e-05,-9.999339277085634,-9.999716873299429,-1.1476128126846745e-05,-9.999853707324933,-9.999968468606202,-5.282503036857083e-07,-9.999960453714333,-9.99997286759647
0,Fp1-F3,1.721967290443602e-06,-9.999441264049931,-9.999437389623528,-9.810954947247694e-05,-9.999104582838964,-9.999693240135798,-9.852632237602832e-06,-9.999874604498633,-9.999973130821008,-1.4595131844320136e-09,-9.999964423957165,-9.999964458255725
0,F3-C3,-0.0002720615868360512,-9.996666783850813,-9.997278922421193,-0.00020888051747338648,-9.997940268146026,-9.999193551250867,4.4707358639988635e-05,-10.000317810826768,-9.999870737240368,-8.438113241958429e-07,-9.999963134046627,-9.999982963612746
0,C3-P3,-0.00030566896213167835,-9.995608726340015,-9.99629648150481,-0.00010367062262452415,-9.998775252109727,-9.999397275845475,4.303808652025082e-05,-10.000257184198214,-9.999826803333011,-1.053156262811289e-06,-9.999954176526801,-9.999978925698978
0,P3-O1,-0.00101232636180358,-9.99637610295527,-9.998653837269329,1.5005924909760328e-05,-9.999978196565577,-9.999888161016118,-1.4646994452591863e-05,-9.999746726039783,-9.999893195984308,-1.924945741761467e-06,-9.999929520993097,-9.999974757218029
0,Fp2-F8,-0.000634192582471386,-9.997350797622667,-9.998777730933227,1.4198659044515047e-05,-9.999996430141028,-9.99991123818676,-3.772448874014126e-05,-9.999562503981402,-9.999939748868803,2.9872939509534157e-10,-9.999983020503658,-9.999983013483517
0,F8-T4,-0.0004123825127292811,-9.998120169372601,-9.999048030026243,-1.0815083721592493e-05,-9.9997663340246,-9.999831224526929,1.9514579168746798e-06,-9.999990612228853,-9.999971097649684,-8.504036435232152e-07,-9.999956068565002,-9.999976053050625
0,T4-T6,-0.0011195051060959456,-9.995895605200735,-9.99841449168945,-6.647459807472049e-05,-9.999488364378836,-9.999887211967284,2.092342259204219e-06,-9.999992630366537,-9.999971706943944,-9.921170003469217e-07,-9.999956232133213,-9.999979546882722
0,T6-O2,-0.0004332138198474656,-9.998202290167225,-9.99917702126188,1.1437951829110903e-05,-9.999857893305759,-9.999789265594783,-3.069037966979162e-05,-9.999623138613952,-9.99993004241065,-1.910421991674939e-07,-9.999979064856985,-9.999983554348665
0,Fp1-F7,1.6845687006647804e-05,-9.999588504074946,-9.999550601279182,2.2052197045290503e-05,-9.999916827567946,-9.999784514385674,2.0967522419093907e-05,-10.00016710467427,-9.99995742945008,4.223324120888848e-07,-9.999978127633112,-9.999968202821428
0,F7-T3,-3.1627466704836846e-05,-9.999363643009945,-9.999434804810031,-4.896452540178802e-06,-9.99993440576997,-9.999963784485212,2.7359424650448116e-05,-10.000172814534487,-9.999899220287983,-7.627699622677435e-07,-9.999966047955269,-9.999983973049382
0,T3-T5,-0.001000356153709682,-9.996105588613423,-9.99835638995927,5.957410851053424e-07,-9.999922180559139,-9.999918606112628,5.748627742131389e-06,-10.00004264937706,-9.999985163099637,-6.177455548685265e-07,-9.999957855351562,-9.9999723723721
0,T5-O1,-0.00043053709668097506,-9.998455511547895,-9.999424220015428,3.6576630247805445e-05,-10.000049331382543,-9.999829871601056,3.6518703896846353e-06,-9.999969428862142,-9.999932910158245,-1.9256549014933695e-07,-9.99997278678539,-9.999977312074408
0,Fz-Cz,-8.151339274726553e-05,-9.999615222487238,-9.999798627620919,5.691316156659108e-06,-9.999964849798843,-9.999930701901903,4.7155735143276856e-07,-9.999988602373055,-9.99998388679954,-1.3662513895028721e-06,-9.999942916629939,-9.999975023537592
0,Cz-Pz,-0.0001832110828820206,-9.99835540494906,-9.998767629885544,-0.0002777900390962457,-9.997704972491716,-9.999371712726294,1.798443886994877e-05,-10.000122739846853,-9.999942895458155,-1.033608476488867e-06,-9.999934924228754,-9.999959214027951
0,Fp2-F4,-0.001855049449617153,-9.992949356001745,-9.997123217263383,4.4079199406616866e-06,-9.999889539162835,-9.99986309164319,1.6006374247035369e-06,-10.00000341849367,-9.999987412119422,2.856390145415652e-07,-9.99999081566418,-9.999984103147339
0,F4-C4,-2.4059559445169214e-05,-9.99976511294304,-9.999819246951791,-2.0629729412333375e-05,-9.99979962414022,-9.999923402516695,-4.278349129961623e-06,-9.999927387977488,-9.999970171468787,-6.397943738326771e-07,-9.999974581147034,-9.999989616314819
0,C4-P4,-1.1728785194672384e-05,-9.999723154910383,-9.999749544677071,-2.4131633663623207e-05,-9.999814066906143,-9.999958856708126,6.742810533212006e-06,-10.000029065739387,-9.999961637634055,-3.7423609378157076e-07,-9.999986497969456,-9.99999529251766
0,P4-O2,0.0002867591568037441,-10.000073407236552,-9.999428199133744,9.8557921921583e-05,-10.000053508625866,-9.999462161094337,9.82851235750767e-06,-9.999972708939609,-9.999874423816033,-1.3401488594516602e-06,-9.999945236808301,-9.999976730306498
0,Fp1-F3,-0.0004552883970033468,-9.995982916546883,-9.99700731544014,3.8039124470202408e-06,-9.999915369029956,-9.999892545555275,2.4735192962436773e-05,-10.000138591086351,-9.999891239156726,-1.7754346756943166e-06,-9.999922705147272,-9.999964427862151
0,F3-C3,-0.0018770338304819121,-9.992561220476514,-9.996784546595098,-2.198842837792447e-05,-9.999826242825833,-9.9999581733961,5.912746839199905e-06,-10.000038516477757,-9.999979389009365,-4.947519793375592e-07,-9.999974158405319,-9.999985785076833
0,C3-P3,-0.0017940904736673772,-9.993296269809527,-9.99733297337528,-7.637786881266982e-05,-9.999364497266024,-9.9998227644789,8.728596746150266e-05,-10.000678791143498,-9.999805931468883,-1.8613333512723442e-06,-9.999928505341332,-9.999972246675087
0,P3-O1,0.0005909212827881592,-9.999053343178195,-9.997723770291921,-2.1902897234591848e-05,-9.99954076261256,-9.999672179995967,2.7645094920965196e-05,-10.000149345533279,-9.999872894584069,-1.251980643489015e-06,-9.999949830612264,-9.999979252157386
0,Fp2-F8,-0.0009215814919483729,-9.99614343009681,-9.998216988453693,7.875376450523273e-05,-10.000242405484475,-9.999769882897443,4.987886664505671e-05,-10.00035382889214,-9.99985504022569,-1.3580939844335597e-06,-9.999944851268854,-9.999976766477488
0,F8-T4,0.00023787349576764083,-9.999677578235966,-9.999142362870488,-8.640632513663999e-06,-9.999890732098184,-9.999942575893266,7.311221759405412e-05,-10.00057268701405,-9.999841564838109,-3.2534987054536722e-06,-9.999873245463,-9.999949702682578
0,T4-T6,-8.988175418778863e-05,-9.99944428726694,-9.999646521213862,5.321871866288026e-05,-10.00012075444212,-9.999801442130144,-1.995740984373967e-06,-9.999871221948862,-9.999891179358706,-4.375736100041347e-06,-9.999854360060963,-9.999957189859314
0,T6-O2,0.0006481866976747516,-10.000440711602693,-9.998982291532924,3.548702577776643e-05,-9.999913923053692,-9.999701000899025,5.320622962050985e-05,-10.000330034241008,-9.999797971944803,-3.3229398209864724e-06,-9.999877384312855,-9.999955473398648
0,Fp1-F7,-0.0003319975290698585,-9.997987422819337,-9.998734417259744,0.00010784861814630914,-10.000427990447179,-9.999780898738301,2.4139344563728492e-05,-10.000039729918356,-9.999798336472718,-2.874196545875298e-06,-9.999885372371567,-9.999952915990395
0,F7-T3,0.00042119693270820726,-9.999838392497548,-9.998890699398954,-0.00012915715534862494,-9.998590249278529,-9.99936519221062,7.991674054611506e-06,-9.999773622341907,-9.999693705601361,-1.2948989315211225e-05,-9.999600511232925,-9.999904812481834
0,T3-T5,-0.0005762686151582034,-9.997123994829655,-9.99842059921376,-7.177488843338309e-05,-9.998814443838343,-9.999245093168943,0.0001027489689695424,-10.000676328601067,-9.999648838911371,-1.0190714820525228e-05,-9.999655681767047,-9.999895163565329
0,T5-O1,9.97155061109192e-05,-9.99643529980584,-9.996210939917091,-0.00013930462241190932,-9.998354438242231,-9.999190265976702,0.0001510769639292366,-10.001024702944775,-9.999513933305483,-9.895187399029123e-06,-9.999674278225127,-9.999906815129004
0,Fz-Cz,-0.0010299675481001015,-9.99566151935426,-9.997978946337485,7.15926271941396e-06,-9.999968613514174,-9.999925657937856,2.50013312686965e-05,-10.000120256170499,-9.999870242857812,-1.0616340329261733e-06,-9.99995837564327,-9.999983324043045
0,Cz-Pz,0.00029102325011634464,-10.000332702163542,-9.99967789985078,0.00013205603966624514,-10.000057258533474,-9.999264922295476,1.1552340824496366e-05,-10.000071953070345,-9.999956429662099,-3.1784628174889805e-06,-9.999875645781078,-9.999950339657289
0,Fp2-F4,-0.0003326675931153348,-9.998415123965874,-9.999163626050382,-1.4314831581223856e-05,-9.99984638037046,-9.999932269359947,1.6565853233590475e-05,-10.000120690548291,-9.999955032015956,-4.779416750308627e-07,-9.999977697739814,-9.999988929369177
0,F4-C4,-0.0007515286232291983,-9.997371749533825,-9.99906268893609,6.0686887308678145e-06,-9.999943994271867,-9.999907582139482,3.276353386001024e-07,-9.999994261286824,-9.999990984933438,-4.5954985129658876e-08,-9.999991800571628,-9.999992880513778
0,C4-P4,-0.0001913460947742119,-9.99922790397912,-9.999658432692362,-1.002681242938556e-06,-9.999970091949002,-9.99997610803646,-3.9382729555884847e-07,-9.999994342180434,-9.99999828045339,-8.219732231440158e-08,-9.999993331783228,-9.999995263420303
0,P4-O2,-0.0009996554180613478,-9.995591368275306,-9.997840592965945,-3.506954925047338e-05,-9.999454525899846,-9.999664943195349,9.041245073091619e-06,-10.000057460217436,-9.999967047766704,-1.682327679544315e-06,-9.999936825296913,-9.999976359997383
0,Fp1-F3,-0.00048356429841049317,-9.997726499127658,-9.998814518799081,7.077094183407703e-06,-9.999880263092622,-9.999837800527523,-1.2832521455218337e-05,-9.999778322477688,-9.99990664769224,2.3144992252152126e-07,-9.999969919304224,-9.999964480231045
0,F3-C3,-0.0034808282068985535,-9.984712013084378,-9.9925438765499,-2.839513432814442e-05,-9.999692532178651,-9.99986290298462,-1.4374733646112602e-05,-9.999825601945213,-9.999969349281674,-7.778544886990284e-07,-9.999963880586455,-9.999982160166939
0,C3-P3,-0.0037071181297795557,-9.986657504297696,-9.9949985200897,2.4714843584609784e-06,-9.999991897701976,-9.999977068795825,-8.298260123969508e-06,-9.99989544428735,-9.99997842688859,-5.582356706835125e-07,-9.999967930888944,-9.999981049427205
0,P3-O1,0.000604290866713449,-9.999127390368674,-9.997767735918568,3.893382461168414e-05,-10.000046551229627,-9.999812948281956,3.01462738028003e-05,-10.000112796288972,-9.999811333550944,-1.627031914471974e-06,-9.999935079061935,-9.999973314311925
0,Fp2-F8,-0.0004128429482877016,-9.998319663535575,-9.999248560169223,-2.5110832178472686e-05,-9.999767934905572,-9.999918599898642,-8.714174094010755e-07,-9.99992639761836,-9.999935111792453,-1.440568425290794e-06,-9.999944437389209,-9.999978290747203
0,F8-T4,-0.0005217163602312241,-9.997908444543112,-9.999082306353632,-1.707744317786868e-05,-9.99984048758595,-9.999942952245016,1.5754161302897887e-05,-10.000123727299282,-9.999966185686253,-1.5326863017248418e-06,-9.999933982667509,-9.9999700007956
0,T4-T6,1.6216039669382903e-05,-9.999659654359524,-9.999623168270269,-6.160198092234763e-06,-9.999907303655014,-9.999944264843569,-1.6423226293789065e-05,-9.999791948211627,-9.999956180474564,-2.64530862484284e-06,-9.999906924790363,-9.999969089543047
0,T6-O2,-0.0006823631685493459,-9.99691161383466,-9.998446930963896,-6.709444443944939e-05,-9.999179216009194,-9.99958178267583,1.367998356602271e-05,-10.000071526305085,-9.999934726469425,-4.631801875130757e-06,-9.9998497454791,-9.999958592823166
0,Fp1-F7,-0.00032200104455338576,-9.998099075718475,-9.99882357806872,-5.527805814857218e-06,-9.999851779093593,-9.999884945928482,-4.609803267206963e-05,-9.999452446142207,-9.999913426468929,-8.833750049239826e-07,-9.999947425288434,-9.99996818460105
0,F7-T3,0.0002716453510520955,-10.000173666208289,-9.999562464168422,2.519606626173039e-05,-9.999935423293284,-9.999784246895713,5.750377552486408e-05,-10.000379101595303,-9.999804063840054,-1.270330147586658e-05,-9.999624460105245,-9.999922987689928
0,T3-T5,-0.0009329368945689943,-9.996154674789963,-9.998253782802744,-7.816467858779956e-06,-9.999866937875977,-9.99991383668313,8.998520318968886e-06,-10.00005742157491,-9.99996743637172,-2.654724105599233e-06,-9.999886068228882,-9.999948454245363
0,T5-O1,-0.00024220651647591536,-9.997169087960714,-9.997714052622785,0.00011380901665008419,-10.00038694626423,-9.999704092164329,8.250742169596664e-05,-10.000492694232682,-9.999667620015721,-7.539849830548425e-06,-9.999752817338805,-9.999930003809823
0,Fz-Cz,-0.000713206885408654,-9.996513902768436,-9.998118618260605,-1.908714429740646e-05,-9.999714885288906,-9.99982940815469,2.945399188602373e-06,-9.999985893153985,-9.9999564391621,-1.1948072545102965e-06,-9.999954286221465,-9.999982364191945
0,Cz-Pz,0.0005127865315327595,-10.000470609601269,-9.99931683990532,-2.7134026903558597e-06,-9.999696061162588,-9.99971234157873,4.571890163724578e-06,-9.999970483655542,-9.999924764753905,-3.5497550036757487e-06,-9.999881139437361,-9.999964558679947
0,Fp2-F4,-0.0001430172078229989,-9.999174457941349,-9.99949624665895,-1.155757980360761e-05,-9.999912861032755,-9.999982206511577,1.9280305919888226e-07,-9.999989423978448,-9.999987495947856,-1.0255712949581347e-06,-9.999963041923227,-9.999987142848658
0,F4-C4,-0.0009175686275626204,-9.996669710600727,-9.998734240012743,-1.1890397448738591e-05,-9.99988766598904,-9.999959008373732,2.303586750004471e-06,-9.999969396333332,-9.999946360465833,-1.0870806689428092e-06,-9.99996282540842,-9.999988371804141
0,C4-P4,-5.035140766964134e-05,-9.999795516272286,-9.999908806939542,-3.7415006777319926e-06,-9.99995135274163,-9.999973801745698,6.434371238756377e-07,-10.00000310226497,-9.99999666789373,3.4553903147420715e-07,-10.000002557389731,-9.999994437222492
0,P4-O2,-0.002056577785323594,-9.99281491711225,-9.997442217129228,-7.89262564950157e-06,-9.999614678756,-9.999662034509898,1.5082994933083183e-05,-10.000097760336079,-9.999946930386749,-1.0892847176654547e-06,-9.999957468533847,-9.999983066724711
0,Fp1-F3,-0.0012762943128140003,-9.994643662440382,-9.997515324644214,6.942289498981246e-06,-9.999708293077068,-9.999666639340074,3.7565055387635495e-05,-10.000203203594225,-9.99982755304035,-2.4051627855423762e-06,-9.999881928493378,-9.999938449818838
0,F3-C3,-0.0009951505606782213,-9.995515323148647,-9.997754411910172,2.785512374128227e-05,-9.999986599903622,-9.999819469161174,2.536556541216117e-05,-10.00003287666506,-9.999779221010938,-2.257403649965933e-06,-9.999922675275016,-9.999975724260791
0,C3-P3,-0.0018005917995165524,-9.99232574444394,-9.996377075992852,-8.386419473335752e-06,-9.99981836862458,-9.999868687141419,-2.536929102469431e-05,-9.999602507153607,-9.999856200063855,-1.5744875274709498e-06,-9.999943971530003,-9.999980971986899
0,P3-O1,-0.0013300164744182426,-9.993952002076417,-9.996944539143858,0.00017529857455130746,-10.000648067625043,-9.999596276177735,3.50046060970649e-05,-10.000197845508174,-9.999847799447203,-3.4820497845614914e-06,-9.999874493715518,-9.999956321885456
0,Fp2-F8,-0.00027107736595235,-9.998651667951888,-9.999261592025281,1.6928740336657171e-06,-9.999979470372809,-9.999969313128608,6.458436256942938e-06,-10.00003419247276,-9.999969608110192,-2.112404122139212e-06,-9.999928040097066,-9.999977681593936
0,F8-T4,-0.00023733932517318695,-9.999132429252482,-9.99966644273412,-1.9394348115320762e-06,-9.9999657568706,-9.999977393479469,-1.5177204370885936e-05,-9.999809296746509,-9.999961068790219,-8.849725390611282e-07,-9.999951085739012,-9.99997188259368
0,T4-T6,-0.00030200297108005415,-9.998916729086844,-9.999596235771774,4.19310311588544e-06,-9.999996641843635,-9.99997148322494,-1.79902385919116e-05,-9.99978899158757,-9.99996889397349,-2.6016190210007306e-06,-9.999910801328562,-9.999971939375556
0,T6-O2,-0.0004848566813149525,-9.997897751861776,-9.998988679394735,2.398231494817788e-05,-9.999737452013358,-9.999593558123669,3.881955511199317e-05,-10.000253833861132,-9.999865638310013,-2.8755801696927827e-06,-9.999906994612386,-9.999974570746375
0,Fp1-F7,-0.00055414226371825,-9.997770705413663,-9.999017525507028,-5.014066698943788e-05,-9.999454691764575,-9.99975553576651,3.9105153739509214e-05,-10.000258707183495,-9.9998676556461,-5.143828783999348e-06,-9.99982010926948,-9.999940989245903
0,F7-T3,-0.0007633414734642207,-9.996438437925633,-9.998155956240927,9.68080176326823e-05,-10.000347294708126,-9.99976644660233,0.00018137201147762634,-10.001370966643321,-9.999557246528544,-1.5736918494653307e-05,-9.999513026027623,-9.999882843612248
0,T3-T5,-0.0012692999340322717,-9.995450832551171,-9.998306757402744,4.393421984116025e-05,-10.000042521847593,-9.999778916528546,3.0994746692715724e-06,-9.999963048832448,-9.999932054085756,-1.0630844992238439e-05,-9.999660189029354,-9.999910013886671
0,T5-O1,-0.0014595991897445536,-9.993724023421564,-9.997008121598489,0.00016836245059431538,-10.000683066339823,-9.999672891636257,0.00017103719204590579,-10.001200321101818,-9.999489949181358,-1.4712186211344024e-05,-9.999528501271039,-9.999874237647004
0,Fz-Cz,0.00022656214982694526,-9.999849380719313,-9.999339615882203,-1.3933946663095782e-05,-9.999689410151294,-9.999773013831273,3.744477851328322e-06,-10.00000988745944,-9.999972442680926,-2.179529928708069e-06,-9.999927775672548,-9.999978994625872
0,Cz-Pz,-0.0009810744826320695,-9.993626658604828,-9.99583407619075,-7.642180847231575e-05,-9.99938428221143,-9.999842813062264,1.2323573354968702e-05,-10.00003690341571,-9.99991366768216,-1.079676186410005e-06,-9.999942778743,-9.99996815113338
0,Fp2-F4,-0.002135121451959971,-9.989489162747992,-9.994293186014902,8.732879101000596e-06,-9.999616011552751,-9.999563614278145,-2.3039972095310526e-06,-9.99996335861231,-9.999986398584406,-7.211897066374398e-07,-9.999960026222137,-9.999976974180242
0,F4-C4,-0.0021242055002276467,-9.990374793774942,-9.995154256150455,-8.326658553724422e-05,-9.999257226896434,-9.999756826409657,4.4556000962477865e-06,-9.999970889410498,-9.999926333409537,-9.396876767053869e-07,-9.999968297351218,-9.99999038001162
0,C4-P4,-0.0002663632051682388,-9.998850436404533,-9.999449753616162,-7.73104299288183e-06,-9.99987627781507,-9.999922664073026,3.512891579789363e-06,-10.0000122043607,-9.999977075444903,-5.633257309013426e-08,-9.999994358971216,-9.999995682786684
0,P4-O2,-0.00014506699595834727,-9.999356860446008,-9.999683261186915,-1.1415720441562495e-05,-9.999896676382154,-9.999965170704803,2.218783335248399e-05,-10.000166836519513,-9.999944958185988,-3.4286108032192972e-06,-9.999870629906683,-9.999951202260558
0,Fp1-F3,-4.179363329948221e-05,-9.998358471259056,-9.99845250693398,-0.00033049495722630557,-9.997204922240746,-9.999187891984104,-1.21134134003118e-05,-9.999830115543348,-9.999951249677352,-7.770018923644473e-06,-9.999752256412416,-9.999934851857121
0,F3-C3,-0.003062539885971006,-9.988312378010821,-9.995203092754256,1.016931622282285e-05,-9.999887538086348,-9.99982652218901,-9.1122767252973e-06,-9.999885869784633,-9.999976992551886,-1.5056065869941706e-06,-9.99993759340127,-9.999972975156064
0,C3-P3,-0.0006333069767251332,-9.997382211340792,-9.998807152038424,-8.032409588062969e-05,-9.999387278279738,-9.999869222855022,1.6077681987825864e-06,-10.000000191973035,-9.999984114291047,-3.639375927061093e-08,-9.999986230307169,-9.999987085560512
0,P3-O1,-5.7936526454675944e-05,-9.998962762633624,-9.999093119818147,5.714338525340454e-05,-10.000094521447688,-9.999751661136168,-8.510916783499459e-07,-9.999982204986816,-9.9999907159036,1.8288139379576213e-07,-9.999991332269884,-9.99998703455713
0,Fp2-F8,6.636103739077916e-05,-9.9995908794802,-9.999441567146071,-8.321711872607007e-05,-9.998425066024433,-9.99892436873679,-7.519261847925389e-05,-9.999023992512088,-9.99977591869688,-1.7103605976915525e-06,-9.999933747938007,-9.999973941412053
0,F8-T4,-0.001069761529324315,-9.99512501248601,-9.99753197592699,-7.912038536183955e-05,-9.99885282635487,-9.999327548667042,-2.6913815508233396e-05,-9.999564902385599,-9.99983404054068,-9.038611106758259e-07,-9.99994748350253,-9.99996872423863
0,T4-T6,-0.0002299959873223593,-9.999027686786649,-9.999545177758124,-0.00014812060833357805,-9.998585175518155,-9.999473899168157,-1.6693088086817995e-05,-9.999759254515755,-9.999926185396623,-1.2594909544484425e-06,-9.999952374338163,-9.999981972375592
0,T6-O2,-0.00010610282059831014,-9.999482838423292,-9.999721569769639,2.3610233188849018e-05,-10.000085232436595,-9.999943571037461,5.022801301764502e-06,-9.999970136192726,-9.999919908179708,-2.7652173002380585e-06,-9.999901565461721,-9.999966548068278
0,Fp1-F7,8.821702561107774e-05,-10.000050267669366,-9.999851779361741,-7.833305172480598e-05,-9.999282742623187,-9.999752740933536,9.108248436427875e-07,-9.99994257709845,-9.999933468850013,-7.688234303468158e-06,-9.999753015449842,-9.999933688955974
0,F7-T3,-4.7009319796346404e-05,-9.999535170513113,-9.999640941482655,7.786698407565515e-05,-10.00010582928243,-9.999638627377976,0.0001048678467882414,-10.000764171807365,-9.999715493339483,-8.491871679115758e-06,-9.999716975464844,-9.999916534449303
0,T3-T5,-0.0002746122553215027,-9.998878163071703,-9.999496040646177,6.1733833102259095e-06,-9.999967890462283,-9.999930850162421,3.2019204043084196e-06,-9.99997324273263,-9.999941223528586,-1.3646543905359158e-06,-9.999928905793356,-9.999960975171533
0,T5-O1,0.0003122574773099189,-10.000208127542104,-9.999505548218156,8.096846127794598e-05,-10.000155011768005,-9.999669201000337,9.777411395364322e-05,-10.000780932420136,-9.9998031912806,-4.237353153116626e-06,-9.999866502556918,-9.999966080356016
0,Fz-Cz,-7.9819595729957e-05,-9.999128651250924,-9.999308245341316,-5.892912455476152e-05,-9.999422782581597,-9.999776357328926,-2.2190246142991087e-05,-9.999732124649821,-9.99995402711125,-1.5354180235656702e-06,-9.999950722313702,-9.999986804637256
0,Cz-Pz,-0.0003465861853975768,-9.99844756146056,-9.999227380377706,-5.473598519830453e-05,-9.999371335982175,-9.999699751893365,1.504906085161374e-05,-10.000112256719522,-9.999961766111005,-1.471347535183928e-06,-9.999927903037706,-9.999962479704783
0,Fp2-F4,-0.0011993664501646064,-9.994890176065551,-9.997588750578421,-3.084265592366137e-05,-9.999693115024176,-9.999878170959718,-6.794794570453781e-06,-9.999873506592012,-9.999941454537716,-6.822052610166146e-07,-9.999964667468921,-9.999980699292555
0,F4-C4,-0.003240206947813336,-9.975491177464317,-9.982781643096898,0.0008679873707041791,-10.00179348223258,-9.996585558008356,-0.00027037070403387756,-9.996351273159556,-9.999054980199896,-1.7009347630776754e-05,-9.999394791545672,-9.999794511214995
0,C4-P4,-8.698226753760668e-05,-9.997164124069007,-9.997359834170966,-1.552899259115712e-05,-9.999802215443458,-9.999895389399004,-7.989704677642782e-05,-9.998835948021831,-9.999634918489596,-4.292657891797975e-06,-9.999839613109707,-9.999940490570165
0,P4-O2,-0.00011523290282259819,-9.999148456743473,-9.999407730774823,0.0002578021257207004,-10.001082948035158,-9.999536135280835,-0.0001420417504746993,-9.998311635342654,-9.999732052847401,-7.638526857516848e-06,-9.999743003713833,-9.999922509094985
0,Fp1-F3,-0.000554824913270545,-9.997860401128067,-9.999108757182926,0.00020777854136447548,-10.000819576220422,-9.999572904972236,-0.00011292570984970595,-9.998478336577387,-9.999607593675885,-5.160186468711718e-06,-9.999796119560576,-9.999917383942591
0,F3-C3,-0.0008665726337108977,-9.994645069588806,-9.996594858014655,0.0001999320380104508,-10.000695966780663,-9.999496374552601,-0.00023686126884579181,-9.997188981726254,-9.999557594414712,-1.3523796821989698e-05,-9.999568663354637,-9.999886472579954
0,C3-P3,-0.0011753729233082585,-9.995640461171195,-9.998285050248638,0.00030977491563922993,-10.000767499586944,-9.998908850093109,-0.00023128850366699755,-9.996964145991155,-9.999277031027825,-2.1079986740220368e-05,-9.999333828312782,-9.999829208001177
0,P3-O1,7.307995118467773e-06,-9.999510561696273,-9.999494118707256,0.00033745447107361935,-10.001295165588576,-9.999270438762135,-0.00012020642112745715,-9.998254047520167,-9.99945611173144,-9.54356607375963e-06,-9.999694078349327,-9.99991835215206
0,Fp2-F8,-0.0005716688213197575,-9.99699291620219,-9.998279171050159,0.00013724856722575454,-10.000320827914674,-9.99949733651132,-0.00013053675451116448,-9.998275945307373,-9.999581312852484,-3.5518461999407487e-06,-9.999879043503709,-9.999962511889407
0,F8-T4,-0.00036999086944606576,-9.998153121584055,-9.998985601040308,7.57606397755815e-06,-9.99982377261277,-9.999778316228904,-1.0130310506660776e-05,-9.99983813057239,-9.999939433677458,-3.3688931909557476e-06,-9.99987099725958,-9.999950166249567
0,T4-T6,-0.0007757638449657622,-9.995981854341505,-9.997727322992677,1.4125029675349617e-05,-10.00004128279007,-9.999956532612018,9.64411682152871e-06,-10.000049786429878,-9.999953345261662,-1.9723078010003223e-06,-9.999924315385899,-9.999970664619223
0,T6-O2,-0.00029502336400219655,-9.998920020874555,-9.99958382344356,5.2480736628425676e-06,-9.999972124721946,-9.99994063627997,-0.0001294295158474987,-9.998399114718532,-9.999693409877008,-2.3882374152097577e-06,-9.999913030811433,-9.99996915439069
0,Fp1-F7,-6.80622495802565e-05,-9.999629742569724,-9.99978288263128,-8.112417111616967e-06,-9.999906432414672,-9.999955106917342,2.8967248152136978e-05,-10.00015111903675,-9.999861446555228,-2.851335303992098e-06,-9.999888190403565,-9.999955196783208
0,F7-T3,-0.000313881244645848,-9.998218850678231,-9.998925083478685,-8.561484089018381e-06,-9.99986808241131,-9.999919451315845,-1.924739357082145e-05,-9.999682268212144,-9.999874742147853,-2.4617243495834416e-06,-9.999910087072772,-9.999967937594986
0,T3-T5,-0.0008236449775028919,-9.99640577928432,-9.998258980483701,4.998846854818171e-05,-10.000112923399797,-9.999812992588508,5.167721502835334e-06,-9.999959812320895,-9.999908135105867,-1.9856566867902992e-06,-9.9999216132368,-9.99996827616894
0,T5-O1,-0.0001980140801611122,-9.999159662438155,-9.999605194118518,0.00010451366912419252,-10.000358404548978,-9.999731322534233,-5.53593495654684e-05,-9.998940855871417,-9.999494449367072,-3.5889367723311798e-06,-9.999872325442,-9.99995666545615
0,Fz-Cz,-0.038630756575549464,-9.715350085850975,-9.802269288145961,0.014387322446057798,-10.051349412599842,-9.965025477923495,-0.024342965418646927,-9.70421433762854,-9.94764399181501,-0.0009576324274717719,-9.969542566850564,-9.99204692889615
0,Cz-Pz,-0.025112136132067777,-9.802786752782625,-9.859289059079778,0.016597439859739348,-10.061666139490946,-9.96208150033251,-0.023397887342909093,-9.713184947685704,-9.947163821114795,-0.001114012630345997,-9.964571575238516,-9.990750872051647
0,Fp2-F4,-0.00023375155760374766,-9.999099947614125,-9.999625888618734,1.9615240629155684e-05,-10.000030395807924,-9.99991270436415,2.649445334682946e-06,-10.000018749675395,-9.999992255222047,-2.2449869228245796e-07,-9.99998625721859,-9.999991532937859
0,F4-C4,-0.0028862491815939703,-9.988098028385359,-9.994592089043945,-0.00013738990025663643,-9.998325010864038,-9.999149350265577,-1.3393034671801338e-05,-9.999796620249372,-9.99993055059609,-5.070408953654321e-06,-9.999836532146368,-9.99995568675678
0,C4-P4,-0.004574953054485498,-9.983674029723137,-9.993967674095728,-7.30829531961052e-05,-9.999350647274174,-9.99978914499335,-1.346445321709921e-05,-9.999830441883537,-9.999965086415708,-2.29619759299732e-06,-9.999922557672445,-9.999976518315881
0,P4-O2,-0.0010166307764803016,-9.995871331251386,-9.998158750498467,1.4068336070949508e-05,-10.000045100976045,-9.99996069095962,2.2524734731708688e-07,-9.999885539757958,-9.999883287284485,-1.146677687186095e-06,-9.999949430754201,-9.99997637767985
0,Fp1-F3,5.3310941201378645e-05,-10.000003336614963,-9.99988338699726,6.9699242006254285e-06,-9.999993211786874,-9.99995139224167,8.698327672902396e-06,-10.000058298377514,-9.999971315100785,-5.34135362539216e-07,-9.999961311422336,-9.999973863603355
0,F3-C3,-4.2732676928565716e-05,-9.999426133023807,-9.999522281546897,-7.60013807052224e-05,-9.999391443872858,-9.99984745215709,3.6520463161656064e-05,-10.00024326153255,-9.999878056900933,-1.0317342500728666e-06,-9.999962243771918,-9.999986489526796
0,C3-P3,-1.1873793614534572e-05,-9.998956182176071,-9.998982898211704,-0.00012015334629482996,-9.998928570670198,-9.999649490747968,-2.1010755452731467e-06,-9.99977695434071,-9.999797965096162,-4.180646900899718e-06,-9.999874125317538,-9.999972370519709
0,P3-O1,-5.601740207870421e-06,-9.99972838976577,-9.999740993681236,-3.894173612554468e-06,-9.999957741217397,-9.999981106259073,3.2107545114871884e-06,-10.000022074749793,-9.999989967204678,-6.467269358012235e-07,-9.99996668438867,-9.999981882471662
0,Fp2-F8,-0.00017903953852362378,-9.999268333613195,-9.999671172574873,-2.6018981743188328e-05,-9.99978834118673,-9.999944455077188,2.602185793840777e-06,-10.00002064465727,-9.999994622799333,-4.2226520746351047e-07,-9.999969577725881,-9.999979500958258
0,F8-T4,-0.0006721509486859568,-9.99767992710427,-9.999192266738813,-1.1191153608715957e-05,-9.999885071879008,-9.999952218800662,-1.5798021912138005e-05,-9.999811481291017,-9.999969461510139,-1.8611811390041496e-06,-9.999928967878807,-9.999972705635574
0,T4-T6,-0.00010219504575020229,-9.9996004822992,-9.999830421152138,-4.0343183158685474e-07,-9.999982100341091,-9.999984520932081,6.2447890684955165e-06,-10.000028917147667,-9.999966469256982,-4.868693223663624e-07,-9.99996952307017,-9.999980964499246
0,T6-O2,-0.0004475612001875346,-9.998305873273234,-9.999312885973655,-3.2102619120287764e-05,-9.999746505899784,-9.999939121614506,-1.740538195039462e-05,-9.999751542301539,-9.999925596121043,-1.0179949947786362e-06,-9.999955726707194,-9.999979649589571
0,Fp1-F7,-4.83776996974778e-05,-9.999665662376179,-9.999774512200498,-3.792559377165828e-05,-9.999630413360968,-9.999857966923598,8.00929222444323e-06,-10.000054601217352,-9.999974508295107,-4.773079637462576e-07,-9.999969313211077,-9.999980529948225
0,F7-T3,-0.0002074721262436404,-9.999051804908893,-9.99951861719294,-6.273552981071392e-05,-9.999419670767752,-9.999796083946617,-2.6642174258475464e-05,-9.999677159822129,-9.999943581564715,-8.739324870748924e-07,-9.99996661329768,-9.999987150711126
0,T3-T5,5.049536328146701e-06,-9.999929932735903,-9.999918571279164,1.0607045701024145e-05,-10.000003843739213,-9.999940201465007,1.7305826668361833e-06,-9.99998961784054,-9.999972312013872,-1.7052952343040688e-06,-9.999932403112576,-9.999972477550582
0,T5-O1,-0.0003588601955304989,-9.998323241806725,-9.999130677246669,-2.5034436359896727e-05,-9.999752684577938,-9.999902891196097,-6.223202146345938e-07,-9.999961326738404,-9.99996754994055,-1.952885152259343e-06,-9.999919460927185,-9.999965353728262
0,Fz-Cz,-0.005416984601343857,-9.980957975182093,-9.993146190535118,0.00043934554659869946,-9.9981684336714,-9.995532360391808,-0.00034569034148263503,-9.995289922751097,-9.998746826165922,-8.716264846788245e-05,-9.997456493506782,-9.999504815745777
0,Cz-Pz,-0.003418191820308307,-9.988083485595798,-9.995774417191491,0.0002897620813631165,-9.998805882141445,-9.997067309653266,-0.0003758440374725087,-9.995105650675727,-9.998864091050452,-0.0001091085211011084,-9.996799109623694,-9.99936315986957
0,Fp2-F4,-3.302552984845332e-05,-9.999731193017016,-9.999805500459175,-9.8556432456852e-06,-9.999896160638844,-9.999955294498319,9.962102291463654e-07,-10.000004589382796,-9.999994627280504,-4.775173939436039e-08,-9.999974600838238,-9.999975723004113
0,F4-C4,-0.0007812926960578101,-9.9960205811438,-9.99777848970993,1.1313557358433534e-05,-9.999968180697113,-9.999900299352962,-2.903450713223227e-05,-9.999651018204691,-9.999941363276013,-4.329823113884558e-07,-9.999983004925518,-9.999993180009836
0,C4-P4,-0.0010521277699518492,-9.996179847140834,-9.998547134623225,-2.718261409322102e-05,-9.999739636883872,-9.999902732568431,-2.5162994188259957e-05,-9.999690808550863,-9.999942438492745,-5.743770856554205e-07,-9.999980429410373,-9.999993927271886
0,P4-O2,-0.0006959874473869558,-9.996737986106707,-9.998303957863328,4.001309975091002e-05,-10.00011611109071,-9.999876032492205,-8.122207214430332e-06,-9.99988975300442,-9.999970975076563,2.2946006957130713e-07,-9.999981402656532,-9.999976010344897
0,Fp1-F3,-0.0005438328444094079,-9.997557047667012,-9.998780671566934,-9.278878823855832e-07,-9.999947202232795,-9.999952769560089,1.040468145029851e-06,-10.000000506436084,-9.999990101754634,-1.2089870624619642e-06,-9.999943929299755,-9.999972340495724
0,F3-C3,-0.0009262416661753778,-9.996550330298156,-9.99863437404705,-3.2190085515570366e-06,-9.999842589070473,-9.999861903121783,2.519745428065907e-06,-9.999956889828319,-9.999931692374037,-7.314879862456939e-07,-9.999968308986825,-9.999985498954501
0,C3-P3,0.00018289027680040243,-9.999325486283109,-9.998913983160309,-6.972215278102854e-06,-9.999933951459843,-9.999975784751511,2.6901720644387848e-05,-10.00016524771717,-9.999896230510727,-1.2382118271322063e-06,-9.999949062944383,-9.999978160922321
0,P3-O1,-0.00014050065811681322,-9.999341367342252,-9.999657493823015,3.2444758985014787e-07,-9.999954211404665,-9.999952264719125,-5.256743031776135e-07,-9.999970777837008,-9.99997603458004,-1.64315121692616e-07,-9.999983230198731,-9.99998709160409
0,Fp2-F8,-4.137317687041418e-05,-9.999798967529046,-9.999892057177004,9.907883951631325e-06,-10.000017421910998,-9.99995797460729,3.00140136570801e-06,-10.00001092897501,-9.999980914961354,1.357675620647159e-07,-9.999972057900022,-9.999968867362314
0,F8-T4,-0.00035596980953258027,-9.99816571045545,-9.998966642526897,-8.355402361837108e-06,-9.999917745767554,-9.999967878181725,2.1420844160142734e-06,-10.000004797483443,-9.999983376639284,-9.622972112751633e-07,-9.999962244165516,-9.99998485814998
0,T4-T6,-5.655039127190463e-06,-9.99975420036349,-9.999766924201527,-4.3711178566607785e-05,-9.999649486581236,-9.999911753652635,-7.893284490477681e-06,-9.999910244768985,-9.999989177613891,-7.047503001988943e-07,-9.999962688878421,-9.999979250510476
0,T6-O2,-0.0016443499576257064,-9.992657672735495,-9.996357460140153,4.171001214155183e-05,-10.000105502932628,-9.999855242859779,6.65040040807637e-06,-10.000016763158374,-9.999950259154293,-6.881913971612471e-08,-9.999983313341996,-9.99998493059178
0,Fp1-F7,-0.00043497234063461263,-9.998247745816544,-9.999226433582972,6.196302035312571e-06,-9.999914002680256,-9.999876824868045,-5.060756047817309e-06,-9.99992726573345,-9.999977873293929,-2.164032190374197e-07,-9.999968337991332,-9.99997342346698
0,F7-T3,-0.0002592436688483569,-9.99880253714445,-9.999385835399359,-3.1215082427395515e-05,-9.999736500313164,-9.999923790807728,-1.1557901761756824e-06,-9.999972709281995,-9.999984267183756,4.336356812342419e-08,-9.99998837035656,-9.99998735131271
0,T3-T5,-0.0004406054694124761,-9.998472469715239,-9.999463832021418,-1.5404061520325049e-06,-9.999946604041554,-9.999955846478466,-1.5589003421065148e-06,-9.999980440640861,-9.999996029644283,-1.2477189239438305e-06,-9.999927497212838,-9.99995681860755
0,T5-O1,-0.00016093970269767988,-9.99928746590042,-9.99964958023149,-2.3414155675763167e-05,-9.999796226249522,-9.999936711183576,-1.6907020954865972e-06,-9.999971282893416,-9.99998818991437,6.62494573229067e-07,-9.9999875387647,-9.999971970142228
0,Fz-Cz,-0.003642642919817411,-9.987532691741134,-9.995728638310723,2.199289084699147e-05,-9.999902201950677,-9.999770244605596,3.730454928064771e-05,-10.000229690170022,-9.999856644677216,-1.717843362826706e-05,-9.99947618326059,-9.999879876450855
0,Cz-Pz,-0.0011421884240522338,-9.995623426808738,-9.998193350762856,4.9818471800111e-05,-9.999354269955576,-9.999055359124776,2.9885444962029346e-05,-10.000060503994174,-9.999761649544554,-2.026648912221354e-05,-9.999380202152912,-9.999856464647284
0,Fp2-F4,-0.005058475928604407,-9.977077238527153,-9.988458809366513,-0.0006758833391810529,-9.992799082809052,-9.996854382844138,0.00016405349139380707,-9.999831218306328,-9.99819068339239,-1.7727008723396298e-05,-9.999471072236117,-9.999887656941118
0,F4-C4,-0.008591136552914325,-9.946489711508159,-9.965819768752215,-0.0015623447914090574,-9.981666642070902,-9.991040710819357,-0.0003261291685760344,-9.993316627757482,-9.996577919443242,-3.9142450508257536e-05,-9.998844123118596,-9.99976397070554
0,C4-P4,0.0011935477700531626,-10.00060127903157,-9.997915796548952,-0.00035451081839658113,-9.994575639427287,-9.996702704337666,-0.00016744302206389317,-9.997164080513992,-9.99883851073463,-6.751729352345179e-06,-9.999795023105442,-9.999953688745222
0,P4-O2,-0.0013976033757732763,-9.994374792348404,-9.997519399943894,0.00030537364768143014,-10.000850419305683,-9.999018177419595,4.1324054349340305e-06,-9.999610201791981,-9.999568877737632,-2.9848536455405064e-06,-9.99990408838457,-9.99997423244524
0,Fp1-F3,-0.0033620416179906735,-9.98758277142001,-9.99514736506049,-7.198757682859966e-05,-9.999312176272069,-9.99974410173304,-6.823598555894385e-06,-9.999909157008672,-9.99997739299423,-6.198694353285668e-07,-9.999964216699471,-9.999978783631201
0,F3-C3,-0.000776050923831426,-9.99615679485599,-9.997902909434611,-0.00021230448414954887,-9.998183575406083,-9.99945740231098,2.3096961503621568e-05,-10.000182259187765,-9.99995128957273,-8.50835652748935e-07,-9.999957956853391,-9.99997795149123
0,C3-P3,-0.000549172045987869,-9.996937487774225,-9.998173124877699,0.00010918631353198811,-10.000174565581148,-9.999519447699956,-3.956985241946422e-06,-9.999699198855325,-9.999738768707743,-6.874263375895679e-07,-9.999963527595634,-9.999979682114567
0,P3-O1,-0.0001271060191679477,-9.998777410511952,-9.99906339905508,-0.00027383170583030543,-9.997681808814544,-9.999324799049527,8.050435907284545e-07,-10.00000074108211,-9.999992690646202,-1.4617722160626937e-06,-9.99993382198671,-9.999968173633787
0,Fp2-F8,-2.934431615237579e-05,-9.993662181206915,-9.993728205918258,0.0003705033398122385,-9.992293198425724,-9.990070178386851,-0.00048096681345951686,-9.98988845444744,-9.994698122582035,-3.132132601601315e-05,-9.999085511116546,-9.999821562277921
0,F8-T4,-0.013697838112337324,-9.94232597706082,-9.973146112813579,-0.0014505287447281563,-9.978246632838323,-9.986949805306692,-0.0009320187716952894,-9.984509996455154,-9.993830184172108,-6.201905851355934e-05,-9.998174894320284,-9.999632342195353
0,T4-T6,-0.007380573792344999,-9.968122234433416,-9.984728525466192,-0.00019955126695876528,-9.997274481245144,-9.998471788846897,-0.00023570145011384512,-9.996983672570506,-9.999340687071644,-1.5262340692427322e-06,-9.99994287107571,-9.999978737576336
0,T6-O2,-0.00013829620821647945,-9.999380380942736,-9.999691547411222,-3.166036161669298e-05,-9.999567893185572,-9.999757855355274,6.052851972045244e-05,-10.000475233726956,-9.999869948529751,-3.5268802418996374e-06,-9.999882990091407,-9.999965871777093
0,Fp1-F7,-3.520803688083211e-05,-9.99952739942704,-9.999606617510022,3.1531672717105566e-05,-10.000113156333807,-9.999923966297505,-1.2995086168879298e-05,-9.999812143767008,-9.999942094628697,-1.2359239144854228e-07,-9.99998370426002,-9.999986608681219
0,F7-T3,-0.0026874607351947606,-9.989100500742802,-9.99514728739699,-4.3315253879267274e-05,-9.99957648882978,-9.999836380353056,1.6310087135623073e-05,-10.000116230303918,-9.999953129432562,-8.010900745336634e-07,-9.999962611400306,-9.999981437017057
0,T3-T5,-0.0003429880465695932,-9.998678748831914,-9.999450471936695,5.444274143185277e-05,-9.999664448321003,-9.999337791872412,2.225384825572729e-05,-10.00014548107578,-9.999922942593223,7.464256951705763e-07,-9.999970836866868,-9.999953295863031
0,T5-O1,0.0001682941824034601,-9.999602761307743,-9.999224099397336,-8.366304523242104e-05,-9.999077604127928,-9.999579582399322,-1.800031104475977e-05,-9.999780982146827,-9.999960985257275,-1.6838354237246777e-06,-9.999925851637041,-9.999965421769499
0,Fz-Cz,-0.003095408257211489,-9.985611522135205,-9.992576190713931,-9.74362410913838e-05,-9.998857740527306,-9.999442357973855,-5.650430892460696e-05,-9.999211488850161,-9.999776531939407,-7.71950019643014e-07,-9.999963012859249,-9.999981153684711
0,Cz-Pz,-0.003247889898935533,-9.988367541751996,-9.9956752940246,-3.3633947003623226e-05,-9.998684848988947,-9.998886652670969,4.6444963925438856e-05,-10.000164802544235,-9.99970035290498,-1.566907327925108e-06,-9.999919977784476,-9.999956800106682
0,Fp2-F4,-0.006154147922452424,-9.97622333367748,-9.990070166502997,-0.0007651520372297126,-9.993811485350752,-9.99840239757413,-2.193807397437702e-05,-9.999519572017023,-9.999738952756767,-3.0398380632311678e-06,-9.999901606889285,-9.99997304308377
0,F4-C4,-0.00435687833723458,-9.97498319849165,-9.984786174750427,-0.0006357907105106434,-9.99111839948906,-9.994933143752124,0.00010523542895910457,-10.000474102685004,-9.999421748395413,-2.0863295911635073e-05,-9.999339583530242,-9.999829870984165
0,C4-P4,-0.002960552969385005,-9.985117783876701,-9.991779028057817,0.000244727298551405,-10.000309616284458,-9.998841252493149,-4.346514886538239e-05,-9.99928125711844,-9.999715908607094,-5.963153691130583e-06,-9.999814491865946,-9.999954625977688
0,P4-O2,0.0003573942800181376,-9.999980875652348,-9.999176738522307,-0.00012772424526741517,-9.998703973740453,-9.999470319212056,-2.31843051180221e-05,-9.999703946168513,-9.999935789219693,-1.9144933141934887e-06,-9.999932378248847,-9.99997736884173
0,Fp1-F3,-0.0002639377858845764,-9.998819380738409,-9.999413240756649,-2.817991396448506e-05,-9.999718017941161,-9.999887097424947,1.0237424229402369e-05,-10.000049854902652,-9.999947480660358,-1.1184872714223425e-06,-9.99994057172461,-9.999966856175488
0,F3-C3,-0.0024133277947371175,-9.99124027246834,-9.9966702600065,-3.0186882774986454e-05,-9.999750789777234,-9.999931911073885,8.291614772436928e-06,-9.99997366642063,-9.999890750272906,1.6641517052697605e-08,-9.999987142406871,-9.999986751331221
0,C3-P3,-0.00024893712613256454,-9.999009542296276,-9.999569650830075,-2.086839423364197e-06,-9.99993496420951,-9.99994748524605,-6.00506276457495e-06,-9.999854751319651,-9.999914801947297,-7.869619321512934e-07,-9.99996245193712,-9.999980945542527
0,P3-O1,-0.0012217699745463292,-9.994950033505873,-9.997699015948601,-2.799324524666734e-05,-9.999787957964646,-9.999955917436125,7.011069552596243e-06,-10.000006129088318,-9.999936018392791,-1.7289018856869308e-06,-9.999936271294683,-9.999976900488996
0,Fp2-F8,0.0008534557150667762,-9.986776270112095,-9.984855994753195,-0.0036628051335301838,-9.968188628522437,-9.990165459323618,-0.0007965240904306163,-9.989581973809239,-9.997547214713546,-1.6470141649121763e-05,-9.999505538471535,-9.99989258680029
0,F8-T4,-0.027400775637476327,-9.890174246347264,-9.951825991531587,0.0008551864320194551,-9.998878180898982,-9.993747062306866,-4.256171457674482e-08,-9.997199242248572,-9.997199667865717,-2.079446713297425e-05,-9.999346582936473,-9.999835252914098
0,T4-T6,-0.012967617935286613,-9.93110425975959,-9.960281400113985,-0.006567818596949195,-9.944845356183187,-9.984252267764882,-0.000408512520139344,-9.993576246786294,-9.997661371987688,-2.1143927086254903e-05,-9.99937778051429,-9.999874662800817
0,T6-O2,-0.000764041417450832,-9.997086592496695,-9.998805685685959,-8.486806301098334e-05,-9.999339459376113,-9.99984866775418,4.496828151824768e-07,-9.999935304779246,-9.999930807951094,-1.3939215849196991e-06,-9.999951474438967,-9.999984231596214
0,Fp1-F7,-0.0003597342866812595,-9.998736484114975,-9.999545886260007,-1.8937591351647756e-05,-9.999835437468091,-9.999949063016201,1.709528196264384e-06,-9.999969288763435,-9.999952193481471,-2.6694871316543703e-06,-9.999894186616526,-9.99995691956412
0,F7-T3,-0.0006350592339168894,-9.9974846742661,-9.998913557542414,-1.6411597314396152e-06,-9.999962992584232,-9.99997283954262,-4.955566888376458e-06,-9.999940452836796,-9.99999000850568,-1.4460068119025632e-06,-9.999947507473122,-9.999981488633201
0,T3-T5,-0.0012974759327541235,-9.99524265013246,-9.998161970981156,-1.0470097583862548e-05,-9.999898928868134,-9.999961749453638,-6.800960544363613e-07,-9.99997908258223,-9.999985883542776,-5.54012112272674e-07,-9.99995671524752,-9.99996973453216
0,T5-O1,-0.0002306842681784648,-9.99893773756685,-9.999456777170252,-3.131230677988062e-05,-9.999763277521293,-9.999951151361971,-9.384241105662869e-06,-9.999850277501455,-9.999944119912511,-6.476850066931592e-07,-9.999960475723212,-9.999975696320869
0,Fz-Cz,-0.0025870158447544142,-9.989759720957688,-9.995580506608386,2.075793672408574e-05,-9.999846955841473,-9.999722408221128,1.3382742336341741e-05,-10.00002787256371,-9.999894045140346,-1.916391002224695e-06,-9.999926313750231,-9.999971348938784
0,Cz-Pz,-0.00017929965122252621,-9.9979301423457,-9.99833356656095,-5.20686770442545e-05,-9.999449531152647,-9.999761943214914,-5.513609870986089e-05,-9.999213968810576,-9.999765329797674,-2.1038752261628887e-06,-9.999910518971504,-9.999959960039318
0,Fp2-F4,-0.0001338817016510937,-9.99918755881129,-9.999488792640005,-3.870072987200896e-05,-9.999682932024228,-9.99991513640346,-1.7510033476164217e-06,-9.999971130262793,-9.99998864029627,-1.3641449859989104e-06,-9.999952296435174,-9.999984353842345
0,F4-C4,-0.0006537419587349859,-9.99737261126359,-9.998843530670744,2.4394950225900332e-05,-9.999836134887714,-9.999689765186359,-3.164233954877403e-05,-9.999590047922108,-9.999906471317596,-1.3487068849517162e-07,-9.99998994638214,-9.999993115843319
0,C4-P4,-0.0002402462153112072,-9.99913540267822,-9.99967595666267,8.117807868462402e-05,-10.000046667193175,-9.999559598721067,-1.5098511140056521e-05,-9.999820019913717,-9.999971005025117,-9.894058265271736e-07,-9.999967776877638,-9.999991027914561
0,P4-O2,-0.00015207783712513763,-9.999321472008706,-9.999663647142238,-5.72150739518948e-06,-9.99990985743713,-9.999944186481502,5.619756767208363e-07,-9.999983829356204,-9.999978209599437,-1.9840948354298734e-07,-9.999980221375997,-9.999984883998861
0,Fp1-F3,-0.00014849348805275005,-9.99806228357236,-9.998396393920478,-0.00028610658123832033,-9.997533389009202,-9.999250028496633,-2.9672945627545174e-05,-9.999553133741173,-9.999849863197449,-2.0804839339908467e-06,-9.999915050661384,-9.999963942033833
0,F3-C3,-0.006275122294586946,-9.968550943754982,-9.982669968917802,-6.809559209732435e-05,-9.997907147086243,-9.998315720638827,0.00014966522189021911,-10.001237719165026,-9.999741066946124,-3.911677097286129e-06,-9.999871595724365,-9.99996352013615
0,C3-P3,-0.0066999825458246365,-9.975943162835133,-9.991018123563238,-0.0003077016314887442,-9.996940856189399,-9.998787065978332,0.00010445760271510378,-10.000614413919493,-9.999569837892341,-7.673759462942729e-06,-9.999770193049484,-9.999950526396862
0,P3-O1,-0.00062883168576659,-9.997458888510018,-9.998873759802992,-3.586309055530158e-05,-9.999672227193978,-9.99988740573731,-6.475557164127237e-06,-9.999911438159423,-9.999976193731063,-4.6167624288385035e-09,-9.999983551485402,-9.99998365997932
0,Fp2-F8,-0.0034763704082014352,-9.98760044436031,-9.995422277778765,-3.969502778067221e-05,-9.99968290920326,-9.999921079369944,-5.4665827390815935e-06,-9.999933047846188,-9.999987713673578,-9.179516846965441e-07,-9.999960942909174,-9.999982514773764
0,F8-T4,-0.0005347421847216711,-9.998057897696317,-9.99926106761194,-1.6061222318702457e-05,-9.999871203181282,-9.999967570515194,-1.5509042883098526e-06,-9.999981952313252,-9.999997461356136,-6.623831147130501e-07,-9.999955957443607,-9.999971523446803
0,T4-T6,-0.0017051942961082295,-9.993976229392663,-9.997812916558907,-4.239696869269256e-06,-9.9998998508814,-9.999925289062615,3.7383071007062423e-06,-10.000022852058738,-9.999985468987731,-9.874104043377985e-07,-9.999952419957244,-9.999975624101747
0,T6-O2,-0.0003501299623676058,-9.998542332371462,-9.99933012478679,-1.918728494370999e-05,-9.999769055655632,-9.999884179365294,-1.2840312601059476e-05,-9.999844221345104,-9.999972624471114,-1.4071834896337253e-06,-9.99994842426735,-9.999981493079357
0,Fp1-F7,-2.6243069643628283e-05,-9.999806638455551,-9.999865685362249,-4.22853726458265e-05,-9.99962599856066,-9.999879710796534,-1.5365924839053935e-05,-9.99978655706236,-9.99994021631075,5.409088481220578e-07,-9.999986438701228,-9.999973727343297
0,F7-T3,-0.00037620184531190397,-9.998201763468469,-9.999048217620421,-2.3264784341539657e-05,-9.999460015669278,-9.999599604375328,1.3017589115736509e-05,-10.000092306010634,-9.999962130119476,-2.4105630766779873e-06,-9.999924566547163,-9.999981214779465
0,T3-T5,7.973070356813867e-05,-9.999684635602609,-9.99950524151958,-1.4642906288019008e-05,-9.999755254812774,-9.999843112250502,-3.86843024135504e-05,-9.99952274528634,-9.999909588310475,-1.254700948672988e-06,-9.99993826735744,-9.999967752829733
0,T5-O1,-3.369722342298891e-05,-9.999829005126974,-9.999904823879676,-2.2271334199587777e-05,-9.999799426502346,-9.999933054507544,-9.236505947282665e-06,-9.999882892618254,-9.999975257677727,-2.7941048108761416e-07,-9.999970843606189,-9.999977409752494
0,Fz-Cz,-0.0012371002490940517,-9.995226929827899,-9.99801040538836,-3.163252930939744e-05,-9.999733357088378,-9.999923152264234,-1.389727517085747e-05,-9.99980978759594,-9.999948760347648,-1.6230680238053334e-06,-9.999940633513326,-9.999978775611885
0,Cz-Pz,-0.0013526654125812483,-9.994701411464115,-9.997744908642423,-0.00027029601834133827,-9.997474743890018,-9.999096520000066,1.559633337519032e-06,-9.999907164860918,-9.999891568527543,-1.900065816096324e-06,-9.999914602974158,-9.999959254520837
0,Fp2-F4,-0.0005804014085981225,-9.997899432761253,-9.999205335930599,-3.918458183176179e-06,-9.999924259938856,-9.999947770687955,-2.6316994057193376e-06,-9.99996372888552,-9.999990045879578,2.1524712469499341e-07,-9.999994400140439,-9.99998934183301
0,F4-C4,5.6232064081862415e-05,-9.999267375320375,-9.999140853176192,-4.240148729088686e-06,-9.999893737281857,-9.999919178174231,-5.243085124444493e-06,-9.999861401201185,-9.99991383205243,-2.990167462804846e-07,-9.99998085042682,-9.999987877320358
0,C4-P4,-0.0009991444849639566,-9.996332285299802,-9.99858036039097,1.2803187050011208e-05,-10.0000309997912,-9.9999541806689,-7.767071670241572e-07,-9.999944778056074,-9.999952545127744,9.384389291832047e-08,-9.99999266223707,-9.999990456905586
0,P4-O2,-0.000553168134907262,-9.998031867635223,-9.999276495938764,-1.091409254817634e-05,-9.999851997831536,-9.999917482386826,4.061518680238815e-06,-10.000029297691848,-9.999988682505045,4.942439699064922e-07,-10.000000388917314,-9.999988774184022
0,Fp1-F3,-0.0004670741290904178,-9.998390858157427,-9.99944177494788,-9.375916299254042e-06,-9.999862901629378,-9.999919157127174,-6.04777521721951e-06,-9.999920663516217,-9.999981141268389,-1.477282805715634e-06,-9.999932807631053,-9.999967523776988
0,F3-C3,-0.001726211101550331,-9.993412112783599,-9.997296087762086,-4.5541535288076244e-05,-9.99949473558716,-9.999767984798888,2.4347583832273975e-05,-10.000174862399733,-9.99993138656141,7.820498333134575e-08,-9.999985217096247,-9.999983379279138
0,C3-P3,-0.003048418588876169,-9.98904405910045,-9.995903000925422,-9.796726019072101e-05,-9.999145265137885,-9.99973306869903,2.9363743866199872e-05,-10.000227598787193,-9.99993396134853,-9.125444991171524e-07,-9.999966344672766,-9.999987789468495
0,P3-O1,-0.00041871875038329397,-9.998511106589934,-9.999453223778296,-1.3173349573787737e-05,-9.999838560740885,-9.999917600838328,2.730893885553541e-06,-10.000010636698837,-9.999983327759981,-1.5855533925625064e-06,-9.999940233383532,-9.999977493888258
0,Fp2-F8,-0.0005828040673095515,-9.997801428220605,-9.999112737372052,-9.54611889408817e-06,-9.999903684624039,-9.999960961337404,-2.2293695087605955e-06,-9.999957889030654,-9.999980182725741,-3.106551749418532e-07,-9.999974857712312,-9.999982158108923
0,F8-T4,-0.0003591100702530421,-9.998755431564224,-9.999563429222293,1.9382890773432497e-06,-9.999983183034292,-9.999971553299828,-3.095234271585363e-06,-9.999954885304257,-9.999985837646973,-1.5447891303762283e-06,-9.999930660855023,-9.999966963399586
0,T4-T6,-0.0006184942127443724,-9.997749267824497,-9.999140879803173,3.7312224839078676e-06,-9.999995092366637,-9.999972705031734,-8.847284599410174e-06,-9.999887484580627,-9.99997595742662,-5.681856905799678e-07,-9.999966228967969,-9.999979581331697
0,T6-O2,-7.481110767355666e-05,-9.999675181065959,-9.999843506058225,-2.3840139189888784e-05,-9.999709442475762,-9.999852483310901,4.158028123679369e-06,-10.000023060064335,-9.999981479783099,-1.165071731202853e-06,-9.999957586880686,-9.99998496606637
0,Fp1-F7,-0.00031133970920925626,-9.998774218770162,-9.999474733115884,-9.290506480783189e-07,-9.999953385491139,-9.999958959795027,2.5773955597629655e-06,-9.999988039125586,-9.999962265169989,-2.538973627785642e-06,-9.999908964416376,-9.999968630296628
0,F7-T3,-0.00012772952272717023,-9.999521683068618,-9.999809074494754,-5.085054855543384e-05,-9.99952925924077,-9.999834362532102,7.792124534600222e-06,-10.000044031916634,-9.999966110671288,-1.08162714288877e-06,-9.999963822057353,-9.99998924029521
0,T3-T5,-0.00012326067100630324,-9.999515064272405,-9.99979240078217,-2.4585451018300146e-05,-9.999784498985278,-9.999932011691389,5.875896637351071e-06,-10.000045556486407,-9.999986797520034,-4.96882178066966e-07,-9.999953417803574,-9.999965094534758
0,T5-O1,-0.0001355828494268775,-9.99946074538376,-9.99976580679497,1.465379032908686e-06,-9.999902760682705,-9.999893968408507,7.641664440770683e-07,-9.99999029500223,-9.999982653337788,-9.691806963615359e-08,-9.999967091171174,-9.99996936874581
0,Fz-Cz,-8.622107737307726e-05,-9.998815741511578,-9.999009738935667,-0.00013835990020847643,-9.99889566183893,-9.99972582124018,-4.583270023377843e-07,-9.999981896326457,-9.99998647959648,5.2660039396293555e-08,-9.999986965484537,-9.99998572797361
0,Cz-Pz,-0.004249176431471447,-9.984533562850983,-9.994094209821794,-2.2777097960159735e-05,-9.999753760104817,-9.999890422692577,-1.9795871723934698e-05,-9.999745293892312,-9.999943252609551,-1.6479053921207664e-06,-9.999919382513367,-9.999958108290082
0,Fp2-F4,-0.0003593878521794059,-9.9985914747941,-9.999400097461503,-1.7025833052422296e-05,-9.999822259782244,-9.999924414780558,1.2261260075924926e-06,-10.000006461873165,-9.999994200613088,-4.1356183242740963e-07,-9.999976834508528,-9.99998655321159
0,F4-C4,-0.0001661381757026641,-9.99911716345112,-9.99949097434645,-5.355601246919218e-05,-9.999571990523867,-9.999893326598682,-1.485020356174263e-05,-9.999815512335084,-9.999964014370702,-7.805349713407032e-07,-9.999971038089662,-9.999989380661487
0,C4-P4,-8.45113019337325e-05,-9.999690404978802,-9.999880555408152,-0.00010799798662494903,-9.999174185124122,-9.999822173043873,-2.2027238405741876e-05,-9.999726343342711,-9.999946615726769,-2.671673057414519e-07,-9.99998668034828,-9.999992958779966
0,P4-O2,-0.00011640980842641086,-9.999361704838918,-9.999623626907878,-3.8041227105902515e-05,-9.99967367607694,-9.999901923439575,-2.8876014592282433e-05,-9.999602491611777,-9.999891251757699,-1.6069012854516963e-06,-9.99992743978681,-9.999965201967017
0,Fp1-F3,-0.000270111508951295,-9.998564643826853,-9.999172394721993,-7.089358975490585e-05,-9.999440603219938,-9.999865964758467,-1.3687901595703782e-05,-9.999790721598671,-9.999927600614628,-2.6331347908081508e-06,-9.999902615391942,-9.999964494059526
0,F3-C3,-0.0005227487042541367,-9.997859347524487,-9.99903553210906,-7.812837262363262e-06,-9.999843166170567,-9.999890043194142,4.5032483773722845e-06,-9.999994350614593,-9.999949318130819,-2.6303998834959163e-07,-9.999975099813598,-9.999981281253325
0,C3-P3,-0.000887525353523109,-9.996742421850533,-9.99873935389596,-2.6984673386277208e-05,-9.999792593303503,-9.99995450134382,-4.595309428422446e-06,-9.999938003025166,-9.99998395611945,-3.921486915573554e-07,-9.999967327941265,-9.999976543435517
0,P3-O1,-0.0003808818061947214,-9.998586679848792,-9.99944366391273,-4.920760250778221e-05,-9.999601113860551,-9.999896359475597,-3.0659437362425043e-06,-9.999934681047415,-9.999965340484778,4.67694626032603e-08,-9.999981743717019,-9.999980644634647
0,Fp2-F8,-0.0005843640058631972,-9.997812443730178,-9.99912726274337,5.413453947145739e-06,-10.00000316131127,-9.999970680587587,5.019463051292654e-06,-10.000029460220565,-9.999979265590053,-5.480531002973887e-07,-9.999956178538612,-9.999969057786469
0,F8-T4,-0.0002574699902443051,-9.99909869581146,-9.99967800328951,-4.789268398123783e-05,-9.999591519936692,-9.99987887604058,-5.451647434871145e-06,-9.999935502763067,-9.999990019237416,-7.938497962666156e-07,-9.999957146102474,-9.999975801572687
0,T4-T6,-0.00048292608448602403,-9.997941378044459,-9.999027961734553,-8.004827690390988e-07,-9.999984637980445,-9.999989440877059,2.5331287336456618e-06,-10.000009032345412,-9.999983701058076,-2.4015665180618807e-06,-9.999913120397455,-9.99996955721063
0,T6-O2,2.3390833098960824e-05,-9.999662337606686,-9.999609708232214,-7.240219028751452e-05,-9.999342761502813,-9.999777174644539,-1.4462499510931229e-05,-9.999764444220864,-9.999909069215972,-2.645198478680162e-06,-9.99991191889068,-9.99997408105493
0,Fp1-F7,-0.0004142023465873243,-9.998315848003788,-9.999247803283609,-1.22203720592816e-05,-9.999893149709491,-9.999966471941846,8.860329510908444e-06,-10.00005168989693,-9.99996308660182,-2.106795345118478e-06,-9.999915035882966,-9.999964545573576
0,F7-T3,-0.00012287608107162707,-9.999540189790117,-9.99981666097253,-4.750806470482141e-05,-9.999590299684726,-9.999875348072955,3.013667464875536e-06,-9.999994626353713,-9.999964489679064,-1.3601563109419206e-06,-9.99994958901574,-9.999981552689047
0,T3-T5,-0.0012089489687883816,-9.99572995370068,-9.998450088880453,-5.20826592240891e-06,-9.999955313753217,-9.999986563348752,1.9247355208627052e-06,-9.999983952910126,-9.999964705554918,-1.0246125817284124e-06,-9.999943212637675,-9.999967291033345
0,T5-O1,-2.1832383616302438e-05,-9.999896424559942,-9.99994554742308,3.1752992501447545e-06,-9.999995847498413,-9.999976795702912,5.729573555559923e-07,-9.99999754904159,-9.999991819468034,4.508848124945741e-07,-9.999975347898705,-9.99996475210561
0,Fz-Cz,-3.435027901325322e-05,-9.999730267145887,-9.999807555273668,-3.20767840418919e-05,-9.999686024497395,-9.999878485201647,-2.2567878504134048e-07,-9.99999575316937,-9.99999800995722,-8.458375951122207e-07,-9.999964874660026,-9.999984751843511
0,Cz-Pz,-0.00030096867263152685,-9.99862778047852,-9.99930495999194,-3.29923186681279e-05,-9.999692933755185,-9.999890887667194,-3.64862273301918e-05,-9.999527396026407,-9.99989225829971,-3.4544751598186822e-06,-9.999881059170743,-9.999962239336998
0,Fp2-F4,-0.0006578097965140513,-9.997583657043027,-9.999063729085183,6.759986981974344e-05,-10.000280455284754,-9.999874856065835,2.4195154774210135e-06,-10.000003297847037,-9.999979102692263,-7.430966782800692e-07,-9.999962349818158,-9.999979812590098
0,F4-C4,-0.000761811764889771,-9.996913634626571,-9.998627711097573,-0.00011376163519192981,-9.99845849227521,-9.999141062086363,9.826074205798648e-06,-10.000037600429621,-9.999939339687563,-1.8906738511481417e-06,-9.99992805161942,-9.999972482454922
0,C4-P4,-0.00023617637678515776,-9.998402941056654,-9.99893433790442,6.282086094876451e-06,-9.999902708308175,-9.999865015791606,-2.6037721486213704e-05,-9.999673314304365,-9.999933691519228,-1.6590760197492073e-06,-9.999941251271183,-9.999980239557647
0,P4-O2,-0.0009192161356687674,-9.996251598424905,-9.99831983473016,2.5724954888934152e-05,-9.999157999957045,-9.999003650227712,-3.172648626393057e-05,-9.999514506936407,-9.999831771799046,-2.8895202979692876e-06,-9.999888738113471,-9.999956641840473
0,Fp1-F3,-0.003843064908060201,-9.986367267473051,-9.995014163516187,1.5595511895849154e-05,-9.999867395339734,-9.99977382226836,-1.1749792327938496e-05,-9.99982951407265,-9.999947011995928,-2.110826184625431e-06,-9.999910048120933,-9.99995965253627
0,F3-C3,-0.003233350260200381,-9.988280274054851,-9.995555312140302,-3.376394915035865e-05,-9.999635188354931,-9.999837772049833,-1.0080884258438004e-06,-9.999970112079415,-9.999980192963674,-2.35911534405471e-06,-9.999919541804466,-9.999974981015052
0,C3-P3,-0.0004874928767124707,-9.997709961418751,-9.998806820391355,3.444782291376117e-05,-10.000083947863804,-9.99987726092632,1.8061197365385525e-05,-10.000122849090413,-9.999942237116759,-2.382269175714754e-06,-9.999922488484383,-9.999978471810012
0,P3-O1,-0.0004120202987837869,-9.997649947266611,-9.998576992938874,0.0001741230574517402,-10.000287298323208,-9.999242559978498,7.373709877295451e-07,-9.999841136180919,-9.999833762471042,-1.0315785327181455e-06,-9.999950548710181,-9.9999747908057
0,Fp2-F8,0.00012421834077686256,-9.999850141921895,-9.999570650655148,6.303520598634516e-05,-10.000118438865707,-9.99974022762979,-3.7227672809277456e-05,-9.999445257933242,-9.999817534661336,-3.263060046392857e-06,-9.999874006666673,-9.999950688577764
0,F8-T4,0.00020411330972635377,-9.99976937159225,-9.999310116645367,-1.4236150081721567e-06,-9.99991900677954,-9.99992754846959,2.4376383291491924e-05,-10.000170504783032,-9.999926740950118,-5.054457056229101e-06,-9.999826167116845,-9.999944946857667
0,T4-T6,-0.00037108892678079755,-9.99836632250666,-9.999201272591916,-7.861439758666181e-06,-9.999750587458786,-9.999797756097339,-8.623865002426233e-05,-9.99889897964434,-9.999761366144583,-9.350162030323282e-06,-9.999703670161443,-9.999923398969155
0,T6-O2,-0.00023669402095405196,-9.998628338579447,-9.999160900126594,2.574673979964973e-05,-9.999748957354576,-9.999594476915778,-7.679543288929701e-05,-9.999005047829655,-9.999773002158548,-1.0153271197112055e-05,-9.999678082774833,-9.999916684647966
0,Fp1-F7,-8.447196231764186e-05,-9.999664477463412,-9.999854539378626,2.2084733444291545e-05,-10.000051821345075,-9.999919312944408,-4.954471273345652e-05,-9.99933354113376,-9.999828988261095,-7.44528894686513e-06,-9.99975730850948,-9.99993227279973
0,F7-T3,-0.0001790165462146415,-9.998881994575344,-9.999284781804327,2.872407618116037e-05,-9.999836928941203,-9.999664584484115,-0.0001189482522382534,-9.998546855002393,-9.999736337524777,-1.0109527375196269e-05,-9.999673261315614,-9.999910835208931
0,T3-T5,5.2843176557365864e-05,-9.99941948787265,-9.999300590725396,7.178984077247501e-05,-9.999672312261318,-9.999241573216683,-4.9599941766110345e-05,-9.999142645423916,-9.999638644841577,-1.2277736364491118e-05,-9.999604131556987,-9.999892658361553
0,T5-O1,0.00017503264941012226,-9.999021849850559,-9.998628026389387,0.00010025684709683884,-10.000157448819515,-9.999555907736934,-8.275278493068635e-05,-9.998779991152324,-9.99960751900163,-1.2287664934095677e-05,-9.999603343286362,-9.999892103412312
0,Fz-Cz,-0.002553856541176623,-9.99088436194901,-9.996630539166658,1.290705357803363e-05,-9.999941744394402,-9.999864302072934,2.6060175353498554e-06,-9.999993577387,-9.999967517211648,-1.4052358923132623e-06,-9.999945587730501,-9.99997861077397
0,Cz-Pz,-0.0033626685487167327,-9.987161464531793,-9.994727468766406,-3.960935860958341e-05,-9.999706785906193,-9.999944442057851,3.1116728760503536e-06,-9.999982961808723,-9.999951845079963,-2.0349807244661425e-06,-9.999911418712596,-9.99995924075962
0,Fp2-F4,-9.937608762947721e-05,-9.99912372287384,-9.999347319071006,-1.7352611745931424e-05,-9.99981499758489,-9.999919113255366,-2.3486802792689246e-07,-9.999966058156021,-9.9999684068363,-9.876986664282371e-07,-9.999964629938834,-9.999987840857495
0,F4-C4,-9.957059475919527e-05,-9.999492702997584,-9.999716736835792,1.9259240980421778e-05,-9.999852665901376,-9.999737110455493,-9.330534958475545e-06,-9.999880735072981,-9.999974040422567,-2.1321008557862558e-07,-9.999986515379023,-9.999991525816034
0,C4-P4,-7.155681729353857e-06,-9.999810927119189,-9.99982702740308,2.967813133285517e-05,-10.000044004285137,-9.999865935497139,9.36597068927982e-06,-10.000034181954915,-9.999940522248021,-5.869347318577523e-07,-9.999977382055285,-9.999991175021483
0,P4-O2,-0.0020375278397958,-9.991835039278213,-9.996419476917753,-5.5612007124378055e-05,-9.999432911109745,-9.999766583152491,-4.5981281409821365e-06,-9.9999255371563,-9.99997151843771,-1.7233324669282737e-06,-9.999940749494524,-9.999981247807497
0,Fp1-F3,0.00013942939905073855,-9.999847382800779,-9.999533666652914,6.041090661601752e-06,-9.999884508167671,-9.999848261623702,1.7812846982618544e-05,-10.000134720274813,-9.999956591804986,2.051883310483299e-06,-10.000013855696624,-9.999965636438828
0,F3-C3,-0.0004776162686845368,-9.99778073290587,-9.99885536951041,3.5362436782539686e-05,-10.000035935121005,-9.999823760500309,-8.372831729646591e-07,-9.999956087241948,-9.999964460073677,8.735630868433648e-08,-9.999988241726443,-9.999986188853189
0,C3-P3,-0.0020463537052840485,-9.991605161536445,-9.996209457373334,-2.2122802977162304e-05,-9.999754758509837,-9.9998874953277,1.1768135625231913e-06,-9.999990054244904,-9.999978286109279,-1.2767843152583668e-06,-9.99995555237333,-9.999985556804738
0,P3-O1,0.00044787396301237855,-9.99905505953119,-9.998047343114411,2.8037239624039276e-05,-9.999830976150276,-9.999662752712533,3.0054706849135752e-05,-10.000234876852714,-9.999934329784223,-1.790973293164131e-06,-9.999930655098956,-9.999972742971345
0,Fp2-F8,-5.109325300341372e-05,-9.999706862334309,-9.999821822153566,-4.20723218861986e-05,-9.99961193771022,-9.999864371641538,-8.95318302627099e-06,-9.999851104456265,-9.999940636286528,-1.5811665865234921e-06,-9.999940522816837,-9.999977680231622
0,F8-T4,-0.00011434746090490556,-9.999542132425868,-9.999799414212903,1.7635580325360232e-05,-10.000064858338575,-9.999959044856624,-1.5122402014655576e-05,-9.999764197818363,-9.99991542183851,-4.649606905962982e-06,-9.999849654401771,-9.999958920164062
0,T4-T6,-8.729230350574299e-06,-9.999545172402893,-9.999564813171181,-0.000214788576162219,-9.998397301963479,-9.999686033420453,2.9024876372829853e-06,-10.000001856519457,-9.999972831643085,-1.5941806242104152e-06,-9.999943210428501,-9.99998067367317
0,T6-O2,-0.001538022939373761,-9.994131969645737,-9.997592521259328,-4.1315003353984184e-05,-9.999628442620347,-9.99987633264047,3.5657438569541696e-07,-9.999983951367389,-9.999980385623532,-3.834646282508447e-06,-9.999879838009068,-9.999969952196707
0,Fp1-F7,0.0002237699875976621,-10.000151314217645,-9.99964783174555,-2.704685644671237e-05,-9.999710238996004,-9.999872520134684,1.3940494871712004e-05,-10.000095878983196,-9.999956474034478,-1.6049770197740611e-06,-9.999927732924274,-9.999965449884238
0,F7-T3,0.00014913645841264545,-9.998978033039984,-9.998642476008555,-7.24877934270001e-05,-9.99895335048896,-9.999388277249523,8.843126675879877e-05,-10.000639708045592,-9.999755395378003,-1.2372086027853973e-05,-9.999614166099217,-9.999904910120872
0,T3-T5,-0.00012183057928203402,-9.999087762189797,-9.999361880993181,6.557126193410219e-05,-10.00003002675631,-9.999636599184706,9.252131610037923e-05,-10.00074668619893,-9.999821473037926,-4.360629711026918e-06,-9.999831999692418,-9.999934474490628
0,T5-O1,-0.00039005022872633705,-9.997675836375358,-9.998553449389991,5.446435980817194e-05,-10.000089725024408,-9.999762938865558,7.714962684774698e-05,-10.000587854048348,-9.99981635777987,-1.0955050052470102e-05,-9.999652770855322,-9.999910214531555
0,Fz-Cz,-0.00020293971739459462,-9.999085685535432,-9.99954229989957,-7.471898265206351e-06,-9.999857974986224,-9.999902806375815,-2.6305301433581008e-06,-9.999918015344416,-9.99994432064585,3.9284275009258746e-07,-9.999992841461552,-9.999983609656924
0,Cz-Pz,0.0003775910574820065,-9.998775421840302,-9.997925841960967,-4.901258441425717e-05,-9.999565762884602,-9.999859838391087,-2.662606717931418e-05,-9.999539620716464,-9.999805881388257,-5.123004247652046e-06,-9.999828968396516,-9.999949358996336
0,Fp2-F4,-1.2478584472446596e-05,-9.999735405107497,-9.99976348192256,-3.555776105402264e-06,-9.999894219419012,-9.999915554075644,-1.931739722661378e-05,-9.999755793189319,-9.999948967161584,4.350783956310318e-08,-9.999991370606603,-9.999990348172373
0,F4-C4,-0.0020886779428950938,-9.992645165840301,-9.997344691211815,5.579636024629455e-05,-10.000038120413427,-9.99970334225195,-3.6975070232887896e-05,-9.999527571335374,-9.999897322037704,-1.439000724404223e-06,-9.999948191684647,-9.99998200820167
0,C4-P4,9.143404267378198e-05,-10.000014933943593,-9.999809207347576,4.253381279721262e-05,-10.000048032944278,-9.999792830067495,-4.7792009696391204e-05,-9.999420765486006,-9.99989868558297,-7.308258564295187e-07,-9.999973060162661,-9.999990234570287
0,P4-O2,-0.0008253187663533095,-9.996686453889513,-9.998543421113808,-6.40566248561391e-05,-9.999483172325201,-9.999867512074339,7.605926490165382e-06,-10.000052721807613,-9.99997666254271,-1.1073683211600237e-06,-9.999957472365656,-9.999983495521203
0,Fp1-F3,-5.249801726624675e-05,-9.999716923480443,-9.999835044019292,9.650575225395195e-05,-10.000353172308214,-9.99977413779469,6.764452990057246e-05,-10.00050977328677,-9.999833327987766,-2.0390739546941967e-06,-9.999920780730042,-9.999968698967978
0,F3-C3,-0.0009073417566819749,-9.996679029623534,-9.998720548576069,0.00010589197128929755,-10.000368260481165,-9.99973290865343,3.6763672934581404e-05,-10.00020362893739,-9.999835992208045,-1.177179952052639e-06,-9.999955781517158,-9.999983445246032
0,C3-P3,-0.0014785551016604686,-9.994569180527256,-9.997895929505992,-4.095695739262691e-05,-9.999690676403555,-9.999936418147911,1.5713186527784175e-05,-10.000113124601418,-9.99995599273614,-1.2380459135258004e-06,-9.999955740330039,-9.999984834409007
0,P3-O1,0.0007265979028636583,-10.000817165006067,-9.999182319724623,6.286475806183314e-05,-10.000171899676566,-9.999794711128194,1.197049795053005e-05,-10.000049841608812,-9.999930136629306,6.947747083051421e-09,-9.999983251720424,-9.999983088448367
0,Fp2-F8,1.3740201502645447e-05,-9.998934073450233,-9.998903157996851,-1.300206528599029e-05,-9.999843917006105,-9.999921929397821,2.314236296979714e-05,-10.000147971253963,-9.999916547624265,-8.968508205535573e-07,-9.999960294370991,-9.999981370365274
0,F8-T4,-0.0004802209744425058,-9.997874905211651,-9.998955402404146,-3.590226633694009e-05,-9.99970630423292,-9.999921717830942,-1.0939264156362088e-05,-9.999834114498764,-9.999943507140328,-1.1655842705845417e-06,-9.99995250617882,-9.99997989740918
0,T4-T6,-0.0005503949199498718,-9.997890291962443,-9.99912868053233,-3.4267308290577e-05,-9.999662146203042,-9.999867750052784,-3.2963273953001563e-06,-9.999951477781677,-9.999984441055629,-3.857910785803419e-07,-9.99997710861824,-9.999986174708585
0,T6-O2,0.00016423464904334565,-9.999704338493853,-9.999334810533504,-5.4434149860165e-05,-9.999466511938676,-9.999793116837838,1.8462743359419125e-05,-10.000065633332914,-9.99988100589932,-1.4436172506303985e-06,-9.99994462874989,-9.99997855375528
0,Fp1-F7,-2.037587173062857e-06,-9.999792885697019,-9.999797470268158,0.00011404992699778744,-10.00042010634673,-9.999735806784743,1.8194036774109266e-05,-10.000100070959883,-9.999918130592143,-5.323994350570658e-06,-9.999832861677316,-9.999957975544554
0,F7-T3,0.00013011876772898076,-9.999900071772183,-9.999607304544792,5.320793651049842e-05,-9.999869007876512,-9.99954976025745,0.0001652389724424376,-10.001311045362192,-9.999658655637766,-1.1009844055224923e-05,-9.99963904720649,-9.999897778541788
0,T3-T5,-0.00034309504309573577,-9.998438419992016,-9.999210383838982,5.5217429236771916e-05,-10.000165159374047,-9.999833854798627,5.7488621746442826e-05,-10.000411591546715,-9.999836705329251,-6.775073514935876e-06,-9.999773058750291,-9.999932272977892
0,T5-O1,0.001137893194425348,-10.001390985281013,-9.998830725593557,6.514644181844837e-05,-9.999902375319877,-9.999511496668966,0.00012187454444006254,-10.000892850926324,-9.999674105481922,-8.491042616530726e-06,-9.99970487736063,-9.999904416862119
0,Fz-Cz,-0.0016742601974112734,-9.994124924381271,-9.997892009825447,-2.2924848912555414e-06,-9.999961556644635,-9.999975311553984,-3.647653758440133e-07,-9.999972415379304,-9.999976063033062,-7.631237753748617e-07,-9.999967689953555,-9.999985623362276
0,Cz-Pz,-0.0001787032566750442,-9.998951934184722,-9.99935401651224,5.185741118416607e-05,-10.000159686102387,-9.999848541635282,-1.0472654493109522e-05,-9.999808423398466,-9.999913149943398,2.5808137253210265e-08,-9.999970133119287,-9.999969526628062
0,Fp2-F4,-0.0006112511840007567,-9.997541736881738,-9.998917052045739,-2.4742375860335756e-05,-9.999730013158228,-9.99987846741339,-2.124999593537722e-06,-9.999971779063648,-9.999993029059583,-1.535025510576243e-07,-9.999986730224016,-9.999990337533966
0,F4-C4,-1.1405398613668425e-05,-9.999906536240848,-9.999932198387729,3.615130253905393e-06,-9.99969255657378,-9.999670865792258,-1.952468965733044e-05,-9.999757707199162,-9.999952954095736,-1.5922548003970196e-07,-9.999980233101017,-9.999983974899797
0,C4-P4,-0.00034124742149496803,-9.998673964987715,-9.999441771686078,6.902923133120364e-05,-10.00015089372945,-9.999736718341461,1.4357657674818168e-06,-9.999965531087936,-9.999951173430262,-9.269374641507484e-07,-9.999966719281014,-9.999988502311421
0,P4-O2,-0.00012020070729456526,-9.999259227070466,-9.99952967866188,3.4345947449136e-05,-10.000121608829504,-9.99991553314481,-1.579887536467674e-05,-9.999810813013466,-9.999968801767114,-2.3355947881291262e-06,-9.999911052597845,-9.999965939075366
0,Fp1-F3,-0.000124996875174179,-9.999525754202955,-9.999806997172097,1.963243592242404e-05,-10.000038532069226,-9.999920737453692,3.2193594517116987e-06,-9.999977134251111,-9.999944940656594,-1.1035981188746588e-06,-9.999924080261565,-9.999950014817358
0,F3-C3,-0.001622131963434249,-9.99287268412523,-9.996522481042957,1.2827890487122414e-05,-10.000004105263285,-9.999927137920363,-7.883845073893716e-06,-9.999859208206301,-9.99993804665704,-1.7342824609272503e-06,-9.999944619344292,-9.999985374982124
0,C3-P3,-0.0013925016068094644,-9.9946543727662,-9.997787501381522,3.550969339591986e-05,-10.000124980669476,-9.999911922509101,-4.39270003290535e-05,-9.99948224291522,-9.999921512918512,-3.151346574989658e-06,-9.999893244224703,-9.999967300869216
0,P3-O1,0.00020745602290574258,-10.000192769961007,-9.99972599390947,1.1702960745731127e-05,-9.99984635923218,-9.999776141467706,-6.093994949174232e-06,-9.999918703764052,-9.999979643713544,-3.817104898714179e-07,-9.99996456115261,-9.999973531349122
0,Fp2-F8,-0.00032884899627041536,-9.9982373942059,-9.998977304447507,-1.7587849255603422e-06,-9.9999718677728,-9.999982420482354,-8.333764454049795e-06,-9.999882758055307,-9.999966095699847,-4.078885954833695e-07,-9.999973188966713,-9.999982774348707
0,F8-T4,-3.419744449147582e-05,-9.999682096750801,-9.999759041000907,-3.902583556038079e-07,-9.99996148774115,-9.999963829291284,-8.468560719953405e-07,-9.999989024713114,-9.999997493273835,-8.405997450292655e-07,-9.999953935121605,-9.999973689215613
0,T4-T6,-6.980009518659433e-05,-9.999719478201117,-9.999876528415287,-3.9763724325993367e-07,-9.99997329784584,-9.999975683669298,5.17695196691572e-06,-10.000033988165738,-9.99998221864607,-2.004006524172136e-07,-9.999980163731172,-9.999984873146504
0,T6-O2,-0.00011484114837982533,-9.99953932347741,-9.999797716061265,-1.466329592235738e-06,-9.999963274834709,-9.999972072812263,-1.397219711798423e-05,-9.999810334248037,-9.999950056219218,-3.0436019661348126e-06,-9.999895195022289,-9.999966719668492
0,Fp1-F7,-0.00011526408851812476,-9.999475920849711,-9.999735265048876,2.2021837049764545e-05,-9.99997761648953,-9.999845485467231,-3.2521158008369874e-06,-9.999945946969168,-9.999978468127177,-5.143497693713247e-06,-9.999828235601498,-9.9999491077973
0,F7-T3,-0.0005363195686758646,-9.997371039359413,-9.998577758388933,3.359716910432244e-05,-10.00004614276542,-9.999844559750795,-1.6012728529316493e-05,-9.999556118033395,-9.999716245318687,-8.582584101554933e-06,-9.999733454517958,-9.999935145244345
0,T3-T5,-7.746299685740069e-05,-9.998920448480975,-9.999094740223905,4.710314500428503e-06,-9.99983110328532,-9.999802841398317,-3.731899870299002e-05,-9.999491418894383,-9.999864608881413,-4.74604319187302e-06,-9.999819116609793,-9.999930648624801
0,T5-O1,0.0001362610403660757,-9.999787466898468,-9.999480879557645,1.0827530975823024e-05,-9.999794865434193,-9.999729900248338,2.0785403912136178e-05,-9.999989479305109,-9.999781625265987,-9.693592069502577e-06,-9.999687749317173,-9.999915548730806
0,Fz-Cz,-0.0004707845067419855,-9.998140936929008,-9.999200202069177,1.5942075304960197e-06,-9.999985220848004,-9.999975655602821,-4.3445192058007136e-06,-9.999935594719348,-9.999979039911405,-5.964113520114314e-07,-9.99996868874397,-9.999982704410742
0,Cz-Pz,-0.0003125809923169748,-9.998730081047649,-9.999433388280362,5.5368627428919586e-05,-10.000173615036779,-9.999841403272205,3.5975465033937857e-06,-9.999980680984992,-9.999944705519958,-7.047553129396612e-06,-9.99977305888868,-9.99993867638722
0,Fp2-F4,-2.1910785169159408e-05,-9.999839661177063,-9.999888960443693,-5.6474717404523274e-05,-9.999514862710315,-9.999853711014742,-2.4753479690010136e-06,-9.999968852139984,-9.999993605619675,-1.3734472034773064e-07,-9.999986206846318,-9.999989434447246
0,F4-C4,-7.334958850118399e-05,-9.999745870721922,-9.99991090729605,1.5292396959615431e-06,-9.999968426581866,-9.99995925114369,-4.389526193053006e-07,-9.999987643113077,-9.99999203263927,-1.398572265180887e-06,-9.999951682137922,-9.999984548586154
0,C4-P4,-0.0005185465158757413,-9.997830571490978,-9.998997301151698,-1.5739194967071526e-05,-9.99980903361141,-9.999903468781213,3.080269471358606e-06,-10.000014421656763,-9.99998361896205,-6.722713412202958e-07,-9.999974843712199,-9.999990642088717
0,P4-O2,-0.0004637892854557759,-9.997692387753862,-9.998735913646136,-3.1461427942233315e-05,-9.999734639808288,-9.999923408375942,-4.854664412826049e-06,-9.999935169074186,-9.999983715718315,-9.267424646844455e-07,-9.999953871801006,-9.999975650248926
0,Fp1-F3,-1.475466255130614e-05,-9.999875849357029,-9.999909047347769,-0.00010845379287609036,-9.999136244627978,-9.999786967385235,-5.087614563840672e-06,-9.999919097044838,-9.999969973190476,-3.0355826666068824e-06,-9.99988980856664,-9.999961144759306
0,F3-C3,-0.00010778524034578586,-9.998917270831932,-9.999159787622709,-1.8783639105399573e-05,-9.999832885901439,-9.999945587736072,2.2010748213060862e-05,-10.000133037876061,-9.999912930393931,-2.5069985577436604e-07,-9.999986234716085,-9.999992126162695
0,C3-P3,-0.00020437968673451434,-9.99907600648167,-9.999535860776824,-8.828898006536144e-06,-9.999915417146768,-9.999968390534807,-8.662515441904104e-06,-9.99985189142086,-9.999938516575279,-1.2699589926935163e-06,-9.999954089422127,-9.999983933458456
0,P3-O1,-0.00011471075245296845,-9.99944925291772,-9.99970735211074,-2.108480402275286e-06,-9.999970471197816,-9.99998312208023,6.462279859172261e-06,-10.000041345652907,-9.999976722854315,-1.3174535507494786e-06,-9.999944320321575,-9.999975280480017
0,Fp2-F8,-2.1602575202443087e-05,-9.999876641529053,-9.999925247323258,-2.3540103623260205e-05,-9.999823837510247,-9.999965078131986,-1.3149393448209548e-05,-9.999844351189795,-9.999975845124277,-5.019378771915949e-07,-9.999971594091113,-9.999983389631227
0,F8-T4,4.244924757053853e-05,-9.999824791504887,-9.999729280697853,6.220998214061626e-06,-9.999980925889123,-9.999943599899838,-4.480527400763462e-07,-9.999980965465097,-9.999985445992499,-2.131214764142279e-07,-9.999965895224573,-9.99997090357927
0,T4-T6,9.106718420949926e-06,-9.999928668089423,-9.999908177972975,-3.469463414808783e-05,-9.999721652393266,-9.999929820198155,-6.9708205096991046e-06,-9.999917838288626,-9.999987546493722,-1.0617681023584024e-06,-9.999956174172253,-9.999981125722659
0,T6-O2,-0.00010479654782289812,-9.999429167414755,-9.999664959647356,-3.566918894791644e-05,-9.99964725568954,-9.999861270823228,1.7040604646411572e-06,-10.000001461258465,-9.999984420653819,-1.2010134599720553e-06,-9.999956402386573,-9.999984626202883
0,Fp1-F7,-6.81644848080879e-05,-9.999675847117697,-9.999829217208514,-8.961778457294594e-05,-9.99927658688387,-9.999814293591307,-1.0416036732768182e-05,-9.999872740276594,-9.99997690064392,-2.622847473611524e-06,-9.999906968998138,-9.999968605913768
0,F7-T3,-6.700779204248797e-05,-9.999651301067752,-9.999802068599848,-2.3493641944153247e-05,-9.999811435268642,-9.999952397120307,1.3432504512773824e-05,-10.000109601462485,-9.999975276417358,-1.5815366422470723e-06,-9.999943572270476,-9.99998073838157
0,T3-T5,7.864023841628372e-05,-9.999544064737728,-9.999367124201292,-0.00010930169164516794,-9.999013606725955,-9.999669416875825,-6.308014098131671e-06,-9.9999034804995,-9.99996656064048,1.7530298381741254e-06,-10.000010193404488,-9.999968997203291
0,T5-O1,-6.807071226560494e-05,-9.99900949704875,-9.999162656151347,1.326940159092009e-05,-10.000005749867944,-9.999926133458398,-1.2827533804359176e-05,-9.999835019975137,-9.999963295313181,-3.858060775974971e-06,-9.999861165395712,-9.999951829823948
0,Fz-Cz,-0.0006769403103707356,-9.997274539747302,-9.998797655445635,-2.674264739713888e-06,-9.999931902577877,-9.999947948166316,-9.287963350350474e-06,-9.999891504671014,-9.999984384304518,-2.5204376363813056e-06,-9.999914462345277,-9.999973692629732
0,Cz-Pz,-0.00015077999087230215,-9.99916611853553,-9.999505373514992,-1.2332445502202614e-05,-9.999896753049342,-9.999970747722355,-2.6260984286794756e-05,-9.99965963499857,-9.999922244841438,-1.036675885382995e-06,-9.999941783380528,-9.999966145263835
0,Fp2-F4,1.7234415628431375e-05,-9.999437441899568,-9.999398664464405,1.8949907954439516e-05,-9.999967002584905,-9.999853303137177,-4.158424223013468e-06,-9.999946525162374,-9.999988109404605,-4.0621487594908426e-08,-9.99999102259274,-9.999991977197698
0,F4-C4,-2.6868110639504046e-05,-9.999644604041453,-9.999705057290392,-9.482807591381592e-05,-9.99907335596112,-9.999642324416602,1.2946625264248602e-05,-10.00007375398213,-9.999944287729488,-8.08284797919406e-07,-9.999970861368235,-9.999989856060985
0,C4-P4,-0.00027442818212128453,-9.998643212913588,-9.999260676323361,-2.6934984674108242e-05,-9.999528149252122,-9.999689759160166,-1.9730068026042392e-05,-9.999745777093572,-9.999943077773834,-2.7723092136186658e-08,-9.999992306967709,-9.999992958460375
0,P4-O2,-3.204767624976319e-05,-9.999828166560725,-9.999900273832287,-1.5173272113132588e-05,-9.99987490194002,-9.999965941572698,1.8424600198117202e-06,-9.999941569698894,-9.999923145098697,-1.0301638410194948e-06,-9.999951710974935,-9.999975919825198
0,Fp1-F3,-0.0003801613938175499,-9.99855484124712,-9.99941020438321,-3.0655792144700378e-06,-9.999918992190757,-9.999937385666044,-1.8863546626302687e-06,-9.99996154175821,-9.999980405304838,7.164446112000955e-07,-9.999989779580456,-9.999972943132093
0,F3-C3,0.0001382348550079617,-9.999249678388852,-9.998938649965083,-4.047857382678634e-05,-9.999606625270635,-9.999849496713596,2.250068808750773e-05,-10.000151247842824,-9.99992624096195,-9.134174299286742e-07,-9.99995938855111,-9.999980853860713
0,C3-P3,-0.0007668444927634016,-9.996446282295926,-9.998171682404644,-1.2901752869767563e-05,-9.999865301182629,-9.999942711699848,3.551412198574556e-05,-10.000207781492653,-9.999852640272795,-4.4660654381077047e-07,-9.999980557271527,-9.999991052525306
0,P3-O1,-0.0007977163419470742,-9.996937765970213,-9.998732627739594,-7.795686234695244e-06,-9.999896716790987,-9.999943490908395,-9.711898190801609e-06,-9.99988185608375,-9.999978975065657,-8.427842822271603e-07,-9.999960044201949,-9.999979849632581
0,Fp2-F8,7.136495386269139e-05,-9.999927063919685,-9.999766492773494,1.0914225311972182e-05,-9.999986643030294,-9.999921157678422,-9.048716074015122e-06,-9.999885082809529,-9.99997556997027,-1.9368434978507768e-06,-9.999930920152103,-9.999976435974302
0,F8-T4,-0.00010628801250445958,-9.999441323817905,-9.99968047184604,-3.57028740881538e-05,-9.999669343257379,-9.999883560501909,9.95932427633202e-06,-10.000067744562173,-9.99996815131941,-5.061506581342622e-07,-9.999965337122838,-9.999977231663303
0,T4-T6,-0.00020782590248281732,-9.99856369031346,-9.999031298594046,-1.3241015971482863e-05,-9.999887617445307,-9.999967063541135,1.711090479751971e-06,-9.999998653823878,-9.99998154291908,-1.7950566278643817e-06,-9.9999351270122,-9.999977310842956
0,T6-O2,-0.00010166840669525236,-9.999483984579046,-9.99971273849411,-2.2815369166326965e-06,-9.999930362089737,-9.999944051311237,-6.5000854668638375e-06,-9.999824959540877,-9.999889960395546,-3.3346795283664873e-06,-9.99988933518604,-9.999967700154956
0,Fp1-F7,-7.027395227453197e-05,-9.999746850511075,-9.999904966903692,-3.435157669601592e-05,-9.999705335930521,-9.999911445390698,-5.896119189473984e-06,-9.99990951061074,-9.999968471802635,6.611271236359923e-08,-9.999984634018375,-9.999983080369635
0,F7-T3,-8.783307620487464e-05,-9.999172500120872,-9.999370124542333,-1.922053253462205e-05,-9.99975007042851,-9.999865393623718,-1.3565233075872531e-05,-9.999839961323644,-9.999975613654403,-1.3112199724988188e-06,-9.999949515168538,-9.999980328837891
0,T3-T5,-0.00016799102472886898,-9.998971488700336,-9.999349468505976,-1.803208206546088e-05,-9.999852400620956,-9.999960593113348,2.499725654995419e-06,-9.999992460103833,-9.999967462847284,-7.573551175964346e-07,-9.99994944368156,-9.999967241526823
0,T5-O1,-1.784612978853682e-05,-9.999913796244824,-9.999953950036849,-2.6154633506335675e-05,-9.999766409063978,-9.999923336865017,-1.1487808944620017e-06,-9.999981247374897,-9.999992735183842,-2.0543491048882375e-06,-9.999923889947736,-9.9999721671517
0,Fz-Cz,-0.0002462288198210316,-9.997924583115434,-9.998478597960032,-5.05315283716133e-05,-9.999298013456006,-9.999601202626236,-2.2606306391761948e-05,-9.999728715957245,-9.999954779021163,-4.406058347635069e-07,-9.999972529195562,-9.99998288343268
0,Cz-Pz,1.529234321787463e-05,-9.999887640175793,-9.999853232403552,-4.017068414382837e-05,-9.999441561615198,-9.99968258572006,-3.2969503699525166e-05,-9.999499189799579,-9.999828884836575,-1.6517729766796872e-06,-9.99992227459544,-9.999961091260392
0,Fp2-F4,-0.0006517558578322378,-9.997400343662862,-9.998866794342986,-3.526338428119469e-05,-9.999596511953817,-9.999808092259503,-1.175992147856268e-06,-9.999958638532668,-9.999970398454147,-1.0987023650186478e-06,-9.999962687613314,-9.999988507118891
0,F4-C4,-0.0007990676400068048,-9.99651062038892,-9.998308522578935,-6.702587584994758e-05,-9.999413370398164,-9.999815525653265,-3.3470268515912904e-05,-9.999567719627509,-9.999902422312667,-1.94369557790937e-06,-9.999934923701261,-9.999980600547342
0,C4-P4,-0.0013016872980219948,-9.994817336197672,-9.997746132618222,-2.27370263329612e-05,-9.999573871918145,-9.999710294076142,-7.069556932792606e-06,-9.999853060198003,-9.99992375576733,-3.9319611628151203e-07,-9.999982926155512,-9.999992166264246
0,P4-O2,-0.0003730788284387711,-9.997732277119818,-9.998571704483805,-0.00010127043662003448,-9.998826094946669,-9.999433717566388,-2.2158408037108273e-05,-9.99972854448236,-9.999950128562732,-1.8777865045777682e-06,-9.999929611209083,-9.99997373919194
0,Fp1-F3,-0.0008525464060842314,-9.99667242377062,-9.99859065318431,-0.00021717610478031317,-9.998322641702325,-9.999625698331007,-1.4252744829724863e-05,-9.99981768545097,-9.999960212899268,-2.638237951659944e-06,-9.999903985270207,-9.99996598386207
0,F3-C3,-0.0008446752253167535,-9.9969982734728,-9.998898792729761,-8.302832218494293e-05,-9.999359581934637,-9.999857751867747,9.228696746378213e-07,-9.999999746712604,-9.999990518015856,-9.708947625094562e-07,-9.999964871732898,-9.999987687759816
0,C3-P3,-0.0001121264835477454,-9.999324382994088,-9.99957666758207,7.870891861591743e-06,-9.99996387941674,-9.99991665406557,5.5427663807661755e-05,-10.000386581242775,-9.999832304604698,-1.7965345198752718e-06,-9.99991993679302,-9.999962155354238
0,P3-O1,-7.587634885039715e-05,-9.999477988182496,-9.99964870996741,3.086160309362734e-05,-9.999972138484374,-9.999786968865813,-3.489398456070939e-07,-9.999945477648097,-9.999948967046553,-9.512239256654822e-07,-9.999954175110704,-9.999976528872956
0,Fp2-F8,-8.994923762763678e-05,-9.999622413746556,-9.999824799531218,1.1562657901256853e-05,-10.00000132658489,-9.999931950637482,-2.6204857783313525e-06,-9.999950235515266,-9.99997644037305,-1.099352667078003e-06,-9.999957009382696,-9.999982844170372
0,F8-T4,-0.0003535552933953302,-9.998321120155511,-9.999116619565651,-9.699798290329744e-05,-9.999098367607786,-9.999680355505205,-4.153635919902668e-06,-9.999906149695686,-9.999947686054885,-1.9658397538444766e-06,-9.999906392864627,-9.999952590098843
0,T4-T6,-0.000741822430107963,-9.997262287651488,-9.99893138811923,-4.5630135470107986e-05,-9.99960009644767,-9.999873877260491,-2.118079463071332e-05,-9.999735600620033,-9.99994740856634,-2.3701856001769368e-06,-9.999911613393214,-9.99996731275482
0,T6-O2,-0.00018665829632521982,-9.999183331347696,-9.999603312514427,-0.0002921053537339074,-9.997344562315963,-9.999097194438367,-5.598522961160936e-06,-9.99991878362617,-9.99997476885578,-1.9712038568402845e-06,-9.999926912550462,-9.999973235841098
0,Fp1-F7,-0.00048540715548046296,-9.998090220694012,-9.999182386793843,-0.0001211791344116196,-9.999015450978833,-9.999742525785303,-1.8863586907460983e-06,-9.999952782094201,-9.999971645681109,-1.3972589297933678e-06,-9.999939739267779,-9.99997257485263
0,F7-T3,-0.00010588075950085198,-9.99925666334793,-9.999494895056808,-3.896475240890753e-05,-9.99963370672281,-9.999867495237263,-1.1342792235397084e-06,-9.999859820334525,-9.99987116312676,-1.63605571759345e-06,-9.99994319647936,-9.999981643788724
0,T3-T5,-0.0008491268178206736,-9.996444966715705,-9.998355502055801,-2.342070458238402e-05,-9.999606462048925,-9.999746986276419,1.958639326148724e-05,-10.000086393543217,-9.999890529610603,-1.4207022594766092e-06,-9.999931792485171,-9.999965178988269
0,T5-O1,-0.0004255135398036011,-9.99845239184179,-9.999409797306347,-2.502741390367303e-05,-9.999397239854149,-9.999547404337571,1.394926890936325e-06,-9.999994458325197,-9.999980509056288,-9.605827923004297e-07,-9.999949159979154,-9.999971733674773
0,Fz-Cz,-0.0033930806553840462,-9.984691649857561,-9.992326081332175,-6.033587933192313e-05,-9.999221825257095,-9.999583840533086,7.770830752759381e-05,-10.000565920345094,-9.999788837269818,-2.8734091557736364e-06,-9.999904916983194,-9.999972442098354
0,Cz-Pz,-0.0008821235755709932,-9.99452953519883,-9.996514313243864,9.025564987515053e-05,-9.999473639023991,-9.99893210512474,-4.662774615365011e-05,-9.999385584998848,-9.999851862460384,-5.035531352943413e-06,-9.99984242067232,-9.999960755659114
0,Fp2-F4,-0.00017700695080810345,-9.999115323484233,-9.999513589123552,-6.978663876337729e-06,-9.999913170831473,-9.999955042814731,1.7720781993013746e-05,-10.000144740096706,-9.999967532276775,-3.169768124835315e-07,-9.999981996501795,-9.999989445456889
0,F4-C4,-4.469486689706736e-05,-9.999803553661435,-9.999904117111953,-7.327117872649943e-05,-9.999406596231987,-9.999846223304345,-3.239374892802897e-06,-9.999946517597841,-9.99997891134677,-1.242550864725636e-06,-9.999951969412841,-9.999981169358161
0,C4-P4,-0.0003393612273881915,-9.998749133514035,-9.999512696275659,9.511446109811876e-06,-9.999909514287447,-9.999852445610788,5.702529278040724e-06,-10.000043993393744,-9.999986968100963,-7.998146312007701e-07,-9.999971314834783,-9.999990110478615
0,P4-O2,-7.187974656256972e-05,-9.99966205541784,-9.999823784847607,4.774530640280714e-07,-9.999975632642526,-9.999972767924142,-5.6149191339542776e-06,-9.999931949754954,-9.999988098946293,-5.118099242377806e-07,-9.999970752330647,-9.999982779863867
0,Fp1-F3,-0.00011509542080815394,-9.999510585617992,-9.999769550314811,-9.041172068439582e-06,-9.999893472811442,-9.999947719843853,-1.050319623447971e-07,-9.999997712280102,-9.999998762599725,-1.964543093411362e-06,-9.99992281088571,-9.999968977648406
0,F3-C3,-0.0003199199451507383,-9.998551302894827,-9.999271122771416,3.3381740306458733e-06,-9.999979087419824,-9.99995905837564,1.225751121835285e-05,-10.000050631791186,-9.999928056679003,-2.4755879041701543e-06,-9.999918512468232,-9.999976688783981
0,C3-P3,-0.0013861774748208226,-9.994668128152444,-9.99778702747079,-1.1128117181083905e-05,-9.999899101472062,-9.99996587017515,1.8355749560270026e-05,-10.000124108175688,-9.999940550680085,-1.9902217341050866e-06,-9.999937110172148,-9.9999838803829
0,P3-O1,-0.0008136622903754247,-9.997170260458384,-9.99900100061173,-1.2817598308314652e-05,-9.999841999123422,-9.999918904713272,-4.775692848982468e-06,-9.999921786558703,-9.999969543487193,-6.960385211112444e-07,-9.999964379639028,-9.999980736544273
0,Fp2-F8,-0.0001497327338388577,-9.999444136325097,-9.999781034976236,-2.5176854096563035e-06,-9.999952229748802,-9.99996733586126,3.159260354847365e-05,-10.000236816866273,-9.999920890830788,-7.031852948383175e-07,-9.99996459793201,-9.999981122786439
0,F8-T4,-9.368572430273553e-05,-9.99939644947734,-9.99960724235702,4.409589353990419e-06,-10.000009571545842,-9.999983114009718,1.6542651503071062e-06,-9.999997456617097,-9.999980913965594,-8.377151358915241e-08,-9.999967452167057,-9.999969420797626
0,T4-T6,-0.0004228918922019917,-9.998497458035141,-9.999448964792595,-6.216575978432779e-06,-9.99992686714297,-9.99996416659884,-1.277946513146027e-06,-9.999963444953213,-9.999976224418345,-9.324560826559782e-07,-9.999956714152725,-9.999978626870668
0,T6-O2,-0.00010694144254628573,-9.999633196080602,-9.999873814326332,-2.446356835367889e-06,-9.99991515724728,-9.999929835388292,-4.165196464508648e-06,-9.999923630962613,-9.999965282927258,-1.380471145667635e-06,-9.999949802824268,-9.999982243896191
0,Fp1-F7,-0.0002278200305099987,-9.99909147996905,-9.999604075037697,1.2216909872630408e-05,-10.000043228406268,-9.999969926947033,-8.306289321708522e-07,-9.999978496233474,-9.999986802522796,-1.1494016878671e-06,-9.999945694795004,-9.999972705734669
0,F7-T3,1.550524498552455e-05,-10.000016624842873,-9.999981738041656,-1.5867460131726865e-05,-9.999860344764723,-9.999955549525513,5.362764933487879e-07,-9.999986636653906,-9.999981273888972,-1.6900063969588217e-07,-9.999985295324306,-9.99998926683934
0,T3-T5,-0.0009251549684404702,-9.996537852631167,-9.998619451310159,-5.6001990535252726e-05,-9.999565835619633,-9.999901847562844,-1.6693478806027735e-06,-9.99997456413647,-9.999991257615276,-2.545396782842211e-07,-9.999969532343787,-9.999975514026227
0,T5-O1,-0.0003755202444774909,-9.998598212469242,-9.999443133019316,-2.2006594681671107e-05,-9.999805277014087,-9.999937316582177,3.2461944897604155e-06,-10.000024012751233,-9.999991550806335,-8.919262479416039e-07,-9.999954643209449,-9.999975603476276
0,Fz-Cz,-0.002799410555033803,-9.98767529484531,-9.993973968594137,-0.0001433560331166583,-9.998784806085625,-9.999644942284325,-1.953174997286297e-05,-9.999769182899529,-9.999964500399258,-1.018637085068902e-06,-9.999955942144048,-9.999979880115546
0,Cz-Pz,-0.0017079859961555812,-9.991996504755178,-9.995839473246528,-3.8999191186857765e-05,-9.999520558199649,-9.99975455334677,-6.459767908597499e-06,-9.999856411047496,-9.999921008726583,-1.166841523466921e-06,-9.999942461078735,-9.999969881854536
0,Fp2-F4,-0.00013432184527840374,-9.999440944527821,-9.999743168679698,-1.2320246951652186e-05,-9.999873942497077,-9.999947863978786,-2.7461293143292126e-06,-9.999964637935822,-9.999992099228965,3.050519703185428e-07,-9.999998232828549,-9.999991064107247
0,F4-C4,-0.00020557539137956254,-9.99886168318003,-9.999324227810634,-2.9924287075413866e-05,-9.999738452313265,-9.999917998035718,-6.807553915468571e-06,-9.999855450490896,-9.99992352603005,-5.67703632340585e-07,-9.999974848742278,-9.999988189777639
0,C4-P4,-9.038535469209733e-05,-9.999479498352356,-9.999682865400413,4.3162768812745154e-05,-10.000185606559656,-9.99992662994678,-4.397602198451028e-05,-9.999475176128756,-9.9999149363486,-5.247319957504311e-07,-9.999979688600332,-9.999992019802232
0,P4-O2,-0.00021677640910511107,-9.99910937014203,-9.999597117062516,-1.2412999826688075e-06,-9.999967607057293,-9.99997505485719,-1.2717113916336878e-05,-9.999804460147205,-9.999931631286369,1.9617759608615272e-07,-9.99997951576449,-9.999974905590982
0,Fp1-F3,-0.0008264069110177582,-9.996565685376307,-9.998425100926097,-4.024761918657747e-05,-9.999685888860078,-9.999927374575197,6.830510760326161e-06,-10.000012695643338,-9.999944390535735,4.793858386486141e-08,-9.99998111869076,-9.999979992134039
0,F3-C3,-0.002877344775829618,-9.989570994517651,-9.996045020263267,-1.4029299223697546e-07,-9.999985810056216,-9.99998665181417,4.542610529455465e-05,-10.000300286029573,-9.999846024976627,-2.0896893353138092e-06,-9.999928277664639,-9.99997738536402
0,C3-P3,-0.0013460099281077044,-9.995289338120724,-9.998317860458966,-2.9669716858366833e-05,-9.999743004968778,-9.999921023269929,2.329684971114577e-05,-10.000099718044103,-9.99986674954699,-1.1263087771425848e-06,-9.999947517274208,-9.99997398553047
0,P3-O1,-6.189632770708452e-05,-9.99960659651874,-9.99974586325608,-5.57272938793504e-05,-9.999553413635955,-9.99988777739923,-7.667267968909902e-06,-9.99989862966026,-9.99997530233995,1.7813267626409755e-07,-9.999988844620997,-9.999984658503106
0,Fp2-F8,-4.393556609182002e-05,-9.999707238260974,-9.99980609328468,2.022208509397401e-06,-9.99999622525572,-9.999984092004663,-4.482186143876629e-06,-9.999944416251045,-9.999989238112484,-6.886402780607734e-08,-9.999978266370547,-9.9999798846752
0,F8-T4,-3.115288566495015e-05,-9.999738409766474,-9.99980850375922,1.9196423214228877e-05,-10.000061280304259,-9.999946101764973,-5.07874275408572e-06,-9.999916694254312,-9.999967481681853,9.242067834935214e-08,-9.999976677229572,-9.999974505343632
0,T4-T6,-9.966787125829206e-06,-9.999758915686654,-9.999781340957687,-8.907372001055404e-06,-9.99991187853243,-9.999965322764437,4.908754185295911e-06,-10.000020526499561,-9.999971438957708,-1.2649999205469163e-06,-9.999953373815156,-9.999983101313289
0,T6-O2,-0.0006760309270978245,-9.997577727997227,-9.999098797583196,-7.774181995297027e-06,-9.9998983399075,-9.999944984999471,-1.06347720331248e-05,-9.99983227062551,-9.99993861834584,-1.117288489341735e-06,-9.999947214395103,-9.999973470674602
0,Fp1-F7,-0.00032855477383882884,-9.99874281165358,-9.999482059894717,7.686816763272127e-06,-9.999980995745124,-9.999934874844545,-5.405039455835832e-06,-9.99992135274637,-9.999975403140928,1.2879282121926382e-07,-9.999968473873842,-9.999965447242543
0,F7-T3,-0.0001465615645797706,-9.999315227241786,-9.99964499076209,-1.4567429307839815e-05,-9.999874365957051,-9.999961770532899,6.45739094830368e-06,-10.000039239547666,-9.999974665638183,-2.239723464568e-06,-9.999925934509438,-9.999978568010855
0,T3-T5,6.07842695169849e-06,-9.999960067962727,-9.999946391502085,-9.85365987552202e-06,-9.999893147147244,-9.999952269106497,6.405996403321978e-07,-10.00000022085576,-9.999993814859357,5.714159919975954e-07,-9.999990089280352,-9.99997666100454
0,T5-O1,-0.00012030374193241534,-9.99953755097081,-9.999808234390159,-3.2041845796252304e-05,-9.999750552465736,-9.999942803540513,1.0839089347449712e-05,-10.000089219733011,-9.999980828839536,1.505357679006059e-07,-9.999963503901084,-9.999959966310538
0,Fz-Cz,-0.0007836337852970038,-9.996249796987108,-9.998012973004027,2.4476964736191884e-06,-9.999998016882369,-9.999983330703527,-1.7148915821620023e-05,-9.999778799885123,-9.999950289043339,-4.127074006291808e-07,-9.99997911974228,-9.999988818366194
0,Cz-Pz,-0.0005265443362338845,-9.998011158400683,-9.99919588315721,-8.764999620200816e-06,-9.999895926424056,-9.999948516421778,6.123916432447811e-06,-9.999864399221199,-9.999803160056874,-4.4775952297948587e-07,-9.99994960295837,-9.99996012530716
0,Fp2-F4,-4.617597401868787e-05,-9.999716578180095,-9.999820474121638,-7.34538150174694e-06,-9.999901998008408,-9.999946070297419,-1.792908917258546e-06,-9.99996883634788,-9.999986765437054,-1.2410429508852714e-07,-9.999980410082213,-9.999983326533147
0,F4-C4,-9.746732558363755e-05,-9.99945200121087,-9.999671302693432,-3.185441919443304e-05,-9.999658484432466,-9.999849610947633,3.536715398222501e-06,-9.999984275648767,-9.999948908494785,-7.162963172880173e-07,-9.99997369764688,-9.999990530610336
0,C4-P4,-0.0002760900343206561,-9.99900063850502,-9.999621841082242,-0.000139982082839485,-9.998650014486325,-9.999489906983362,-1.0257351307851362e-05,-9.999872648213548,-9.999975221726627,-1.893513574312868e-07,-9.999987733994983,-9.999992183751882
0,P4-O2,-0.00021396580581641974,-9.999075960697507,-9.999557383760594,6.877668878900763e-06,-9.999940489238298,-9.999899223225025,-1.3906044865785432e-06,-9.999972516574703,-9.999986422619568,-1.2116623579179865e-06,-9.999943531033527,-9.999972005098938
0,Fp1-F3,-0.0005349416345287385,-9.99773647439402,-9.99894009307171,-9.228359984776142e-06,-9.999858063835664,-9.999913433995573,5.1207229129089155e-06,-9.999974949766818,-9.999923742537689,5.104233358098282e-07,-9.999985203136324,-9.999973208187933
0,F3-C3,-0.0008581380473640757,-9.996205623366288,-9.998136433972856,3.7270627836091286e-07,-9.999979930125257,-9.999977693887587,9.569141425888569e-06,-10.00000901225792,-9.99991332084366,-1.418104292283454e-06,-9.999937148505124,-9.999970473955992
0,C3-P3,-0.0016242709491268886,-9.99422670122996,-9.997881310865496,-1.7111363875110852e-05,-9.999864854942693,-9.999967523125944,1.9924745342779836e-05,-10.000095454558783,-9.999896207105357,5.723311828450597e-08,-9.999986451428729,-9.999985106450449
0,P3-O1,-6.529643006065678e-05,-9.999724658006402,-9.999871574974039,1.0006407354635477e-06,-9.999961618661233,-9.99995561481682,-2.795353736902173e-07,-9.999968785227901,-9.999971580581638,-1.2982749805623219e-06,-9.9999334632094,-9.999963972671443
0,Fp2-F8,-0.00023877281738039898,-9.999125940847078,-9.999663179686184,-1.0581039262766851e-05,-9.999805174181946,-9.999868660417523,-1.3129486426781276e-05,-9.999841524305937,-9.999972819170205,-1.1645956466899415e-06,-9.999941573626208,-9.999968941623905
0,F8-T4,-5.782699729891519e-05,-9.999407812332926,-9.999537923076849,2.0586630108876025e-05,-10.000083974733576,-9.999960454952923,5.49215802338425e-06,-10.00002305298394,-9.999968131403707,-1.188806251983588e-06,-9.999933466178362,-9.999961403125283
0,T4-T6,-4.151138844661181e-05,-9.99964513805837,-9.999738538682374,-5.766377634565942e-05,-9.999519839542838,-9.999865822200912,5.0090504361084814e-06,-10.000019909380587,-9.999969818876226,-1.1740514143144483e-06,-9.999953687808402,-9.999981278016639
0,T6-O2,-0.0003618371063390086,-9.998643386579205,-9.999457520068468,2.5791578066149318e-05,-9.99994335468453,-9.999788605216134,-2.6637098908745735e-06,-9.999953309860086,-9.999979946958995,-1.126500813726715e-06,-9.999957726323458,-9.99998419909258
0,Fp1-F7,-0.0001483500987747563,-9.99937159896481,-9.999705386687053,3.094572623724727e-06,-10.00000986907844,-9.999991301642698,-8.251002450882107e-06,-9.999884312845618,-9.999966822870126,3.559472886943448e-08,-9.999983888183204,-9.999983051707074
0,F7-T3,-0.00043563896960890073,-9.99770248913937,-9.998682676820989,-4.2756424664578167e-07,-9.999973153014777,-9.999975718400256,7.429983646953565e-06,-10.000012598257381,-9.999938298420911,-8.782750898824965e-07,-9.999969321276195,-9.999989960740807
0,T3-T5,-1.076412777407576e-05,-9.999709121421994,-9.999733340709485,-1.0688233235851817e-05,-9.99989919680872,-9.999963326208135,-1.490772578892149e-06,-9.999936065184947,-9.999950972910735,-9.85029018395995e-07,-9.999952976272212,-9.999976124454145
0,T5-O1,9.825483330322074e-07,-9.99992688755797,-9.999924676824222,6.67741282041552e-06,-9.999924906794108,-9.999884842317186,-3.0934244022252185e-06,-9.999928813282397,-9.999959747526418,-1.8632621658013098e-06,-9.999901503906809,-9.999945290567705
0,Fz-Cz,-0.0001390067223167715,-9.999156324180548,-9.99946908930576,-1.1816427571932316e-05,-9.999836334499637,-9.999907233065068,2.28223295505376e-06,-10.000008821724025,-9.999985999394475,1.5781428630790478e-07,-9.999994284619728,-9.999990575984
0,Cz-Pz,-0.000844102590219905,-9.997021540911541,-9.998920771739536,-7.782412191454407e-07,-9.999968001516248,-9.999972670963562,-1.4157232747201663e-05,-9.999781955420719,-9.99992352774819,-9.59489836397493e-07,-9.999957378697014,-9.99997992670817
0,Fp2-F4,-0.00022520822526046167,-9.99821453389308,-9.998721252399916,-1.074435208488369e-05,-9.999908590903308,-9.999973057015817,-9.366068083130169e-06,-9.999890825268109,-9.99998448594894,-2.991868664151664e-07,-9.999980759937115,-9.999987790828476
0,F4-C4,-0.00020296056893293627,-9.999100177347174,-9.999556838627273,-4.642100710100263e-05,-9.999588846045922,-9.999867372088529,-7.122511998380042e-06,-9.999900207974017,-9.999971433094,-1.297910591400894e-07,-9.999989540145393,-9.999992590235282
0,C4-P4,-0.0003327476213237056,-9.998806821827971,-9.99955550397595,2.930518389919439e-06,-9.999988738652059,-9.999971155541719,8.839845350027281e-08,-9.999990274437076,-9.99998939045254,-1.1769657327721902e-07,-9.99999074282509,-9.999993508694562
0,P4-O2,-0.0006161127674127622,-9.997627236888894,-9.999013490615573,-2.4959604300121332e-05,-9.999795907415251,-9.999945665041052,-2.303035810587941e-07,-9.999953481148989,-9.999955784184799,-4.4106360149604583e-07,-9.999968436293614,-9.999978801288249
0,Fp1-F3,-2.1563475533035973e-05,-9.999756621394413,-9.999805139214363,-1.2567921159102941e-05,-9.999847587896525,-9.99992299542348,-9.187163501889274e-06,-9.999876516634957,-9.999968388269977,-8.530240417193837e-07,-9.99994423120071,-9.99996427726569
0,F3-C3,-0.0003924855797876614,-9.99768582743,-9.998568919984523,7.756982457056459e-06,-10.000002625141951,-9.99995608324721,-4.4682725133749674e-05,-9.99943096343297,-9.999877790684307,-1.5208019491851833e-06,-9.999946078884909,-9.999981817730715
0,C3-P3,-0.0020518317511509445,-9.991735133589884,-9.996351755029973,-1.603366274360484e-05,-9.999739262976654,-9.999835464953115,-5.319484533681047e-06,-9.999915544784612,-9.99996873962995,-5.92165820937494e-07,-9.999974475928818,-9.99998839182561
0,P3-O1,7.704574892715534e-05,-9.999951390077994,-9.999778037142908,-1.2413538866940043e-06,-9.999949266556436,-9.999956714679756,-5.903038973083009e-06,-9.999914232307828,-9.999973262697559,5.207561341201303e-07,-9.999984502323683,-9.99997226455453
0,Fp2-F8,-2.8493713402025246e-05,-9.999668567731447,-9.999732678586602,-1.4566050069050036e-06,-9.999959638584478,-9.99996837821452,6.134928710881557e-07,-9.999967815595943,-9.999961680667232,-1.1534769489409446e-06,-9.999945062711447,-9.999972169419747
0,F8-T4,-7.705325860598222e-05,-9.999710504827318,-9.999883874659181,-8.673373359315838e-08,-9.999952501187508,-9.99995302158991,-2.8402083613979184e-06,-9.999943965656685,-9.9999723677403,-4.6334984809137607e-07,-9.999970694931784,-9.999981583653215
0,T4-T6,-0.0006231670339150401,-9.997621716199134,-9.999023842025442,-1.5141800029593401e-05,-9.999871782771592,-9.99996263357177,2.750314863481027e-06,-10.000020340299397,-9.999992837150762,3.5583330520922233e-07,-9.999994812567547,-9.999986450484874
0,T6-O2,-0.00016576307913949864,-9.999249404917025,-9.999622371845089,-0.00010598618953094416,-9.999143503238873,-9.999779420376058,-6.904072331946585e-06,-9.999885623648085,-9.999954664371405,-5.481886455134497e-07,-9.999974730941835,-9.999987613375005
0,Fp1-F7,-0.00017417650326417145,-9.999311753519788,-9.999703650652132,-1.0197747744763088e-06,-9.999938844679521,-9.999944963328169,-1.499701614687238e-06,-9.999973215857558,-9.999988212873705,-5.243891543007324e-07,-9.99996272303328,-9.999975046178406
0,F7-T3,-0.0005501270781015222,-9.997767551741044,-9.999005337666771,-3.880678452693428e-05,-9.999614304656642,-9.999847145363804,-4.0135859419288443e-08,-9.999986266865518,-9.999986668224112,-3.4348182612991194e-07,-9.999979058669814,-9.999987130492727
0,T3-T5,-0.00032247851460795186,-9.998600048654396,-9.999325625312263,-8.398366505804967e-06,-9.999921847996116,-9.999972238195152,-6.22506672475273e-07,-9.999984787214357,-9.999991012281082,-4.806688398831565e-07,-9.999954206064887,-9.999965501782624
0,T5-O1,-6.251787066195343e-05,-9.999711749883378,-9.999852415092368,-4.83549151619903e-06,-9.999960328759462,-9.99998934170856,2.504897406795713e-06,-9.999998066733164,-9.999973017759096,4.627836630184412e-07,-9.999984745775514,-9.999973870359433
0,Fz-Cz,-3.422675052013939e-05,-9.999626658531339,-9.99970366872001,-4.3404652037446646e-05,-9.999585052986939,-9.999845480899163,-4.287980209352528e-06,-9.999922573960916,-9.999965453763009,7.34046141312134e-08,-9.999992647938168,-9.999990922929737
0,Cz-Pz,-0.001380338006635525,-9.994910847788887,-9.998016608303818,-6.224661731270346e-05,-9.999422770994022,-9.999796250697898,-7.057858224663749e-05,-9.999115577257813,-9.99982136308028,-2.3089588164589414e-06,-9.999913973937742,-9.999968234469929
0,Fp2-F4,-0.0009547203672384414,-9.996251164001544,-9.99839928482783,-2.2063790664408713e-05,-9.999804591475602,-9.999936974219588,5.12297186848675e-06,-10.000020597758681,-9.999969368039997,-2.7640744122758e-08,-9.999993284735403,-9.99999393429289
0,F4-C4,-0.0020368379862323763,-9.9921475888346,-9.996730474303623,-8.600064828879843e-05,-9.999194203442533,-9.999710207332265,-1.7958595724315177e-05,-9.999776359842826,-9.99995594580007,-5.261308358446814e-07,-9.999975580025783,-9.999987944100425
0,C4-P4,-0.00015403341702587855,-9.999394366125333,-9.999740941313641,-8.476764153540202e-06,-9.999879888966314,-9.999930749551234,-3.0318533475683074e-06,-9.999937137135102,-9.999967455668578,-1.3653840362502003e-07,-9.999985902922656,-9.999989111575141
0,P4-O2,-0.00012482222469846696,-9.99882150715639,-9.999102357161961,1.691478311325802e-06,-9.999671874353954,-9.999661725484087,-3.657617655783496e-05,-9.999453540135843,-9.999819301901422,-1.1629533783890168e-06,-9.999950642559867,-9.99997797196426
0,Fp1-F3,-0.0002775624016817056,-9.997440805841718,-9.998065321245502,-6.96408250991479e-05,-9.999340554791958,-9.999758399742554,1.3398771400465868e-06,-9.999989137940391,-9.99997573916899,-7.067404429042717e-07,-9.999952932980241,-9.999969541380649
0,F3-C3,-0.00034836077682801986,-9.997810479255213,-9.998594291003077,-4.2872791303416e-06,-9.999906200086173,-9.999931923760954,-7.341162346193037e-06,-9.999819129441859,-9.99989254106532,-9.284010371555385e-07,-9.999964529767224,-9.999986347191598
0,C3-P3,-0.0001167497571363163,-9.99938263919547,-9.999645326149027,-2.803607776834408e-05,-9.999718860675834,-9.999887077142445,-9.143911443759969e-06,-9.999879885194117,-9.999971324308556,-1.7002136677009085e-06,-9.99994060614311,-9.9999805611643
0,P3-O1,-0.00016798545832602733,-9.999267284289724,-9.999645251570957,4.043720668802283e-06,-9.999938377474784,-9.999914115150771,-3.807277335672719e-06,-9.99992714298252,-9.999965215755877,-5.09748144879007e-07,-9.999973557394938,-9.999985536476343
0,Fp2-F8,-0.0009541832620922658,-9.99564664877814,-9.997793561117847,-4.510637914187309e-05,-9.999595362932052,-9.999866001206904,-9.635719720514813e-06,-9.999876214866099,-9.999972572063303,-6.804822826205017e-07,-9.99996298604267,-9.999978977376312
0,F8-T4,-0.00019609270128131249,-9.998979889245748,-9.99942109782363,1.4205314894598558e-05,-10.000012645920995,-9.999927414031628,1.1409268290605119e-05,-10.00009087672308,-9.999976784040173,-1.85382755092211e-06,-9.999926701783556,-9.999970266731003
0,T4-T6,0.00011104658173095103,-9.99926013439024,-9.999010279581347,-7.658412614984559e-05,-9.999276126599023,-9.999735631355922,-1.2548738294933616e-05,-9.999742538958259,-9.999868026341208,-3.980962726033216e-06,-9.999861977492758,-9.99995553011682
0,T6-O2,-0.00020376696955649835,-9.998502438031839,-9.99896091371334,1.8570231149972196e-05,-9.999863742278947,-9.999752320892048,-2.821952545378501e-05,-9.999560918560318,-9.999843113814856,-3.670533205076953e-06,-9.999880337639812,-9.99996659517013
0,Fp1-F7,-0.0001481450826115619,-9.999261071520857,-9.999594397956733,-9.302826865846497e-05,-9.999245488498289,-9.99980365811024,-9.13461019602895e-06,-9.999841442074947,-9.999932788176908,-2.0843925811951483e-06,-9.999919597676753,-9.999968580902411
0,F7-T3,-0.00018570931846993968,-9.999135318484308,-9.999553164450866,-8.647708543541668e-05,-9.99932460057328,-9.999843463085892,-2.0776889278219136e-05,-9.99975017008357,-9.999957938976351,-2.1113841487713708e-06,-9.999926483888952,-9.999976101416449
0,T3-T5,-0.0004457349577498417,-9.998190542900138,-9.999193446555076,3.000026818536171e-06,-10.000005994899759,-9.999987994738847,8.959238872098659e-06,-10.00005363946398,-9.99996404707526,-3.966240580896873e-07,-9.999963329756994,-9.99997265042236
0,T5-O1,-0.00020612789344216548,-9.99923274851618,-9.999696536276424,-1.627542418986144e-05,-9.999801995614012,-9.999899648159152,-1.135937988303218e-06,-9.999965332514293,-9.999976691894176,-3.987637675528868e-07,-9.999971841189645,-9.999981212138183
0,Fz-Cz,-0.00011075541438215224,-9.999248645832306,-9.999497845514666,-1.2627247413572235e-06,-9.999875445018892,-9.99988302136734,-2.7113915608492344e-05,-9.999635530980756,-9.999906670136841,-1.8207251759711175e-06,-9.999942642419791,-9.999985429461427
0,Cz-Pz,-9.895037549692162e-05,-9.997531080901286,-9.997753719246154,3.276938516667989e-06,-9.999922516948839,-9.999902855317739,-1.7076261292503175e-05,-9.999642487542667,-9.999813250155592,-9.879763990531445e-07,-9.999922805479951,-9.999946022925329
0,Fp2-F4,-0.00017224044744881516,-9.998884728261089,-9.999272269267848,1.3066570342477022e-05,-9.999975749517134,-9.999897350095079,4.368553244890291e-05,-10.000343569422267,-9.999906714097778,-7.349274345928271e-07,-9.999970615642262,-9.999987886436974
0,F4-C4,-0.001115427437128596,-9.995777714413704,-9.998287426147243,5.91032761966676e-06,-9.999913820758342,-9.999878358792625,7.159525116857268e-06,-10.000048532640697,-9.999976937389528,-4.364477667557358e-07,-9.999982688413821,-9.99999294493634
0,C4-P4,-0.0005579246527916743,-9.997988631408063,-9.999243961876845,-6.955327666523844e-06,-9.99993150115633,-9.99997323312233,-8.42546563253397e-06,-9.999860228750526,-9.999944483406852,-9.957514621863288e-07,-9.999965497011479,-9.99998889717084
0,P4-O2,0.0011680487019024573,-10.000715980954174,-9.998087871374894,0.00014281067822558422,-10.000438749835094,-9.99958188576574,0.00013559039999888514,-10.001098586693317,-9.999742682693329,-4.037216039768949e-06,-9.999866039984758,-9.999960914561692
0,Fp1-F3,9.51561139747602e-05,-9.999692227188694,-9.999478125932251,-2.2959465418987626e-05,-9.999718518993413,-9.999856275785927,7.888705765153773e-07,-9.999938657987235,-9.99993076928147,3.443234234506681e-07,-9.999972373255192,-9.99996428165474
0,F3-C3,-0.0004977397839878035,-9.997093884344793,-9.998213798858766,7.663171675717351e-06,-9.999897092024815,-9.999851112994762,8.909826148702113e-06,-10.000049427003583,-9.999960328742096,-2.7703242297476344e-07,-9.999979636725442,-9.999986146987382
0,C3-P3,-0.00025612401845473247,-9.998951763268073,-9.999528042309596,1.8166642292676515e-05,-9.999884975489914,-9.999775975636158,8.956076841244422e-06,-10.000010435988038,-9.999920875219626,-2.2805957703310776e-06,-9.999915970726006,-9.999969564726609
0,P3-O1,0.00018352633588641915,-9.998575776625835,-9.99816284237009,-2.5177258924499036e-06,-9.999781034690093,-9.999796141045447,2.9286480697663293e-06,-10.000015651635728,-9.99998636515503,-1.7132875027567826e-07,-9.999969446667789,-9.999973472893421
0,Fp2-F8,-0.0002050377786621246,-9.998117478509824,-9.998578813511815,-5.453813848185016e-05,-9.999484620154673,-9.999811848985564,7.052767207201029e-05,-10.000416454498943,-9.999711177778222,-6.043755571690207e-06,-9.999808971596472,-9.999950999852407
0,F8-T4,7.981974489870425e-05,-9.999661833106249,-9.999482238680226,3.953292993164462e-05,-9.999900616041215,-9.999663418461624,2.5660510284187245e-05,-10.000107907081869,-9.999851301979026,-3.2179298979375126e-06,-9.999869458823694,-9.999945080176296
0,T4-T6,-0.0002935826159697032,-9.998508316933925,-9.999168877819857,8.228198104450172e-05,-10.0003295470854,-9.999835855199134,2.2212490560899692e-05,-10.000127743500174,-9.999905618594566,-4.730041435491107e-06,-9.999824690945353,-9.999935846919087
0,T6-O2,5.6636230535705534e-05,-9.999538651712413,-9.999411220193707,0.00020107429984643824,-10.000548013317404,-9.999341567518325,0.00012796325282116912,-10.001036344644753,-9.999756712116541,-5.837098183544974e-06,-9.999816289435385,-9.999953461242699
0,Fp1-F7,-1.0110367992325785e-05,-9.999907187593967,-9.99992993592195,-4.764153251338441e-05,-9.999458879212593,-9.999744728407673,4.4127850021589194e-05,-10.000318589169925,-9.99987731066971,-2.0594309117480933e-06,-9.99990333360294,-9.999951730229366
0,F7-T3,-1.826740944141195e-05,-9.999704105874736,-9.99974520754598,-7.856267445701237e-05,-9.999251469439102,-9.999722845485843,5.209862353271563e-05,-10.000388754103852,-9.999867767868524,-5.0104274576615305e-06,-9.999834671890826,-9.99995241693608
0,T3-T5,0.00016582930100399483,-9.999994677159098,-9.999621561231839,1.1586176596332725e-05,-9.999687271186117,-9.99961775412654,7.083394912349229e-05,-10.000456855760081,-9.999748516268847,-5.368978348574722e-06,-9.999807373756783,-9.999933544747973
0,T5-O1,-3.757018094668378e-05,-9.99968229535693,-9.99976682826406,-3.913060855092343e-06,-9.999622281163733,-9.999645759528864,0.00013443859108849547,-10.00106224589453,-9.999717859983646,-6.633419190171072e-06,-9.999770829368956,-9.999926714719924
0,Fz-Cz,-0.0006426040599646353,-9.99318832693619,-9.99463418607111,-0.0006165548508733341,-9.992737318583188,-9.996436647688428,-4.796889934165706e-06,-9.999335856587109,-9.99938382548645,-4.509448577067182e-06,-9.999856797691946,-9.999962769733507
0,Cz-Pz,-0.00019408012831663546,-9.991015403466681,-9.991452083755394,-0.00031783083863880555,-9.995657478950257,-9.997564463982089,-0.00016055977821702642,-9.997330604230896,-9.998936202013066,-6.782331894831733e-06,-9.999778542104808,-9.999937926904337
0,Fp2-F4,-9.923392137878375e-05,-9.999431704877423,-9.999654981200527,7.453483190716816e-06,-9.999990371174164,-9.99994565027502,9.633588741666983e-06,-10.000042571588164,-9.999946235700747,-9.348826765252243e-08,-9.99998657490118,-9.99998877187547
0,F4-C4,-0.0018268429521783004,-9.993513095928277,-9.997623492570678,-1.3438829960578314e-05,-9.999791929394332,-9.999872562374096,-1.0165580656424788e-05,-9.999865410468082,-9.999967066274646,-1.2111369371812398e-06,-9.999960061229608,-9.999988522947632
0,C4-P4,-0.0006957660721882874,-9.997396933721582,-9.998962407384006,1.960277491980142e-05,-10.000065076028289,-9.99994745937877,8.400597382956325e-06,-10.000061501070737,-9.999977495096909,-5.148319056850502e-07,-9.99997823817872,-9.999990336728503
0,P4-O2,-0.0002368318019109898,-9.998697659738648,-9.999230531292948,6.8374956998125e-05,-10.000027951962828,-9.999617702220839,0.00011516406550840623,-10.000872826904644,-9.999721186249559,-5.537723253799775e-06,-9.999829062603212,-9.999959199099676
0,Fp1-F3,-0.00026229119781832227,-9.998863101406885,-9.999453256601976,-1.5780297632519082e-05,-9.999824589674525,-9.99991927146032,6.6382606487241336e-06,-10.00005244528644,-9.999986062679953,-1.3554408443687508e-06,-9.99994207380693,-9.999973926666772
0,F3-C3,-0.000500361173985446,-9.997924809714613,-9.99905062235608,2.1076790539904737e-05,-10.000064392470241,-9.999937931727002,1.2068826629887755e-05,-10.000071221455125,-9.999950533188827,-8.998597901415385e-07,-9.999965287144903,-9.99998643384997
0,C3-P3,-0.001289967222750428,-9.99536168595846,-9.998264112209649,4.592774275541243e-06,-9.999971331255557,-9.999943774609903,1.2133511396540924e-05,-10.000079383797592,-9.999958048683627,-8.406860442115249e-07,-9.999964095012842,-9.999983851134882
0,P3-O1,7.313143386230833e-05,-10.000023596806418,-9.999859051080229,-1.0032920954478136e-05,-9.999874155412176,-9.999934352937903,1.1329863602881633e-05,-10.000079437553682,-9.999966138917653,-9.393141789468666e-07,-9.999953312484632,-9.999975386367836
0,Fp2-F8,-0.00023814527259775683,-9.998997941272608,-9.999533768135953,5.786319269558491e-05,-10.000250593087394,-9.99990341393122,2.6357054795025646e-05,-10.000171956952249,-9.999908386404298,-1.0972649082472297e-06,-9.999943982286464,-9.999969768011807
0,F8-T4,-0.0013607223573845258,-9.994926098859628,-9.997987724163742,-6.715762055783107e-05,-9.999343944902282,-9.99974689062563,4.9904181662853965e-05,-10.000396944002784,-9.999897902186156,-6.4264660102028e-07,-9.999932054550221,-9.999947156745346
0,T4-T6,-0.00013649448275099643,-9.999305747326114,-9.999612859912304,1.6266595975881947e-05,-10.0000395639605,-9.999941964384645,5.7352791215703336e-05,-10.00043610608296,-9.999862578170802,-5.787587205159382e-06,-9.999805867989602,-9.999941876288924
0,T6-O2,-0.00020614648569132384,-9.998961306229708,-9.999425135822513,6.870025248929586e-05,-10.00019593755004,-9.999783736035106,0.00010724438456899325,-10.000814108561125,-9.999741664715435,-6.574731658956567e-06,-9.999787087617742,-9.999941593811727
0,Fp1-F7,-0.00018985083548428886,-9.999180210681844,-9.999607375061684,-3.390137733219567e-05,-9.999663709765239,-9.999867118029231,6.950157288626535e-06,-10.000039660170748,-9.999970158597861,-1.6773249522789871e-06,-9.999928299175545,-9.999967716311923
0,F7-T3,-0.0004923872381021822,-9.998176535857171,-9.9992844071429,-2.0262046915841238e-05,-9.99971714023329,-9.999838712514785,3.3514859642196627e-06,-9.999987174187046,-9.999953659327405,-9.72062291029101e-07,-9.999960359579495,-9.999983203043334
0,T3-T5,-0.0004634189608772472,-9.998354285917076,-9.99939697857905,-3.2930965935401467e-05,-9.999721460723395,-9.999919046519008,-5.943382667630809e-06,-9.999890277109218,-9.999949710935894,-2.506516193326834e-07,-9.999971820171313,-9.999977710484368
0,T5-O1,3.4969849113402254e-05,-9.999967503188785,-9.99988882102828,3.394847976033407e-05,-10.000028123795138,-9.999824432916576,-6.078221212339662e-06,-9.999850648842866,-9.99991143105499,-5.827554389687824e-07,-9.999943965910417,-9.999957660663233
0,Fz-Cz,-0.001214277827334631,-9.995586901287611,-9.998319026399114,-4.6991822562748595e-06,-9.999884756087567,-9.999912951181106,4.675470204800441e-05,-10.00029087058777,-9.99982332356729,4.2811809987973243e-07,-9.999985228995993,-9.999975168220645
0,Cz-Pz,-0.00043538265163516954,-9.99796802123628,-9.99894763220246,1.850639771092175e-05,-9.999824657456534,-9.999713619070269,0.00010796900722660997,-10.00060948142986,-9.999529791357594,-2.5862336083956976e-06,-9.999905042647047,-9.999965819136845
0,Fp2-F4,-9.521144060734046e-05,-9.999464341320454,-9.999678567061821,1.4872705014427462e-05,-10.00001379256076,-9.999924556330672,-3.866203840767351e-06,-9.999949115398715,-9.999987777437124,-7.605410730544018e-07,-9.999969092143807,-9.999986964859024
0,F4-C4,-0.00015666455396235756,-9.999140100386771,-9.999492595633187,1.872613856594905e-06,-9.999987339716691,-9.999976104033552,9.779207040392191e-06,-10.000042751426832,-9.999944959356428,-1.2434733446532074e-07,-9.999988794139853,-9.999991716302212
0,C4-P4,2.1004320394549665e-06,-9.999801838898149,-9.99979711292606,6.543170531855879e-06,-10.000024333217617,-9.999985074194425,8.102107217063591e-06,-10.000047857806344,-9.999966836734172,-8.614242661196924e-07,-9.999967818185329,-9.999988061655582
0,P4-O2,-0.0007492605796949054,-9.997011310778552,-9.998697147082865,-5.248121320435721e-05,-9.99938618374274,-9.999701071021965,-1.3591915673439957e-05,-9.999787309377986,-9.99992322853472,-2.5339467162336185e-06,-9.999898014500763,-9.999957562248595
0,Fp1-F3,-0.0007872470710896013,-9.997192166487514,-9.998963472397465,1.280405947631772e-06,-9.999968917783923,-9.999961235348238,1.3256633037697379e-05,-10.000007918898737,-9.99987535256836,-5.468338768230999e-07,-9.999963324077518,-9.999976174673623
0,F3-C3,-1.4695406782069132e-05,-9.999898172386935,-9.999931237052195,-5.638147046299511e-05,-9.999534271397074,-9.999872560219853,-7.534711077430702e-07,-9.999974628484692,-9.999982163195769,-6.777142026884192e-07,-9.999963283348997,-9.99997920963276
0,C3-P3,-0.0007601625896220553,-9.996971346630962,-9.998681712457612,-1.9152837469901396e-05,-9.999850139658204,-9.999965056683022,3.350944580226958e-06,-10.000017600428565,-9.999984090982762,-1.3247088235251891e-06,-9.99995460082656,-9.999985731483914
0,P3-O1,6.26657094083768e-05,-9.999705770551186,-9.999564772705018,1.6069655916356578e-06,-9.999963461868077,-9.999953820074527,-1.5447540173691655e-05,-9.999784565693613,-9.99993904109535,-7.790182485903034e-07,-9.999960605442695,-9.999978912371537
0,Fp2-F8,-0.00018213570532587577,-9.999230219734342,-9.999640025071326,2.2914316257516965e-05,-10.000090776390747,-9.999953290493202,-1.4694385026794702e-05,-9.999781707321098,-9.999928651171366,-1.0208876614648827e-06,-9.99995677423035,-9.999980765090395
0,F8-T4,-0.00018285466860749625,-9.999345539800006,-9.999756962804373,-2.0204999938482017e-05,-9.999792164675593,-9.999913394675223,2.5199139467405306e-06,-9.999966289952813,-9.999941090813346,2.8354479006139435e-07,-9.9999903536766,-9.999983690374034
0,T4-T6,-5.884947315237084e-05,-9.999751650439581,-9.999884061754173,-2.343135208861366e-05,-9.999707918894684,-9.999848507007215,-7.2047654247395775e-06,-9.99983603647183,-9.999908084126078,-1.4444351989937355e-06,-9.999948943763565,-9.999982887990742
0,T6-O2,-0.00010944453950070165,-9.999314556844068,-9.999560807057945,-5.820889526795754e-05,-9.999334029785093,-9.9996832831567,-1.7979314075843937e-05,-9.99969492924964,-9.999874722390398,-4.491606467074997e-06,-9.999850007290334,-9.999955560042311
0,Fp1-F7,-0.000320563126545403,-9.998786840807812,-9.999508107842539,-1.8332525589301993e-05,-9.99984151170035,-9.999951506853886,7.351887877764194e-06,-9.999920937912858,-9.999847419034081,-1.5722845270348654e-06,-9.9999401742417,-9.999977122928087
0,F7-T3,-0.00026440018112832634,-9.99841584924686,-9.9990107496544,8.075160793169345e-07,-9.999952186697355,-9.99994734160088,-2.3097939084678627e-05,-9.999681679043357,-9.999912658434203,-2.786763059921083e-06,-9.999908751749057,-9.999974240680965
0,T3-T5,-0.0002190655025229309,-9.999095509495605,-9.999588406876281,-6.059260129910747e-06,-9.99990161089516,-9.999937966455938,6.703268665315728e-06,-10.000034691246054,-9.9999676585594,-1.041192971213379e-06,-9.999949531819935,-9.999973999854758
0,T5-O1,-0.0001709614863871864,-9.999106433826805,-9.999491097171177,-8.376802225030748e-06,-9.999913888063247,-9.999964148876597,-2.329308679170246e-05,-9.999636114417413,-9.99986904528533,-2.0892852158133514e-06,-9.999920686764982,-9.999969784967554
0,Fz-Cz,-0.0014578142010867531,-9.994457659137256,-9.9977377410897,2.9164511384907934e-05,-10.000004475505408,-9.999829488437099,6.771454858406375e-05,-10.000388976508239,-9.999711831022399,-6.511457855638594e-07,-9.999968499094116,-9.999983801020077
0,Cz-Pz,-0.0005164733886703568,-9.997354768096212,-9.99851683322072,7.38154528276651e-05,-9.999956597425218,-9.999513704708251,0.00019930334810479468,-10.001223279531308,-9.99923024605026,-2.2307162970098936e-06,-9.999900030934052,-9.999952452767031
0,Fp2-F4,-0.00026647830841232384,-9.99909160706061,-9.999691183254537,-7.867789837089884e-06,-9.999895727310419,-9.999942934049441,-5.494806520579735e-06,-9.999889577389132,-9.999944525454337,-3.509841305833292e-07,-9.999979423350593,-9.999987671477662
0,F4-C4,-0.00025110163076367387,-9.99888396646519,-9.999448945134407,-1.0289772532470353e-05,-9.999886806595978,-9.999948545231172,1.6639190630634113e-05,-10.00012935894266,-9.999962967036353,-1.0956657751090087e-06,-9.999961083320482,-9.999986831466197
0,C4-P4,-0.0003991544983084798,-9.99849586293001,-9.999393960551204,-1.8077792868711542e-05,-9.999795490620285,-9.999903957377496,5.308594700272682e-06,-10.00003746226197,-9.999984376314966,-7.367739343408742e-08,-9.999990349491224,-9.99999208090997
0,P4-O2,-0.0007650246491608648,-9.996592182453256,-9.998313487913867,-7.958663685519276e-05,-9.999344870854538,-9.99982239067567,6.269900100527202e-06,-10.000017833919317,-9.999955134918313,-3.7802377746944793e-07,-9.99996852185285,-9.99997740541162
0,Fp1-F3,-0.00060659192306827,-9.996635983488789,-9.998000815315692,-2.0624151346917604e-05,-9.999812462229688,-9.99993620713777,1.4088853892578148e-06,-9.999990500248055,-9.999976411394162,-2.4659252070022354e-06,-9.999891084162433,-9.999949033404798
0,F3-C3,-0.000523060277701307,-9.998133869280032,-9.99931075490486,-2.8419025861043003e-05,-9.999776797511783,-9.99994731166695,5.349566743043436e-06,-10.000029102027776,-9.999975606360346,-2.7176204295768064e-07,-9.999976312232272,-9.99998269864028
0,C3-P3,-0.0003581989994158356,-9.99867914264613,-9.999485090394817,7.677335256540712e-06,-9.999995869654267,-9.999949805642729,-9.458209652705459e-07,-9.999981419925188,-9.99999087813484,-2.130053978138973e-07,-9.999977884743032,-9.99998289036988
0,P3-O1,-0.00017760719507002,-9.999265117174929,-9.999664733363836,-1.8433900939632052e-06,-9.999975490966046,-9.999986551306609,-1.0700683154208495e-05,-9.999867909399573,-9.999974916231114,5.828330126033152e-07,-9.99999531058294,-9.999981614007144
0,Fp2-F8,-0.00038245254578818155,-9.998662179907592,-9.999522698135616,-2.3972969361258377e-05,-9.999821064323129,-9.999964902139297,-4.186316172520875e-06,-9.999943810664872,-9.999985673826597,-1.477919980865562e-06,-9.999937425510668,-9.999972156630218
0,F8-T4,-5.633305256271525e-05,-9.999650353165867,-9.999777102534134,-2.8963776104704216e-06,-9.999925149817553,-9.999942528083215,-4.388691085104198e-06,-9.999923748530009,-9.999967635440859,-1.4404148743561538e-06,-9.999931085309067,-9.999964935058614
0,T4-T6,-0.00021456387432391955,-9.999193342334006,-9.999676111051235,-1.6727873468505316e-05,-9.999852350378724,-9.999952717619536,-3.4392037123465978e-06,-9.999900058614326,-9.99993445065145,-1.0733773556344557e-06,-9.999958040539763,-9.99998326490762
0,T6-O2,-0.00018889250820331121,-9.998812197736907,-9.999237205880364,-6.584512665113514e-05,-9.999433238498009,-9.999828309257916,1.779106441194591e-05,-10.000125487702805,-9.999947577058686,-2.585883465262916e-06,-9.999903547156977,-9.999964315418412
0,Fp1-F7,-0.00042496400014747107,-9.998071459394724,-9.999027628395057,-4.572773699322746e-05,-9.999628243734007,-9.999902610155965,-6.327124372669923e-06,-9.99990618098444,-9.999969452228166,-4.155397875596801e-06,-9.99983016095719,-9.999927812807266
0,F7-T3,-0.00011224485681580435,-9.999349005249083,-9.99960155617692,-3.49166343024403e-05,-9.999730530858342,-9.999940030664156,-3.895062154349721e-06,-9.999903443805772,-9.999942394427316,-1.303236143871616e-06,-9.999956800109176,-9.999987426158558
0,T3-T5,-0.00014750624100446125,-9.999402421512098,-9.999734310554357,-2.1526970134970465e-05,-9.99982545561454,-9.99995461743535,9.701266895075062e-06,-10.000066822124774,-9.999969809455823,-1.0293972322176006e-06,-9.999944854042448,-9.999969044877405
0,T5-O1,5.062744377953432e-05,-10.000013044908728,-9.999899133160225,-1.7786354400114777e-06,-9.999895748199501,-9.999906420012142,-1.3211734909970262e-05,-9.999842579282813,-9.999974696631913,7.439497258297325e-07,-9.99998621092584,-9.999968728107284
0,Fz-Cz,-0.0006612247677816658,-9.997323377319404,-9.998811133046912,-4.171069336689524e-05,-9.999596762186124,-9.999847026346325,0.0001298446081872382,-10.000998179228777,-9.999699733146905,-3.0360101676198193e-06,-9.999897533585667,-9.999968879824607
0,Cz-Pz,-0.005222967163747759,-9.976451599081043,-9.988203275199476,-0.0003180456710535996,-9.99605063093586,-9.997958904962182,1.4996030881509223e-05,-9.999984450493303,-9.999834490184487,-3.0961425752052008e-06,-9.999875093142135,-9.999947852492653
0,Fp2-F4,-0.00033848417038901784,-9.99700126280507,-9.997762852188444,-2.2447564646198247e-05,-9.999809243292047,-9.999943928679924,-1.581072831681959e-05,-9.999762850816632,-9.9999209580998,3.7196513141244986e-08,-9.999989712727855,-9.999988838609797
0,F4-C4,-0.0006704120978856518,-9.996255493294266,-9.997763920514508,-9.221751343695777e-05,-9.999047534502637,-9.999600839583259,8.448464597173778e-06,-9.99995560831847,-9.999871123672497,-4.680390982906324e-07,-9.999971030569716,-9.999982029488526
0,C4-P4,0.00012532760645347728,-10.000040263322116,-9.999758276207595,9.903554028723242e-07,-9.999970351978698,-9.99996440984628,-3.5399301151895917e-06,-9.999904964947232,-9.999940364248385,1.5080604042139502e-07,-9.999997936229084,-9.999994392287133
0,P4-O2,-0.0007851510413642661,-9.996910020754258,-9.998676610597329,2.9556067851660545e-06,-9.999983648869717,-9.999965915229007,-2.848334609207542e-05,-9.999648731202297,-9.999933564663218,-3.2230012500705536e-07,-9.99996740859793,-9.999974982650867
0,Fp1-F3,6.434500658348659e-06,-9.999758194466455,-9.999743716839975,-0.00013698718354856527,-9.998985028053582,-9.999806951154874,-5.990209237638415e-06,-9.99986035855759,-9.999920260649967,-2.963711326824313e-06,-9.999897947894736,-9.999967595110917
0,F3-C3,-0.004424515463999964,-9.981150019505263,-9.991105179299263,5.1310647964588494e-05,-10.000187996929938,-9.99988013304215,5.359576162117898e-06,-9.999962207006961,-9.99990861124534,-2.3139298555013922e-06,-9.99992641810981,-9.999980795461415
0,C3-P3,-0.0008508042326098027,-9.99673408176238,-9.998648391285752,-1.106929681386744e-05,-9.999853774582926,-9.99992019036381,-7.912724311001022e-06,-9.999851231862705,-9.999930359105814,-2.3630822504577888e-06,-9.999924598205917,-9.999980130638802
0,P3-O1,-0.0020617184071703254,-9.992335048113654,-9.996973914529788,-0.0001916456215015466,-9.998515482867095,-9.999665356596104,-2.852073077051661e-06,-9.999925698747289,-9.99995421947806,-1.3331399721036831e-06,-9.999937876417162,-9.999969205206506
0,Fp2-F8,-0.0004521166022969011,-9.997676539148836,-9.998693801504004,-6.083461012582976e-05,-9.999466722190933,-9.999831729851687,-6.2022027498634715e-06,-9.99987688653993,-9.999938908567428,-9.616411656580978e-07,-9.999951873338274,-9.999974471905666
0,F8-T4,-3.589273665003573e-05,-9.999302716793254,-9.999383475450717,2.941655943667274e-06,-9.999961290635415,-9.999943640699753,2.6557368536157718e-06,-9.999950194962848,-9.999923637594312,-2.709800451400116e-08,-9.999978268704588,-9.999978905507694
0,T4-T6,-0.00030694729342340505,-9.997488113861602,-9.998178745271805,-8.311001691627303e-07,-9.99978431328936,-9.999789299890375,-4.36965687212157e-05,-9.999448695306095,-9.999885660993307,-6.175442041715424e-07,-9.999970920521868,-9.999985432810666
0,T6-O2,-0.00011535563044385135,-9.999461603773195,-9.999721153941694,8.287068653247592e-06,-9.99995416436557,-9.999904441953651,-3.525487141889728e-05,-9.999555311839838,-9.999907860554027,-3.0194020802862064e-07,-9.99996485690954,-9.999971952504428
0,Fp1-F7,6.211170415939242e-05,-9.999890607107359,-9.999750855773,-7.587977833047077e-06,-9.99993211299684,-9.999977640863838,-8.658587598379643e-07,-9.999969034237449,-9.999977692825047,-1.115101020060142e-06,-9.999946890019814,-9.999973094893786
0,F7-T3,-0.00028149644371071157,-9.998650062743932,-9.999283429742281,-2.707198452093744e-05,-9.999776597797553,-9.999939029704679,-7.323782532053356e-06,-9.9998777028869,-9.999950940712221,-8.326601159845502e-07,-9.999971195076197,-9.999990762588922
0,T3-T5,-0.0011414594481001874,-9.994228378534407,-9.996796662292633,2.6375335311237256e-05,-9.9999318271483,-9.999773575136432,-3.876238054238095e-05,-9.999504212415545,-9.999891836220968,1.0649531487292211e-09,-9.999980479854493,-9.999980454828094
0,T5-O1,-0.00046229164651003456,-9.997984015958409,-9.999024172163056,-0.0001418423288138657,-9.998712031618641,-9.999563085591525,-1.400443948406305e-06,-9.99997505465714,-9.999989059096624,-1.6405827410727601e-06,-9.999925997775106,-9.999964551469521
0,Fz-Cz,-0.0004007941140140815,-9.997830591353734,-9.998732378110265,4.246951474366979e-06,-9.999863361570789,-9.999837879861943,0.00025990739906568255,-10.001758742411676,-9.999159668421019,-1.0775600623120072e-06,-9.99995443522766,-9.999979757889125
0,Cz-Pz,-0.0006015279546382704,-9.996812640720753,-9.99816607861869,3.7828153389666094e-06,-9.999971230589805,-9.999948533697772,0.00012389767999863968,-10.000653860596683,-9.999414883796698,-6.168463592162e-08,-9.99995007628422,-9.999951525873165
0,Fp2-F4,-9.566152074463916e-05,-9.99950437865204,-9.999719617073715,-4.684767331318398e-05,-9.999628814551787,-9.999909900591666,-1.5512764523754488e-05,-9.99975614822948,-9.999911275874718,-1.5389342792284127e-06,-9.999949704413526,-9.999985869369088
0,F4-C4,-0.002615491478639663,-9.9901479255468,-9.99603278137374,-4.999666634964187e-05,-9.999559919287098,-9.999859899285196,3.107154462588363e-05,-10.000108771335771,-9.999798055889512,-2.1451468748672614e-06,-9.999933340229504,-9.999983751181063
0,C4-P4,-0.00039567182754475435,-9.998175769660033,-9.99906603127201,-2.629200940161702e-05,-9.999751082697973,-9.999908834754383,1.8623231324376952e-06,-9.99997884280661,-9.999960219575286,-4.067144348677291e-07,-9.999979557628151,-9.999989115417371
0,P4-O2,-0.0013981931387298274,-9.99480581631143,-9.997951750873572,-3.258913278387202e-06,-9.999818144357338,-9.999837697837009,-3.419421684895867e-05,-9.999547532890173,-9.999889475058662,-9.310187126038034e-07,-9.999955171295674,-9.99997705023542
0,Fp1-F3,4.0767739611010285e-06,-9.99972635927902,-9.999717186537607,-3.05898571880171e-05,-9.99953526540925,-9.999718804552378,-4.301673397901974e-06,-9.999926743229317,-9.999969759963296,-3.4788998471684742e-06,-9.999873797617587,-9.999955551763996
0,F3-C3,1.436898262219634e-05,-9.99905445307623,-9.99902212286533,7.193695782758452e-05,-9.999965697837183,-9.999534076090217,-2.509088229943937e-05,-9.999672315737195,-9.99992322456019,-2.0545875091885936e-07,-9.999975875027546,-9.999980703308193
0,C3-P3,-0.001180859991427455,-9.995412320593864,-9.998069255574576,-1.1407474827657558e-05,-9.99975731691091,-9.999825761759876,-1.2944522129487168e-06,-9.999916272473325,-9.999929216995454,-1.1168349797599338e-06,-9.999953281149432,-9.999979526771456
0,P3-O1,-0.0046877312364240085,-9.982741415987238,-9.993288811269192,2.9390893425075723e-05,-9.9999903622968,-9.999814016936249,-6.735145051876457e-06,-9.999891079054596,-9.999958430505114,-1.2646786502834176e-06,-9.999947933141403,-9.999977653089685
0,Fp2-F8,-5.392223659133086e-05,-9.99964914917657,-9.9997704742089,-2.909992410453893e-05,-9.999561736880198,-9.999736336424824,4.055261128969025e-06,-9.999970434235017,-9.999929881623727,-1.7513451707933425e-06,-9.99993958138586,-9.999980737997374
0,F8-T4,-0.0006499029248609097,-9.997248124397517,-9.998710405978454,-1.6306319164382045e-06,-9.999983851194933,-9.999993634986431,2.8204447328183674e-06,-9.999973052218024,-9.999944847770696,-2.0703065966776807e-06,-9.99992020137756,-9.999968853582581
0,T4-T6,-0.0006523120523136892,-9.99769637459884,-9.999164076716546,-4.1212232500820955e-05,-9.999483544569483,-9.999730817964487,-4.754841257127265e-05,-9.99944386115916,-9.999919345284873,-1.637453091495148e-06,-9.999936765087918,-9.999975245235568
0,T6-O2,-0.00029866293055990295,-9.99875400778086,-9.99942599937462,1.884165634115523e-06,-9.999938587998441,-9.999927283004636,-3.952839231435402e-06,-9.999910789275875,-9.999950317668189,-8.413944814014399e-07,-9.999963282649606,-9.99998305541992
0,Fp1-F7,-0.00020919030245136514,-9.999247734698777,-9.999718412879293,9.562140835991892e-06,-9.999908939100344,-9.999851566255328,-1.0773623829313234e-05,-9.999852428149339,-9.999960164387632,-3.5529610647028636e-06,-9.999881223078136,-9.999964717663156
0,F7-T3,-0.00025823364556105553,-9.999014884600216,-9.999595910302729,2.3614613684225278e-05,-10.000011808446375,-9.99987012076427,7.126603824849069e-06,-10.000028618648098,-9.999957352609849,-1.204038094522046e-07,-9.999989634325864,-9.999992463815387
0,T3-T5,-0.00075525765027946,-9.997157925433036,-9.998857255146165,-2.091633384341372e-05,-9.999493354381322,-9.999618852384382,-1.047194854326371e-05,-9.999874151281942,-9.999978870767375,9.585798692373954e-08,-9.999980729154263,-9.99997847649157
0,T5-O1,-0.0002544254023815702,-9.998407108699396,-9.998979565854755,-2.651411543416297e-05,-9.999757800637239,-9.999916885329844,-3.208137837832838e-06,-9.99995640805252,-9.9999884894309,-5.080267948122577e-07,-9.999965312644775,-9.999977251274453
0,Fz-Cz,-0.0002580788878434902,-9.998495201025904,-9.999075878523552,-5.991391017097892e-07,-9.999965522069234,-9.999969116903843,0.00030684824447385563,-10.001865643606559,-9.99879716116182,-1.0219535439924336e-06,-9.999947453442152,-9.999971469350436
0,Cz-Pz,-0.0002702901105521182,-9.99877838801865,-9.999386540767393,5.646182397803119e-07,-9.999877348095614,-9.999873960386175,0.0004195230743616435,-10.002459914691531,-9.998264683947914,-5.065341732358543e-07,-9.999959814800084,-9.999971718353155
0,Fp2-F4,0.0016976713261819324,-10.001016798913064,-9.997197038429155,-0.00010938308548797615,-9.997916080693914,-9.998572379206841,-2.7878879571299536e-05,-9.999541353170633,-9.999820141966346,-7.179159679640492e-07,-9.999968010950333,-9.99998488197558
0,F4-C4,-0.0055369754159257595,-9.97723804447125,-9.989696239157082,0.00011567357398527274,-9.99777362528327,-9.997079583839357,-4.7840600794305645e-05,-9.999287319667843,-9.999765725675786,-5.18279555818537e-06,-9.999828497986263,-9.99995029368188
0,C4-P4,0.0010878163081237528,-9.998684492291735,-9.996236905598456,7.766075607774936e-05,-9.998447377534418,-9.997981412997952,-6.366216086566714e-05,-9.999190946518127,-9.999827568126783,-9.89974237901643e-07,-9.999965917956457,-9.999989182351047
0,P4-O2,-0.008588128023408118,-9.969163101629345,-9.988486389682013,-0.0001653146427919935,-9.998677133679005,-9.999669021535757,2.2912772523537433e-05,-10.000042723289557,-9.999813595564321,-5.147139463685902e-06,-9.999830749551428,-9.999951707328824
0,Fp1-F3,-0.0006567595463155538,-9.993260101107888,-9.994737810087098,-0.00023567596585133928,-9.998147693367887,-9.999561749162995,-8.722512383158231e-05,-9.99889018549063,-9.999762436728947,-4.5445319630825055e-06,-9.999841126642522,-9.999947923143655
0,F3-C3,-0.012063050719861078,-9.953881458107858,-9.981023322227546,0.0006384187784915956,-9.99555557645112,-9.99172506378017,-0.0002207650906607996,-9.996324020412755,-9.998531671319363,-1.0623575032158867e-05,-9.999675543161434,-9.99992519717469
0,C3-P3,-0.012889362657786223,-9.950083762664846,-9.979084828644865,0.0006105992201424975,-10.002572918959402,-9.998909323638546,-0.00020965109125453753,-9.99691336968552,-9.999009880598067,-6.22912042010165e-06,-9.999809386917262,-9.999955771247134
0,P3-O1,-0.007406795551431287,-9.97414284311641,-9.99080813310713,3.3805195271827625e-06,-9.999834514302597,-9.999814231185434,-3.061849854659739e-05,-9.999573389420252,-9.999879574405718,-4.222391551893564e-07,-9.999979377179555,-9.999989299799703
0,Fp2-F8,0.0006548284316661992,-9.997281894184257,-9.995808530213008,-0.00015735739126391396,-9.993384982475458,-9.994329126823041,-0.00019118428650166154,-9.997570428693642,-9.999482271558659,-4.833039752648905e-06,-9.999851024325979,-9.999964600760165
0,F8-T4,-0.002145982376370722,-9.986797290824557,-9.99162575117139,-0.0006475365079398355,-9.975486797436842,-9.979372016484481,-0.0004358235604741553,-9.988089510243876,-9.992447745848617,-0.00010848456868507111,-9.996763129713823,-9.999312517077923
0,T4-T6,-0.0078084794245020595,-9.935135889496726,-9.952704968201855,-0.002317906755471842,-9.915691872928758,-9.929599313461589,-0.0030404181428645848,-9.957084581689186,-9.987488763117831,-0.0001077170436596981,-9.99678323063162,-9.999314581157622
0,T6-O2,-0.0010976374443711183,-9.994097467534008,-9.996567151783843,-7.354119992428122e-05,-9.999287671188648,-9.999728918388195,1.1039505284601927e-05,-10.000052735011606,-9.999942339958759,-1.7687941215670014e-06,-9.999934122072535,-9.999975688734391
0,Fp1-F7,-0.002177041766697674,-9.991866542300201,-9.99676488627527,-7.470545588762394e-05,-9.999272719517926,-9.999720952253252,-2.2382436014471307e-05,-9.999639729847328,-9.999863554207472,-1.4243511632819593e-07,-9.999970794152793,-9.999974141378026
0,F7-T3,-0.0013535838729914391,-9.99389736908739,-9.996942932801621,0.0007424400965603332,-10.000657828212272,-9.99620318763291,-0.00028772146627741274,-9.99617047507753,-9.999047689740305,-1.513892140489403e-06,-9.99994370782454,-9.999979284289841
0,T3-T5,-0.0041003998506832385,-9.983782979769906,-9.993008879433942,-0.00022346522171372879,-9.997712119775185,-9.999052911105467,-0.00011085942819211476,-9.99831812099095,-9.999426715272872,-8.760583274583015e-07,-9.999942926166723,-9.999963513537418
0,T5-O1,-0.0013760606060899774,-9.993958949163572,-9.997055085527274,2.203691363709225e-05,-9.999897580075865,-9.999765358594043,-1.3886749023757996e-05,-9.999769644281963,-9.999908511772201,-5.659083229220687e-07,-9.999962935666339,-9.999976234511928
0,Fz-Cz,-0.0024380164595102405,-9.99132966206461,-9.996815199098508,5.819218471251953e-05,-9.999424554987622,-9.999075401879347,0.00019880479240310642,-10.000582708741721,-9.99859466081769,-2.4779467066086595e-06,-9.999904918266234,-9.999963150013839
0,Cz-Pz,-0.0005513793252800453,-9.989477384880527,-9.990717988362407,-5.047078124869652e-06,-9.998224240460807,-9.998254522929557,0.000233737025534113,-10.00091909470146,-9.998581724446119,-4.477425382765474e-06,-9.999829550931727,-9.999934770428222
0,Fp2-F4,-0.004865519267903616,-9.98096813520474,-9.991915553557524,-1.3318064299523097e-05,-9.999673327864661,-9.999753236250458,2.3431327424881126e-05,-10.000008743338558,-9.99977443006431,-1.8664554813498075e-06,-9.999935559490384,-9.999979421194196
0,F4-C4,-0.00045785052175333134,-9.994258730258204,-9.99528889393215,-0.0006226687670401029,-9.994849947849158,-9.998585960451399,-5.13669381098641e-05,-9.999112695091206,-9.999626364472304,-2.4386971668033397e-06,-9.999923296118945,-9.999980605502365
0,C4-P4,-0.06139083115448785,-9.78135362992717,-9.919483000024767,-0.0018430045370835234,-9.979348628842638,-9.99040665606514,0.00020000856663321748,-10.00124675102388,-9.999246665357548,-6.761550769629169e-06,-9.99979986498529,-9.999958761428376
0,P4-O2,-0.02270227711159465,-9.915951142792517,-9.967031266293604,-0.0013148191931309948,-9.987645487605706,-9.995534402764491,-0.0006181544684378891,-9.99282705164158,-9.99900859632596,-5.475149215325462e-06,-9.999807347450677,-9.999936013457237
0,Fp1-F3,-0.006097373327716608,-9.978345675650216,-9.992064765637577,-0.00028035588825059236,-9.997887595730289,-9.999569731059792,2.0920885140234924e-06,-9.999912839561508,-9.999891918676369,-1.413050852307044e-06,-9.999910686334813,-9.999943893029842
0,F3-C3,-0.013947974279535305,-9.951643541944788,-9.983026484073743,-5.1734691386349644e-05,-9.999525969346584,-9.999836377494901,-7.974601079861408e-05,-9.999041760716947,-9.999839220824933,-1.9566033528517314e-06,-9.999923875286798,-9.99996985546559
0,C3-P3,-0.03037375893140231,-9.88944247055702,-9.957783428152675,0.00010139188020781324,-9.999975652002759,-9.999367300721511,-4.4871257311824365e-05,-9.999415005061282,-9.9998637176344,-5.7410433908049996e-08,-9.999990996543945,-9.999992345689142
0,P3-O1,-0.010714683213032046,-9.962446441354652,-9.986554478583974,-0.00021194330609124613,-9.99836727640406,-9.999638936240608,3.0763655066096856e-05,-10.000081737601827,-9.999774101051166,-7.600333237071239e-07,-9.999957590312638,-9.999975451095745
0,Fp2-F8,-0.003326583423783606,-9.987884876613776,-9.99536968931729,6.592636474922857e-05,-9.999547121066845,-9.99915156287835,0.00010421863092450985,-10.000586135154693,-9.999543948845448,-3.0909614394339626e-06,-9.99989498962349,-9.999967627217316
0,F8-T4,-0.01562203222920657,-9.92644343649145,-9.961593009007165,-0.004261368913293784,-9.955425067944145,-9.980993281423908,0.000510942286946953,-10.003861499843872,-9.998752076974402,-6.684596772543779e-06,-9.999766582179301,-9.999923670203456
0,T4-T6,-0.15460157243299516,-9.422246556071896,-9.770100094046136,0.002152316936607949,-9.994389020188372,-9.981475118568724,0.000816446338028618,-10.006776073058841,-9.998611609678555,-3.316124988939516e-05,-9.998992503702713,-9.999771793075114
0,T6-O2,-0.12635506909604693,-9.530521021673206,-9.814819927139311,-0.00035769254227983123,-9.987368995610659,-9.989515150864337,4.586011551130602e-05,-9.999756588323931,-9.999297987168818,-1.257594668629392e-05,-9.99961753683932,-9.999913071586448
0,Fp1-F7,-0.0014315124983110446,-9.995074991633135,-9.998295894754335,3.6418116398537863e-06,-9.999922558702584,-9.999900707832746,4.853400220920388e-06,-9.999991712168866,-9.999943178166657,-1.038039672064357e-06,-9.999937820258792,-9.999962214191084
0,F7-T3,-0.0003165058452362023,-9.998194323701274,-9.998906461853055,1.312665422423517e-05,-9.999942394954719,-9.999863635029373,-8.251284020705229e-06,-9.999901705654025,-9.999984218494232,-1.1012953920586983e-06,-9.999956934109646,-9.999982814551359
0,T3-T5,-0.0012916557503869228,-9.993711069329905,-9.996617294768276,-1.6450521483100137e-05,-9.999681220295718,-9.999779923424617,6.4003298610481455e-06,-10.000048716804505,-9.999984713505894,-3.057328548070102e-06,-9.99988983138949,-9.99996167861037
0,T5-O1,-0.00965574123355165,-9.966278594836744,-9.988004012612235,-4.9898751674979126e-05,-9.999133278553991,-9.99943267106404,4.724400656805033e-05,-10.000375881137014,-9.999903441071334,-4.4307843984485456e-07,-9.999961678409795,-9.99997209075313
0,Fz-Cz,-0.002504680080450932,-9.985364213558693,-9.990999743739708,-6.696494585586334e-05,-9.999208973293383,-9.99961076296852,0.00019358485039617325,-10.000859551457404,-9.998923702953443,-2.036635050138605e-06,-9.999899826771395,-9.999947687695073
0,Cz-Pz,-0.00973917009601519,-9.959582417183949,-9.981495549899982,7.999216400964403e-05,-9.999995605040402,-9.999515652056344,0.00019052573852483502,-10.000358480886188,-9.99845322350094,-2.3970675862983244e-06,-9.999905542740672,-9.99996187382895
0,Fp2-F4,-0.004361233783934342,-9.975536600332065,-9.985349376345917,-0.0006388677404852543,-9.994249045436433,-9.998082251879344,-1.1833965362394176e-05,-9.99984277621491,-9.999961115868533,-4.523939538376777e-06,-9.999847856719793,-9.999954169298945
0,F4-C4,-0.041744862073875136,-9.818963148022942,-9.91288908768916,-0.0009877370509170029,-9.990823308757653,-9.996749731063154,-0.00010116361721056397,-9.998166045887395,-9.9991776820595,-1.9538186397769988e-06,-9.999936822650733,-9.999982737388768
0,C4-P4,-0.02303709625617709,-9.852365313762217,-9.904198780338616,-0.0035983159972760633,-9.965850850140239,-9.987440746123895,-3.6272723027949795e-06,-9.999694254434866,-9.999730527157894,-4.00877397462175e-06,-9.999861588987079,-9.999955795175483
0,P4-O2,-0.04657540560098928,-9.827272854306397,-9.932067516908623,-0.0002904999629901667,-9.99661712252321,-9.99836012230115,4.9176251036085045e-05,-9.999028978668308,-9.998537216157947,-7.3961942986782336e-06,-9.999755996819479,-9.999929807385497
0,Fp1-F3,-0.006293614747317552,-9.970969723919302,-9.985130357100767,-0.0005898635636140379,-9.994538573991026,-9.99807775537271,-0.0007506346921744108,-9.989184510527753,-9.996690857449497,-2.7380911238433084e-05,-9.999183256046676,-9.999826707460779
0,F3-C3,-0.054783948024139544,-9.771408061188222,-9.894671944242535,-0.008563718040136628,-9.92210613853642,-9.97348844677724,-0.001713412251036543,-9.972324689291494,-9.989458811801859,-0.00010107756626106829,-9.996893461338548,-9.999268784145682
0,C3-P3,-0.20588112644656278,-9.172659840008874,-9.63589237451364,-0.010385179341091209,-9.872345990675948,-9.934657066722496,-0.0006335142562298858,-9.987190167243101,-9.9935253098054,-8.946501467711281e-05,-9.997401043747356,-9.999503471592268
0,P3-O1,-0.02893008603670718,-9.881948860589153,-9.947041554171744,-0.0015937682849825254,-9.984883774563702,-9.994446384273598,-0.00016392681873685785,-9.995849522312984,-9.997488790500352,-1.619409623985492e-05,-9.99949980261812,-9.999880363879756
0,Fp2-F8,-0.006280540665454907,-9.972260148878087,-9.986391365375361,-0.0007127737246716651,-9.993769793162699,-9.998046435510728,-2.413113523647127e-05,-9.999603195392707,-9.999844506745072,-1.2199276213317e-05,-9.999626455458284,-9.999913138449296
0,F8-T4,-0.005481428167160107,-9.942769007366461,-9.955102220742571,-0.0010782779026032763,-9.990482320695323,-9.996951988110942,-6.376950076516012e-05,-9.998865237399546,-9.999502932407196,-2.5186237408354625e-06,-9.999884554017012,-9.99994374167492
0,T4-T6,-0.01754006530825909,-9.935496613440923,-9.974961760384506,-0.00014085590420612006,-9.998508824492482,-9.99935395991772,2.39978018376307e-07,-9.999622621111051,-9.999620221330867,-5.341384599931244e-06,-9.999814648542914,-9.999940171081013
0,T6-O2,-0.035916828709305154,-9.861776426537999,-9.942589291133935,-3.361413246177076e-05,-9.998553026137628,-9.998754710932399,0.00020794506517602182,-10.000807059749192,-9.998727609097433,-7.518387483007676e-06,-9.999755230388772,-9.999931912494622
0,Fp1-F7,0.000346504500248457,-10.000070653775609,-9.99929101865005,-1.9479962307187404e-05,-9.99958889469326,-9.999705774467103,-4.164325286894493e-05,-9.999287995458948,-9.999704427987638,-1.4643489835761496e-05,-9.999540504786282,-9.999884626797423
0,F7-T3,-0.010828111988257602,-9.943528138738664,-9.967891390712243,-0.000377112789834182,-9.996555470802607,-9.998818147541611,-9.24786647650948e-05,-9.993208223204364,-9.994133009852016,-3.752381212162804e-05,-9.99886206622288,-9.999743875807738
0,T3-T5,-0.1930199977266096,-9.27035362890078,-9.704648623785651,0.0004643839743218123,-9.993259270297493,-9.990472966451563,-0.00022961533570143642,-9.996367211540363,-9.998663364897377,-1.8293297350422157e-05,-9.9994193173028,-9.999849209790536
0,T5-O1,-0.1087664443684403,-9.553116545627457,-9.797841045456448,-0.0015686410276073727,-9.987447009859737,-9.996858856025382,-6.698002391309362e-05,-9.995433798367978,-9.996103598607109,-3.100569620772776e-05,-9.99906220151782,-9.9997908353787
0,Fz-Cz,-7.307594818172542e-05,-9.99862540724426,-9.99878982812767,-2.1602486993715476e-05,-9.99891336930425,-9.999042984226211,0.00013069496185326752,-10.00039000494696,-9.999083055328427,-1.2503973922668963e-05,-9.999602156838499,-9.999896000225682
0,Cz-Pz,-0.04252718390651377,-9.846912018071436,-9.942598181861092,-0.0015313757558562736,-9.98380190105497,-9.992990155590109,0.00010947445467721144,-9.999139251784946,-9.998044507238173,-1.1562783785510079e-05,-9.999615974678594,-9.999887700097554
0,Fp2-F4,-0.001444246675899472,-9.994869949929043,-9.998119504949818,4.955005130493166e-05,-10.000190334737956,-9.999893034430126,-4.297120819255758e-06,-9.99992596206254,-9.99996893327073,-1.2012488368549262e-06,-9.99995167526277,-9.999979904610436
0,F4-C4,-0.0063159918656069776,-9.97590120753629,-9.990112189233907,-7.655434733969245e-05,-9.999324546559968,-9.999783872644006,-7.820069676008511e-05,-9.99906896396361,-9.999850970931211,-3.300273050466433e-06,-9.999895700784396,-9.999973257201082
0,C4-P4,-0.0012699639014708162,-9.995585660100764,-9.998443078879072,-4.642938100959394e-05,-9.999642371453497,-9.999920947739554,3.809992613690499e-05,-10.00016895843137,-9.999787959170002,-1.1006343007842678e-06,-9.999960935072894,-9.999986799978961
0,P4-O2,-0.002971757391221018,-9.988215911996898,-9.994902366127144,-2.998387886888587e-05,-9.999398958681343,-9.999578861954557,-2.0464155275168123e-05,-9.999753257641714,-9.999957899194467,-2.7419234646748302e-06,-9.999912406669319,-9.999976841870739
0,Fp1-F3,-0.0001939251179535083,-9.999241803102839,-9.999678134618234,-7.094451778442165e-06,-9.999883460628542,-9.999926027339212,-7.776730170679638e-06,-9.999793127488324,-9.999870894790032,-4.19301934369056e-06,-9.999849353227093,-9.99994788918167
0,F3-C3,-0.0003184990941561175,-9.998707778301055,-9.999424401262907,-5.054293134640652e-06,-9.999936030409417,-9.999966356168224,-5.435854653343029e-06,-9.999916589052775,-9.999970947599309,-2.1903392175433965e-07,-9.999981276411283,-9.999986423708444
0,C3-P3,-0.004302339231589216,-9.984517497468204,-9.99419776073928,4.492734458450977e-06,-9.999990938214996,-9.999963981808245,-4.782017194467651e-06,-9.999911977755412,-9.999959797927357,-2.0057185802452886e-06,-9.999913988206501,-9.999961122593136
0,P3-O1,-0.00019975281619115295,-9.998811238381007,-9.999260682217438,3.4408747469325604e-05,-9.999745359660961,-9.999538907176145,1.7818074787871833e-05,-10.000100240585445,-9.999922059837566,-1.2196076479955935e-06,-9.999950081250322,-9.99997874203005
0,Fp2-F8,-0.001809296720463401,-9.993117047773627,-9.99718796539467,6.154560098060473e-05,-10.00024141454571,-9.999872140939827,5.503231893672603e-06,-10.000024370591396,-9.999969338272459,-3.6563958208006184e-06,-9.999870759361436,-9.999956684663225
0,F8-T4,-0.0009146754002503458,-9.99552633141278,-9.997584351063344,-3.9780020539205125e-05,-9.999639190788354,-9.99987787091159,8.331003533706754e-05,-10.000573474114356,-9.999740373760986,-1.071606228871516e-05,-9.999663852533875,-9.99991567999766
0,T4-T6,-0.0011424240221687115,-9.995905918135445,-9.998476372185324,5.062956973286649e-05,-10.00009949609911,-9.999795718680714,-5.2917208964309145e-06,-9.999924549846613,-9.999977467055578,-5.3241794100766694e-06,-9.999821551052303,-9.99994666926844
0,T6-O2,9.1138008394931e-05,-9.999874772190982,-9.999669711672093,1.3999482571951211e-05,-9.999951885292795,-9.999867888397363,3.0904861396140704e-05,-10.000196109965803,-9.999887061351842,-7.072891374167273e-06,-9.999780393591415,-9.999946606538709
0,Fp1-F7,-0.0002868223088118492,-9.998942248479262,-9.999587598674088,6.556412795067743e-06,-9.999957709486425,-9.999918371009654,1.9880939294431293e-05,-10.000092708533087,-9.999893899140142,-5.522967090741089e-06,-9.999821410459926,-9.999951200186558
0,F7-T3,-0.0006311605382334307,-9.996374622752823,-9.997794733963849,2.153180382503903e-05,-9.999941979393318,-9.999812788570368,3.98002199135092e-05,-10.000233951429962,-9.999835949230826,-6.061625274104276e-06,-9.999812031685845,-9.999954479879786
0,T3-T5,-0.00826321756566674,-9.9714398101903,-9.99003204971305,2.4261309593769624e-06,-9.999739958100081,-9.999725401314326,1.1935293926708952e-05,-10.000067258373477,-9.99994790543421,-2.495483509034459e-06,-9.999895225706249,-9.999953869568712
0,T5-O1,-0.0015707884430999064,-9.99375455359564,-9.997288827592614,5.1340907515127675e-05,-10.000035813203965,-9.999727767758875,4.8848928203243864e-05,-10.000324488222475,-9.999835998940442,-7.177268638398467e-06,-9.999772730196668,-9.99994139600967
0,Fz-Cz,-0.0013286683115767612,-9.995356026687737,-9.998345530388786,4.187014983710493e-05,-10.000175778900834,-9.999924558001812,1.404722569047683e-05,-9.999951014905339,-9.999810542648433,-1.1051383502847236e-06,-9.999950148237975,-9.999976118989206
0,Cz-Pz,-0.002558118832980458,-9.990904241279793,-9.996660008653999,4.900716967945443e-06,-9.999896697025482,-9.999867292723675,1.4588955050611927e-05,-9.999905845383937,-9.999759955833431,-5.246730172442821e-06,-9.99982182993612,-9.999945128095172
0,Fp2-F4,-0.0007122582567558915,-9.997474019711298,-9.999076600789,-1.1745622535350528e-06,-9.99984422437479,-9.999851271748312,5.944599420312023e-06,-9.999780248944823,-9.99972080295062,-1.3874918797908816e-06,-9.999947974741602,-9.999980580800777
0,F4-C4,-0.0013829426237385927,-9.992150744183201,-9.995262365086612,-7.937217532069081e-06,-9.999661549912677,-9.99970917321787,-1.3120220994086122e-05,-9.999761283615724,-9.999892485825665,-6.30428749794199e-07,-9.999967672675718,-9.999982487751337
0,C4-P4,-0.0036207532753666583,-9.984126259895362,-9.992272954764937,-7.954766848932938e-06,-9.99980676064821,-9.999854489249305,-5.671993396840973e-05,-9.999221368066891,-9.999788567406576,-1.9712506055565265e-07,-9.999988062464213,-9.999992694903137
0,P4-O2,-0.00015276646447003422,-9.997918562892988,-9.998262287438045,8.150969264111682e-06,-9.999731464295436,-9.999682558479853,6.636843520019806e-07,-9.99996580589385,-9.999959169050332,-7.005780996100511e-07,-9.999965588811305,-9.999982052396646
0,Fp1-F3,-0.0011331429414436981,-9.995851915243197,-9.998401486861445,-1.3118872392563514e-05,-9.999727736278254,-9.99980644951261,6.045836875408541e-06,-10.000007488799211,-9.999947030430457,-7.972618453635333e-07,-9.999960371303898,-9.999979106957264
0,F3-C3,-0.0007219391595403408,-9.997429970577826,-9.999054333686793,-1.1221605821335767e-05,-9.999841052729932,-9.999908382364861,2.0983826796765508e-05,-10.000144116712395,-9.999934278444428,-6.712937140287935e-07,-9.999968168512094,-9.999983943914375
0,C3-P3,-0.00015386992811972422,-9.99925263591826,-9.99959884325653,4.2890101963480645e-06,-9.999962685695984,-9.999936951634805,8.328041429250042e-07,-9.999979516972054,-9.999971188930624,-5.927946140857475e-07,-9.999973723312937,-9.999987653986368
0,P3-O1,-9.93663024178196e-05,-9.998461369292283,-9.998684943472723,5.310667208557403e-05,-10.000103943708751,-9.999785303676237,-8.847385248416979e-06,-9.999825158057822,-9.999913631910307,-9.231800096788022e-08,-9.99998570497186,-9.999987874444882
0,Fp2-F8,-0.0006162278119349563,-9.997741005820343,-9.999127518397197,1.5454245269816497e-06,-9.999850282871826,-9.999841010324664,4.818971334444426e-06,-9.999771010512507,-9.999722820799162,-4.641607850184893e-06,-9.999854437662146,-9.999963515446625
0,F8-T4,-0.0009272506760990196,-9.996407187489336,-9.99849350151056,-4.1876977237776015e-05,-9.999566987713774,-9.999818249577201,-5.5738209603071914e-06,-9.999915693880974,-9.999971432090577,-1.2525418690726354e-06,-9.999944039547051,-9.999973474280974
0,T4-T6,-0.0018616922731593828,-9.993187955489082,-9.997376763103691,1.81094410262215e-05,-9.999981042070328,-9.99987238542417,-7.3842989730371426e-06,-9.999911898315618,-9.999985741305348,-1.2134492893538007e-06,-9.999947952580083,-9.999976468638383
0,T6-O2,-0.0004569701535240009,-9.997705763694942,-9.998733946540371,2.361145034272727e-05,-9.999847568627313,-9.999705899925257,-7.121226549529633e-07,-9.99992127606954,-9.999928397296088,-4.668707895176348e-06,-9.999855343165551,-9.999965057801088
0,Fp1-F7,-0.0006745461350610268,-9.99756379708725,-9.999081525891139,-2.142082692269873e-05,-9.999785809787607,-9.999914334749143,1.374805530123521e-05,-10.000065096601624,-9.99992761604861,-2.102781842088199e-06,-9.999927892243672,-9.99997730761696
0,F7-T3,-6.730414468849977e-05,-9.99927428863502,-9.999425722960568,-1.637735919339695e-05,-9.999797887823918,-9.99989615197908,-1.0404893668196731e-05,-9.999830703412831,-9.999934752349514,-2.606990108851621e-06,-9.999906387061646,-9.999967651329204
0,T3-T5,-0.00012105985254418089,-9.999440965698666,-9.999713350366891,-5.519101896126029e-05,-9.999529318217052,-9.999860464330819,-7.590757146700146e-07,-9.999982185746765,-9.999989776503911,2.621983321141732e-07,-9.999985370243687,-9.999979208582882
0,T5-O1,-0.0002477765542069356,-9.998545256220005,-9.999102753466971,1.4843243902706818e-05,-10.000017146615352,-9.999928087151936,2.741508369300917e-05,-10.000195627129736,-9.999921476292807,-3.137215684413885e-06,-9.999892809078215,-9.999966533646798
0,Fz-Cz,-0.0006996303450696797,-9.997264938502724,-9.998839106779132,5.495019832861889e-06,-9.999939851640251,-9.999906881521254,-5.100738989097274e-05,-9.999262256104332,-9.999772330003243,-4.3300082341271013e-07,-9.99996993246365,-9.999980107983
0,Cz-Pz,-0.0018901759591182486,-9.991777019669666,-9.996029915577681,-0.00013716735980737592,-9.998680061468974,-9.999503065627819,-8.416651533221754e-05,-9.99882803384326,-9.999669698996582,-3.3425734215388955e-06,-9.999858665223044,-9.99993721569845
1,Fp2-F4,-0.0038271394454277236,-9.986012991724614,-9.994624055476827,-0.00014342016808890497,-9.998491874823621,-9.999352395832155,-0.0005078831947202423,-9.993833820074407,-9.998912652021609,-1.0646403085808453e-06,-9.999960203439482,-9.999985222486734
1,F4-C4,-0.007806319523493246,-9.971738022348317,-9.989302241276176,4.08393080997261e-05,-9.998356195776482,-9.998111159927884,9.504585829818284e-07,-9.999978622413204,-9.999969117827375,-3.1194974482996417e-06,-9.999899406674908,-9.999972714864944
1,C4-P4,-0.0004552230372083838,-9.997908530192321,-9.99893278202604,-0.0001998616567322787,-9.998047189001278,-9.999246358941672,-0.00019720810010579706,-9.997689880324922,-9.99966196132598,-3.360870766862452e-06,-9.999896080574512,-9.999975061037533
1,P4-O2,-0.00145895157920201,-9.99372390154257,-9.997006542595773,-3.616202494694173e-05,-9.999613578472191,-9.999830550621873,-4.3769697988925434e-05,-9.999290801424053,-9.999728498403941,-1.5307119860658012e-06,-9.99994523935267,-9.999981211084343
1,Fp1-F3,-0.00178370387835801,-9.992070624376742,-9.996083958103048,-2.186858200390226e-05,-9.99955310124987,-9.999684312741893,-6.773757406326168e-06,-9.99990061286605,-9.999968350440113,-5.435421168143781e-06,-9.99982235533463,-9.999950087732081
1,F3-C3,-0.003194308349945587,-9.988256449705782,-9.995443643493159,-3.864556103335052e-05,-9.999556870350846,-9.999788743717046,-2.795146843195343e-05,-9.999664057002258,-9.999943571686577,-1.6687652890990095e-06,-9.999939131583542,-9.999978347567836
1,C3-P3,-0.0026980064174645787,-9.990232795560493,-9.996303309999789,1.3732377995031936e-05,-9.999895247039696,-9.999812852771726,-2.8909453649916183e-05,-9.999604039665606,-9.999893134202106,-1.3698467822106836e-06,-9.999944599835677,-9.99997679123506
1,P3-O1,-0.0016175809248201182,-9.993902551044263,-9.997542108125108,-8.45130831260056e-05,-9.999117829593706,-9.999624908092462,-2.473897784849534e-05,-9.999690121200338,-9.999937510978823,-9.86965606722289e-07,-9.999951479396756,-9.999974673088515
1,Fp2-F8,-0.0005096404433621418,-9.997981522409027,-9.999128213406593,-0.00019614962931445621,-9.997183989311788,-9.998360887087674,-0.0001492316474108073,-9.998149393245782,-9.99964170971989,-1.5436735294229644e-06,-9.999942374213711,-9.999978650541653
1,F8-T4,-0.03157567334852812,-9.882136993282058,-9.953182258316247,-0.00019127730998211187,-9.998102001116566,-9.999249664976459,-3.609407895351792e-05,-9.9993932765164,-9.999754217305936,-1.2847518493767212e-06,-9.999946562472978,-9.999976754141437
1,T4-T6,-0.01818889501216302,-9.931334857240884,-9.97225987101825,-0.0017186261520306734,-9.984917775253388,-9.995229532165572,-0.00018415718907648245,-9.99768114586231,-9.999522717753075,-3.3559312584059617e-06,-9.999887995070951,-9.999966859455524
1,T6-O2,-0.0002441749477329105,-9.999088272438703,-9.999637666071102,7.828612596998916e-06,-9.99989096873306,-9.999843997057479,-9.602612297977998e-07,-9.999941654975892,-9.99995125758819,-7.97136833437399e-07,-9.999964252531043,-9.999982985246628
1,Fp1-F7,-7.490609540673632e-05,-9.999648018404475,-9.99981655711914,2.561234025461814e-05,-9.999982319848643,-9.999828645807115,2.7344623741576936e-07,-9.999995594314415,-9.999992859852041,-4.1443298234422195e-06,-9.999858881519668,-9.999956273270518
1,F7-T3,-0.0015790328065057708,-9.993277624229368,-9.996830448044006,-0.00012222164320600053,-9.998968556758076,-9.999701886617311,-1.9712143130102907e-05,-9.999750270507375,-9.999947391938676,-8.447332537411149e-07,-9.999967188984868,-9.99998704021633
1,T3-T5,-0.004054052705853266,-9.984078138672203,-9.993199757260372,3.108850627015127e-05,-10.000028072942614,-9.999841541904994,-9.078932138599987e-06,-9.99983337323187,-9.999924162553254,-4.874937278818683e-07,-9.999961926639907,-9.999973382742512
1,T5-O1,-0.00010767607015600685,-9.99952181120126,-9.999764082359112,-9.053950684917307e-05,-9.999008077469439,-9.999551314510533,-2.5307893146102855e-06,-9.999949679087134,-9.99997498698028,-2.3273884288973817e-06,-9.99989318387495,-9.999947877503029
1,Fz-Cz,-0.0105400045182732,-9.96196669430733,-9.985681704473444,-0.00012288087561342193,-9.998969020094082,-9.999706305347763,-0.0010122570911314244,-9.988056460029737,-9.998179030941051,-4.610513268775799e-06,-9.9998464763026,-9.999954823364417
1,Cz-Pz,-0.0022749494471723287,-9.991027344515821,-9.996145980771958,2.4591404824258665e-05,-9.999646291499335,-9.99949874307039,-0.0017211414659967972,-9.97978668024907,-9.996998094909038,-3.319587891290922e-06,-9.999856539215958,-9.999934549531403
1,Fp2-F4,-0.0017611147224386534,-9.991211972295407,-9.995174480420893,7.295850000174124e-05,-9.999479163458481,-9.999041412458471,-0.000541331619189694,-9.993213991656052,-9.998627307847949,-7.511370999597082e-06,-9.999768769556374,-9.999945286774864
1,F4-C4,0.0013416858706970611,-9.996852648935832,-9.993833855726763,-0.0002115942369084162,-9.993133387930456,-9.994402953351907,-0.0001127149051618395,-9.998405189757147,-9.999532338808764,-1.464687979551678e-06,-9.999940465295177,-9.999974885462697
1,C4-P4,-0.005649684874709644,-9.975120102727017,-9.987831893695112,0.00027168707573147096,-9.997718652033882,-9.996088529579493,0.00012093792984092733,-10.000729248004632,-9.999519868706223,-1.8173713775196433e-05,-9.999462537092283,-9.999889619366
1,P4-O2,-0.001232202477327788,-9.994524894980417,-9.997297350554405,-0.00044321251518981216,-9.994228854714073,-9.996888129805212,-0.0001610396306732831,-9.997970518966506,-9.999580915273238,-2.1179508940053992e-06,-9.999927195845627,-9.999976967691637
1,Fp1-F3,-0.0006768420393929756,-9.996602974953598,-9.998125869542232,2.382453186734526e-05,-10.000028932943048,-9.999885985751844,-3.463957410664765e-05,-9.999569654175923,-9.99991604991699,-6.450780183426106e-06,-9.999790892001068,-9.999942485335378
1,F3-C3,-0.00016521502848357314,-9.997906943237288,-9.998278677051376,-0.00017518651202516643,-9.99852007598567,-9.999571195057822,-9.602934347541827e-07,-9.99990968287848,-9.999919285812828,-1.6465116317862507e-06,-9.999943450103029,-9.999982143126376
1,C3-P3,0.0003289843363026029,-9.999831548684856,-9.999091333928176,-0.00030704748635768987,-9.996935707711419,-9.998777992629565,-4.458160942733897e-05,-9.999418510322386,-9.99986432641666,-1.7279811486230336e-06,-9.99993966853204,-9.999980276089033
1,P3-O1,0.0004371312651594872,-9.999996979090929,-9.99901343374432,-5.996002600592813e-06,-9.999837076386752,-9.999873052402355,-1.834219188155389e-05,-9.999762789344143,-9.999946211262959,-6.649821452214684e-07,-9.999957395147883,-9.999973022228295
1,Fp2-F8,0.0023258385275924773,-9.99775168059965,-9.992518543912567,-9.401248504947824e-05,-9.995441218316241,-9.996005293226538,2.42500942241881e-05,-9.999567563090979,-9.999325062148737,-1.4523201333665151e-05,-9.999559625899709,-9.999900921131049
1,F8-T4,-0.010755737580165065,-9.953391337715162,-9.977591747270534,-0.001539506951638301,-9.984670003086803,-9.993907044796632,-3.339210397844224e-05,-9.999239974576392,-9.999573895616177,-4.2649311263449525e-06,-9.999834175356472,-9.999934401237942
1,T4-T6,0.016685242190778778,-9.994336910599294,-9.956795115670042,-0.008214740870335418,-9.925607773632013,-9.974896218854026,-0.00024160773404419185,-9.995190744680858,-9.9976068220213,-6.054986028115343e-05,-9.998214584793471,-9.999637506510078
1,T6-O2,-0.002113409700282893,-9.989652099607518,-9.994407271433154,-4.264457526849717e-05,-9.999571457389338,-9.999827324840949,-1.0400912086333737e-05,-9.99973034274612,-9.999834351866983,-2.972235074023586e-06,-9.999898859451319,-9.999968706975558
1,Fp1-F7,-0.0001923065991767872,-9.998962004738754,-9.999394694586902,2.43749068342804e-05,-10.000053783870655,-9.99990753442965,4.169307564936387e-06,-10.000033296126494,-9.999991603050844,-4.759096810460421e-06,-9.999835146305179,-9.999946985080225
1,F7-T3,0.00012114459952626997,-9.999817078758396,-9.999544503409462,-0.00022531604838343277,-9.998228034855433,-9.999579931145734,-1.3322335909743689e-05,-9.999835466696934,-9.999968690056033,-3.68380186133898e-07,-9.999974364818957,-9.999983021753332
1,T3-T5,0.0001722464722816705,-9.999435489605293,-9.99904793504266,-9.08908893386141e-05,-9.999232642028744,-9.999777987364777,-3.5157982408341553e-06,-9.999952805971569,-9.999987963953977,-1.2688975649872856e-06,-9.999933381360014,-9.999963200452791
1,T5-O1,-0.00026464757062183593,-9.99781246297578,-9.99840792000968,3.79912276343835e-05,-9.999680110031981,-9.999452162666175,-1.3596536284091348e-05,-9.999831209315511,-9.999967174678352,-6.48052373139578e-07,-9.999947296645935,-9.999962525876704
1,Fz-Cz,-0.00829972226658646,-9.964269318936934,-9.982943694036754,0.00034409967873899405,-9.999924971464742,-9.997860373392308,-0.0009553716009336562,-9.989024094109816,-9.998577810119151,-3.5597047303988958e-06,-9.999838945445704,-9.999922598506869
1,Cz-Pz,-0.0010824490026950257,-9.984220824759056,-9.98665633501512,-0.0006376311152310538,-9.992740975988228,-9.996566762679615,-0.0018910082059199725,-9.97810280801202,-9.99701289007122,-1.7306882240158194e-05,-9.99943628216128,-9.999842993893925
1,Fp2-F4,-0.0011039548113903328,-9.995584080295428,-9.998067978621057,0.0002195439695715101,-10.000256258349228,-9.9989389945318,-0.0005956872466030814,-9.992935097719133,-9.998891970185165,-3.3581725003065366e-06,-9.999892477752795,-9.999971394806552
1,F4-C4,-0.003898649094439404,-9.985945388391158,-9.994717348853648,0.0002221101558977774,-9.99981995135657,-9.998487290421185,-2.802865368098706e-05,-9.999575564385749,-9.99985585092256,-2.140322610911163e-06,-9.999925619582829,-9.999975917164186
1,C4-P4,-0.0017977610932371033,-9.99225861009965,-9.996303572559434,-5.9638709306912604e-05,-9.998911210092636,-9.999269042348478,-0.00015932148655873845,-9.99802284085474,-9.999616055720328,-3.0547051665823013e-06,-9.999903596035393,-9.999975381606808
1,P4-O2,-0.001141243634140038,-9.995776926789372,-9.998344724966186,-6.260501003149926e-05,-9.999466874663302,-9.99984250472349,-4.536711592924645e-06,-9.999896544084093,-9.999941911200022,-4.3254231621859e-06,-9.999861737789375,-9.999963385233686
1,Fp1-F3,-0.0004622886747794425,-9.998361990544373,-9.999402140062626,-1.4337791171312956e-05,-9.999804978665018,-9.999891005412046,-1.9036603172874974e-05,-9.99976693128687,-9.9999572973186,-2.8962253659708264e-07,-9.999968244365391,-9.999975050495001
1,F3-C3,-0.00032449985782537314,-9.998462730715074,-9.999192855395181,-5.76071853408727e-06,-9.999900584616752,-9.999935148927957,-5.9901007222528566e-05,-9.999214693088673,-9.999813703160898,-1.403203537699961e-06,-9.999950033631846,-9.999983008914981
1,C3-P3,-0.0028215314115713425,-9.989316585552084,-9.99566503122812,-1.2978744616233293e-05,-9.99981123936494,-9.999889111832637,-0.00010004213131146232,-9.998794753652499,-9.999795174965614,-7.662304201164689e-07,-9.999967881830308,-9.999985888245181
1,P3-O1,-0.00013974994530940475,-9.999325839963202,-9.999640277340148,2.446283974671468e-05,-10.000003478763631,-9.99985670172515,9.204727351906474e-06,-10.000046565442531,-9.999954518169012,-4.970952894081171e-07,-9.999973844024744,-9.999985525764044
1,Fp2-F8,-0.0021455573904452995,-9.991675049754033,-9.996502553882534,-3.662309591807316e-06,-9.999813198634493,-9.999835172492045,-0.00024153514709007734,-9.997167510518318,-9.99958286198922,-6.381393861589628e-07,-9.999966280243266,-9.99998127651884
1,F8-T4,-0.0031471924938992956,-9.98693597434642,-9.994017157457693,7.876471618949037e-05,-10.000084917045907,-9.99961232874877,2.2118961725602197e-08,-9.999982885253498,-9.99998266406388,-1.1310809597183264e-06,-9.999941591204168,-9.99996817160672
1,T4-T6,-0.001345006586576274,-9.99501847610178,-9.998044740921577,-3.021237354422732e-06,-9.999925501871477,-9.999943629295604,-4.931639900125575e-05,-9.999401466610372,-9.999894630600386,-1.7423069515204642e-06,-9.999931965716224,-9.999972909929584
1,T6-O2,0.0002209722053617507,-9.999983572810791,-9.999486385348726,-1.563542752485159e-05,-9.99984999744404,-9.999943810009189,-1.152102467202972e-05,-9.999849996497817,-9.999965206744537,-2.093956936598253e-06,-9.999928927593432,-9.999978135581442
1,Fp1-F7,-0.0005573395763356155,-9.99800067254938,-9.999254686596135,-3.562738555560511e-06,-9.999965178503315,-9.999986554934647,-1.0525954811941266e-05,-9.9998636316869,-9.999968891235019,-9.23931259549991e-08,-9.999973810892543,-9.999975982131003
1,F7-T3,-0.00014777555718271774,-9.999374637894542,-9.999707132898203,-5.5712442563449746e-05,-9.999581167245166,-9.999915441900546,1.1302336293130955e-06,-9.999968652607588,-9.999957350271295,-7.725830816748542e-07,-9.99996837604107,-9.999986531743488
1,T3-T5,-5.6760953845365586e-05,-9.999550091502085,-9.999677803648238,6.924792210498897e-06,-10.000006709545612,-9.99996516079235,-6.924601559534971e-06,-9.999913234349492,-9.999982480365087,-3.36330069479519e-07,-9.999967969947615,-9.999975873704248
1,T5-O1,-0.0001054837393781308,-9.999458045737425,-9.999695384151027,-4.2022395050606924e-05,-9.999453189662141,-9.999705324032444,-2.841653275746048e-05,-9.999648175622925,-9.9999323409505,-1.0069689808093239e-06,-9.999944384519017,-9.999968048290066
1,Fz-Cz,0.002806155393750905,-10.000160329209,-9.993846479573062,-0.0007192295887083428,-9.993028381688985,-9.997343759221236,-0.000249760347082229,-9.996668483510819,-9.99916608698164,-1.7510439183148318e-05,-9.999433870126968,-9.999845365447772
1,Cz-Pz,-0.0033702137794704777,-9.976017175654102,-9.98360015665791,9.893316147369307e-05,-9.997712326450653,-9.99711872748181,-0.0004678959326651948,-9.993040870683398,-9.99771983001005,-2.093925193226633e-05,-9.999284663681681,-9.99977673610209
1,Fp2-F4,-0.0005092797751986925,-9.997559042553624,-9.998704922047821,0.00021002847038105102,-10.00044652878176,-9.999186357959474,-0.00042435204255524244,-9.994989362688479,-9.999232883114031,-3.933893737640098e-06,-9.999872877628611,-9.999965324131447
1,F4-C4,-0.008129699176263598,-9.969058556775867,-9.987350379922459,0.00019517576464072895,-10.0004124972835,-9.999241442695656,0.00014995945435246835,-10.00100831733528,-9.999508722791756,-2.8524982970810995e-06,-9.99987938423274,-9.999946417942722
1,C4-P4,-0.0025034466856425565,-9.988444129603286,-9.994076884645981,3.400198614042922e-05,-9.999506792333442,-9.999302780416599,-0.00019406669325160468,-9.99748088529443,-9.999421552226945,-3.4538043831811196e-06,-9.999888475376235,-9.99996963977924
1,P4-O2,-0.0004529782338188238,-9.998144853623177,-9.99916405464927,2.2077565212447282e-05,-10.00006100634087,-9.999928540949595,2.2442386710816818e-06,-9.999925121779821,-9.99990267939311,-2.801948603437303e-07,-9.999972149653402,-9.99997873423262
1,Fp1-F3,6.215921440797083e-05,-9.999906977819325,-9.999767119586908,1.5144172031705692e-05,-10.000040417228321,-9.999949552196131,6.128810085604639e-06,-10.000015976074549,-9.999954687973693,-2.279671731253008e-06,-9.99991262698796,-9.999966199273645
1,F3-C3,-0.00035503646186842174,-9.997317316635442,-9.998116148674645,-3.087544004227208e-05,-9.999678192643968,-9.999863445284221,-6.19923449544693e-06,-9.999899867622133,-9.999961859967089,-2.3864080446416496e-06,-9.99991461137773,-9.999970691966778
1,C3-P3,-0.0021986951790601695,-9.991375917315187,-9.996322981468072,1.63974880162966e-06,-9.99998166473684,-9.99997182624403,-4.0870209913762737e-05,-9.999480078442792,-9.99988878054193,-6.746320300831352e-07,-9.99996891887909,-9.999984772731796
1,P3-O1,3.284449073210856e-05,-9.99822592831693,-9.998152028212782,0.00013609588171088928,-10.00037355990225,-9.999556984611985,-3.007375143790015e-05,-9.999582110041887,-9.999882847556266,-1.422163244738107e-06,-9.999944693957696,-9.999978114793947
1,Fp2-F8,-0.0020945916522278722,-9.991166005438828,-9.99587883665634,0.0001239341116961318,-10.000345702884552,-9.999602098214375,-0.00015767587777592914,-9.998130627199487,-9.999707385977246,-3.774616896872944e-07,-9.9999750326154,-9.999983902965107
1,F8-T4,-0.0010011466183722992,-9.99612158402302,-9.998374163914358,4.280052343468205e-05,-10.000033994746593,-9.999777191605984,-2.1430194612877896e-05,-9.999712165569747,-9.999926467515875,-2.282752256723598e-06,-9.999908921800731,-9.999962566478764
1,T4-T6,-0.00021429678676618586,-9.998750072588502,-9.999232240358726,-9.678629016948123e-05,-9.999189105046222,-9.999769822787238,-6.502393258131877e-06,-9.999914638374674,-9.999979662307256,-2.9120057761813858e-06,-9.999890897906559,-9.9999593300423
1,T6-O2,-0.00017485428921866237,-9.999290380068405,-9.999683802219147,-4.0973197858491895e-05,-9.999663634805973,-9.999909473993124,8.084121481912104e-07,-9.99991646219342,-9.999908378071938,-3.523187014755525e-07,-9.999968292023071,-9.999976571512557
1,Fp1-F7,-0.00010337929300003468,-9.999523382430894,-9.999755985840144,-4.359290713781433e-06,-9.999928019314625,-9.999954175058908,-1.0932631794213024e-05,-9.999857734200036,-9.999967060517978,-8.090700502730674e-07,-9.99996563238748,-9.999984645533662
1,F7-T3,-0.00018081993669333371,-9.999036416315946,-9.999443261173505,-6.976521473255068e-05,-9.999463267234708,-9.999881858523104,4.946453783930731e-06,-10.000016365440645,-9.999966900902805,-9.672215547181472e-07,-9.999966893038225,-9.999989622744762
1,T3-T5,-0.0007297830072077563,-9.997373270394343,-9.99901528216056,-3.171288953662746e-05,-9.999737228155308,-9.999927505492527,6.076511078589294e-06,-10.000043952951746,-9.999983187840959,-9.309957089051345e-07,-9.999956944578027,-9.999978822977187
1,T5-O1,-0.00016281160087927533,-9.998246826541562,-9.998613152643541,0.00016576528711974924,-10.000613664393853,-9.999619072671134,-5.3001265092587004e-05,-9.999378957378616,-9.99990897002954,2.8030364299354245e-07,-9.99998111548041,-9.999974528344799
1,Fz-Cz,0.005015804093160854,-9.970824824672215,-9.959539265462604,-0.0002299328148700811,-9.996230009488986,-9.997609606378207,7.205725577325943e-05,-10.000383631662432,-9.9996630591047,-2.840959694043197e-06,-9.999856320192896,-9.999923082745706
1,Cz-Pz,0.003856920770855685,-9.975184888338958,-9.966506816604532,-0.0006372697508958511,-9.992679237637608,-9.996502856142984,2.35824736386484e-05,-9.99966717137988,-9.999431346643494,-1.7504535782748687e-06,-9.999870316438525,-9.999911452097614
1,Fp2-F4,-0.003646107314207784,-9.984767681405655,-9.992971422862622,4.319816975601765e-06,-9.999582267682415,-9.999556348780562,-0.0005628143303842211,-9.993404503510938,-9.99903264681478,-2.6222138854874708e-06,-9.999906546243931,-9.99996816827024
1,F4-C4,-0.00354516889138172,-9.987409528861665,-9.995386158867275,4.103216836855016e-05,-9.999264585578143,-9.999018392567931,0.0002247421003271335,-10.001506087880369,-9.999258666877097,-5.257773707058295e-06,-9.9998183787197,-9.999941936401816
1,C4-P4,-0.0001791430227552861,-9.997671138700099,-9.998074210501299,-1.1254817996046911e-05,-9.998857198780643,-9.99892472768862,-0.0001678914360808783,-9.997558677113178,-9.999237591473987,-6.521383636360284e-06,-9.99978779806528,-9.999941050580734
1,P4-O2,5.765629858689222e-05,-9.998878783640293,-9.998749056968473,-0.00018970504913406756,-9.998478770647997,-9.999617000942802,-1.4401980706448272e-05,-9.999507919600157,-9.999651939407222,-2.192880050355851e-06,-9.999917968485574,-9.999969501166758
1,Fp1-F3,1.0821080407743799e-06,-9.999368320272206,-9.999365885529114,3.957366671043517e-05,-10.000068516988568,-9.999831074988306,-1.7875168003608713e-05,-9.999762830321831,-9.999941582001867,-2.8599592726625883e-06,-9.999894685559353,-9.99996189460226
1,F3-C3,0.0004958382330412319,-9.999473252953017,-9.998357616928674,-1.757532324600579e-05,-9.999720475870394,-9.99982592780987,-1.2900832209579361e-05,-9.999831016111974,-9.99996002443407,-2.406382973099258e-06,-9.999914172563853,-9.999970722563722
1,C3-P3,-0.0012887363346177957,-9.9944725130661,-9.99737216981899,-2.7623306442017497e-06,-9.999950406278913,-9.999966980262778,-6.617206129845648e-05,-9.999200657912063,-9.999862378525048,-2.110377325819106e-06,-9.999932010672168,-9.999981604539325
1,P3-O1,-0.0005109177028329811,-9.997875859496858,-9.999025424328233,9.797276341013226e-05,-10.00014070535208,-9.99955286877162,4.6757238141875765e-06,-9.999971211436876,-9.999924454198734,-8.133290720564385e-07,-9.999955163684655,-9.999974276917849
1,Fp2-F8,-0.004422178736557892,-9.981837918963707,-9.991787821120962,-6.964573665442155e-05,-9.999131853956282,-9.99954972837621,-0.00010070160322002754,-9.998563956427402,-9.999570972459603,-1.1030781178962027e-07,-9.999968253477387,-9.999970845710964
1,F8-T4,-0.002713238627349852,-9.989274588172412,-9.99537937508395,8.327480493676477e-05,-9.999933334489393,-9.999433685659772,-2.6335909652966316e-05,-9.999620096561708,-9.999883455658237,-3.345248085877103e-06,-9.999860773607471,-9.99993938693749
1,T4-T6,-0.0008465419007799358,-9.995704766301152,-9.997609485577907,2.1194804980509737e-05,-10.000005196708361,-9.999878027878479,-5.036756889352678e-05,-9.999412087549333,-9.999915763238269,-2.602255244099137e-06,-9.999905563588015,-9.999966716586252
1,T6-O2,-0.00018738727476258742,-9.999196972776693,-9.99961859414491,-5.2247498220807705e-05,-9.999531298844483,-9.999844783833808,-2.591270036234992e-06,-9.999808603212536,-9.999834515912898,-1.5121581250218775e-06,-9.999946200644994,-9.999981736360931
1,Fp1-F7,-0.0005042574367244731,-9.998131044908932,-9.999265624141563,-1.1083701725991562e-06,-9.999965703843248,-9.999972354064283,-4.357363664158414e-06,-9.999932804917508,-9.99997637855415,-7.567777662883189e-07,-9.999957137396665,-9.999974921674173
1,F7-T3,9.252665672154206e-05,-10.000015815068874,-9.99980763009125,-1.9959705257826328e-05,-9.9998486599866,-9.999968418218147,-2.672269118875795e-05,-9.999672063106091,-9.999939290017979,-5.025587824056632e-07,-9.999976566529739,-9.999988376661125
1,T3-T5,-0.0011180318082855618,-9.995299246635916,-9.997814818204558,-3.4852712747651152e-06,-9.999833173699555,-9.999854085327204,-5.251456614838234e-06,-9.999919131048955,-9.999971645615103,-2.849759943350822e-06,-9.999890212154902,-9.99995718151357
1,T5-O1,-0.0003520803508439123,-9.998644817211192,-9.99943699800059,2.652120494138117e-05,-9.999996920473858,-9.99983779324421,-2.0382283127851448e-05,-9.999751163890663,-9.99995498672194,-9.711793898748576e-07,-9.999938345644486,-9.999961168360148
1,Fz-Cz,0.012001117692978295,-9.985387320718802,-9.958384805909601,0.0013386240433074573,-9.996343668696396,-9.988311924436552,1.7867883943619588e-05,-9.999040180548471,-9.998861501709035,-1.8612442576954574e-05,-9.999397743850583,-9.999835136251141
1,Cz-Pz,0.01285496606344237,-9.996813282454106,-9.96788960881136,0.00019907128122149674,-9.991432672406587,-9.990238244719258,-0.0009536914451577555,-9.98851563328221,-9.998052547733788,-1.1873672058856875e-05,-9.999564965158848,-9.999843996452231
1,Fp2-F4,-0.0017709943567701142,-9.993434739155905,-9.997419476458639,-2.030131352324233e-05,-9.999513033788899,-9.999634841670039,-0.00039638072134920687,-9.995368903553812,-9.999332710767304,-6.681032411356913e-07,-9.999972892409128,-9.999988592835294
1,F4-C4,-0.0022335390886253086,-9.989807620408605,-9.994833083358012,-0.0005848344265963915,-9.995266467182363,-9.998775473741942,-0.0002937274733522291,-9.996075010178222,-9.999012284911744,-1.424421706275229e-05,-9.999562041034162,-9.999896780135137
1,C4-P4,7.64522659137632e-05,-9.998133322819973,-9.997961305221667,-0.0008070655961993483,-9.993794854103124,-9.99863724768032,-8.685871205744001e-06,-9.999430463014566,-9.999517321726623,-2.4586946122215277e-06,-9.99991760504499,-9.999975384368378
1,P4-O2,-0.0004575955484574092,-9.996459055191393,-9.997488645175421,-0.00024464869147069817,-9.997769785218818,-9.999237677367642,-5.779740742442466e-06,-9.999839266543605,-9.999897063951028,-3.823937067446133e-06,-9.999873715101797,-9.999963577622882
1,Fp1-F3,-0.00026426720210650216,-9.998097587012209,-9.998692188216948,-7.111426415150065e-05,-9.999325605989531,-9.99975229157444,-1.2107402443948437e-05,-9.999842378780647,-9.999963452805087,-7.794894194396389e-07,-9.99994443102583,-9.999962749027187
1,F3-C3,-0.0006722672983307156,-9.995929250126483,-9.997441851547727,-7.08181038107488e-05,-9.999275291267,-9.999700199889865,4.515504396010035e-05,-10.000258155173011,-9.99980660473341,-8.585735341132415e-07,-9.999965460272636,-9.999985636750687
1,C3-P3,-0.0014549330460569073,-9.99482379734439,-9.998097396698018,2.1632006965058114e-05,-9.999950920760957,-9.999821128719168,8.032627199181641e-06,-10.000039915119014,-9.999959588847023,-1.731156433725405e-06,-9.999931941415994,-9.999972623592187
1,P3-O1,-0.00016972919249031451,-9.999085275681187,-9.99946716636429,-8.06599461610685e-05,-9.998904470093956,-9.999388429770923,-2.2618515653233877e-05,-9.999688718631282,-9.999914903787813,9.634548006881341e-08,-9.999975477320007,-9.999973213201224
1,Fp2-F8,-0.0011246211854616204,-9.995711349217563,-9.998241746884853,2.4088256411426112e-05,-9.999999216929664,-9.999854687391196,-0.00017936357211888602,-9.997878928950822,-9.99967256467201,4.2460159848801216e-07,-9.999991872504802,-9.999981894367238
1,F8-T4,-0.0011278120319529199,-9.995585314204169,-9.998122891276063,9.368004586907098e-05,-10.000189099423968,-9.999627019148754,-0.0001007027006974829,-9.998787972060722,-9.999794999067696,-1.1470202865589703e-06,-9.999942188197663,-9.999969143174397
1,T4-T6,-0.0005850928902161356,-9.997411642489883,-9.998728101492869,-6.238529527277263e-05,-9.999377406783642,-9.99975171855528,-1.321120654446213e-05,-9.999729182698184,-9.999861294763628,-2.939870752810401e-06,-9.999905672545168,-9.99997475950786
1,T6-O2,0.0001265294715779971,-9.999427232603967,-9.999142541292917,-4.381893184906163e-05,-9.999562719406917,-9.99982563299801,1.3567946357644485e-07,-9.999980808986138,-9.999979452191502,-1.0872001594504053e-06,-9.99995197327478,-9.999977522478526
1,Fp1-F7,-0.0002946032697958238,-9.998904945528478,-9.999567802885519,-3.862723435995539e-05,-9.999636745726734,-9.999868509132893,3.7029257205906825e-06,-10.000002822186598,-9.999965792929393,-1.6372951988953955e-06,-9.99992399859586,-9.999962475033033
1,F7-T3,5.887654031876415e-07,-9.999210778239627,-9.99920945351747,1.002830527214757e-05,-9.99995663935694,-9.999896469525307,-1.576907652075861e-05,-9.999794199561853,-9.999951890327061,-2.511591379043151e-06,-9.999919508300135,-9.999978530697542
1,T3-T5,-0.0001697983532429796,-9.999089983927949,-9.999472030222746,-2.0819604379199826e-05,-9.999808629754165,-9.99993354738044,6.3956645024493914e-06,-10.00004833845784,-9.999984381812814,8.117365891075915e-07,-9.999973425205239,-9.999954349395395
1,T5-O1,-0.00025884928258127144,-9.99874165154436,-9.99932406243017,-2.6377607176122936e-05,-9.999640871910728,-9.999799137553785,-1.5770991759431798e-05,-9.99981131713928,-9.999969027056874,-7.810065988828179e-07,-9.999949349241476,-9.99996770289655
1,Fz-Cz,0.003189428078747718,-9.946518249093272,-9.93934203591609,-0.006762342536637955,-9.93104299019362,-9.971617045413447,-0.0002922401778588804,-9.995573117462058,-9.998495519240647,-3.451067142257095e-05,-9.998775633645412,-9.999586634423842
1,Cz-Pz,0.0030203203273368325,-9.954257166065101,-9.947461445328594,-0.005579051682690647,-9.941604876383382,-9.975079186479526,-4.145112815354882e-05,-9.998634271893582,-9.999048783175118,-4.155785729087535e-05,-9.998511773959406,-9.99948838360574
1,Fp2-F4,-0.0007986700831284533,-9.996804342907126,-9.998601350594164,-3.589994859525555e-05,-9.999083341292861,-9.999298740984432,-0.00029142567506299183,-9.99645337415933,-9.99936763090996,-2.001315910602071e-06,-9.99993054722485,-9.999977578148748
1,F4-C4,-0.00023297015022761324,-9.992444118721853,-9.992968301559864,-0.00021998344206703878,-9.995824745339704,-9.997144645992107,2.6333080235921853e-05,-9.999793038259808,-9.999529707457448,-1.4818616532957941e-05,-9.999537937711684,-9.999886175200208
1,C4-P4,-0.0003601990663164998,-9.998299525448164,-9.999109973347377,-5.7681809681995223e-05,-9.999085092240533,-9.999431183098624,-5.022627540729224e-05,-9.998642011063824,-9.999144273817897,-7.180802535974058e-06,-9.999768625170002,-9.999937374029598
1,P4-O2,0.000322455350289527,-9.999120068862817,-9.998394544324666,-1.344039691070204e-05,-9.999551824008007,-9.999632466389471,-8.518940793734558e-05,-9.998916426439889,-9.999768320519262,-5.013167309595541e-07,-9.999972026360451,-9.999983807303629
1,Fp1-F3,-0.0024423843440270223,-9.991019779293785,-9.996515144067846,9.904591853829142e-05,-10.000013917176725,-9.999419641665495,-1.8623805521840573e-05,-9.999733464872607,-9.999919702927825,-1.5739112726793783e-06,-9.999930416848418,-9.999967403763327
1,F3-C3,-0.001516706482825932,-9.993961065468348,-9.997373655054705,-9.035154934997553e-05,-9.999261902038251,-9.999804011334351,3.458854116480755e-05,-10.00028904233167,-9.999943156920022,-1.2784633376151496e-06,-9.999946807991668,-9.9999768518801
1,C3-P3,-0.00018321987585110587,-9.999287555128202,-9.999699799848868,7.047552823474332e-05,-10.000028879764635,-9.999606026595226,-6.22748214926405e-07,-9.999912945029061,-9.99991917251121,-2.0919152881041184e-06,-9.999926020089513,-9.999975180098783
1,P3-O1,-0.0007246949995772519,-9.997216980106675,-9.998847543855724,5.2103658473967917e-05,-10.000017472858993,-9.999704850908149,9.404177027475717e-06,-10.000046167089538,-9.999952125319263,-1.8858186749850622e-06,-9.999929332082106,-9.999973648820967
1,Fp2-F8,-0.0012569027649452726,-9.995157308011061,-9.997985339232187,-3.5023949418579365e-05,-9.99963928359819,-9.999849427294702,-0.00011048564934587561,-9.998549963510229,-9.999654820003688,-3.1796873392945537e-06,-9.99989291926322,-9.999967641915692
1,F8-T4,-0.000331708525746461,-9.997976456142457,-9.998722800325385,-8.953383196910357e-05,-9.998814078994776,-9.999351281986591,-3.672845120083378e-05,-9.999553768387655,-9.999921052899662,-6.680902927512528e-07,-9.999965095602555,-9.999980795724435
1,T4-T6,-9.116249447868164e-05,-9.999486065968114,-9.99969118158069,-0.00010643423774412166,-9.999098833039728,-9.999737438466193,-2.807437949683796e-05,-9.999668529883326,-9.999949273678295,-2.2413833802572097e-06,-9.999915838835268,-9.999968511344704
1,T6-O2,-7.392993219798045e-05,-9.999649499420896,-9.99981584176834,1.4343705225250365e-05,-9.999944962011039,-9.999858899779687,-2.3953226741166157e-06,-9.999904628952967,-9.999928582179708,-9.223249290902523e-07,-9.999961808920022,-9.999983483555855
1,Fp1-F7,-0.00041348345480003777,-9.998266587814545,-9.999196925587844,3.7066300098459206e-05,-9.999995102237927,-9.999772704437335,7.212410904193858e-06,-10.000030816743951,-9.999958692634909,-8.705242322840828e-07,-9.99995896971846,-9.999979427037918
1,F7-T3,-2.7453988505556292e-05,-9.9994747553507,-9.999536526824837,-3.80590267148951e-05,-9.999713006909454,-9.999941361069743,3.992232459282754e-06,-10.000012982183137,-9.999973059858544,-1.124825657493819e-06,-9.999957004701015,-9.999983438103966
1,T3-T5,-0.0004102468302633472,-9.998301317304199,-9.999224372672291,-1.2001509506916483e-05,-9.999872121443099,-9.99994413050014,8.132159369227441e-06,-10.00006387674006,-9.999982555146367,-1.1482027755633507e-06,-9.999934225443594,-9.99996120820882
1,T5-O1,-0.00023746420523177803,-9.999134466679509,-9.999668761141281,8.296595323869352e-05,-10.000214037721532,-9.9997162420021,1.3258884678064159e-06,-9.999944255384081,-9.999930996499403,-5.833866448260385e-07,-9.999959818018867,-9.99997352760502
1,Fz-Cz,0.019099458943182004,-10.009676132656987,-9.966702350034828,-0.002387221250750675,-9.966463761694783,-9.980787089199287,-0.000921315919781182,-9.987692565396788,-9.9969057245946,-1.3593809243116787e-05,-9.999537797988319,-9.999857252505532
1,Cz-Pz,0.023771699110832788,-10.01763125036045,-9.964144927361076,-0.002424250645514218,-9.965002365391673,-9.979547869264758,-0.0013590566988115687,-9.981955188231318,-9.995545755219434,-7.006872846067243e-06,-9.99971896368012,-9.999883625192004
1,Fp2-F4,-0.0022921032180303457,-9.98643609292431,-9.991593325164878,-0.0009202834166263761,-9.991780683659774,-9.997302384159532,-0.00036545376143469347,-9.995077594183016,-9.998732131797363,-8.30264825642611e-06,-9.99974639307306,-9.999941505307087
1,F4-C4,-0.004769985949695573,-9.964121088019704,-9.974853556406519,-0.002792892070787317,-9.9695785103116,-9.986335862736324,-0.00024584089163512017,-9.995723536981814,-9.998181945898164,-1.5767423058092285e-05,-9.999511950242754,-9.999882484684619
1,C4-P4,-0.0019990597672035404,-9.990115034492009,-9.994612918968217,1.0254024030951097e-07,-9.998418871037755,-9.998418255796313,-0.000311166953477117,-9.996015053935793,-9.999126723470564,-1.2822886802295392e-05,-9.999623087596405,-9.999924425436259
1,P4-O2,-0.0007038316555052612,-9.997232876633255,-9.998816497858142,-0.00036039824509299077,-9.996324355855018,-9.998486745325575,-1.7324566586963197e-05,-9.99974823730327,-9.99992148296914,-3.6522514208625274e-06,-9.999879261883098,-9.99996508979149
1,Fp1-F3,-0.00038559508055613167,-9.99816974004758,-9.999037328978831,6.622854178756505e-05,-10.000276245726564,-9.999878874475838,-2.3941873641434905e-05,-9.999686856176936,-9.999926274913351,-4.439410383262554e-07,-9.999956002073818,-9.999966434688218
1,F3-C3,-0.0013759738939426586,-9.989479116007967,-9.992575057269338,-0.0004486433254442101,-9.9963329519358,-9.999024811888466,-1.2627358149833145e-06,-9.999831724368713,-9.999844351726862,-6.476096804591305e-08,-9.999978514207731,-9.99998003609048
1,C3-P3,-0.0007140192850782752,-9.99695555706842,-9.998562100459846,-4.598318684148274e-05,-9.999175734256184,-9.999451633377232,-3.562075587521639e-05,-9.999537161676278,-9.99989336923503,-1.7724749864356831e-06,-9.999939088892315,-9.999980742054497
1,P3-O1,-0.0008493622341573937,-9.996571705830645,-9.9984827708575,9.375753096943287e-05,-10.000207700605909,-9.999645155420092,-1.6240804656473956e-05,-9.999770399769739,-9.999932807816304,4.512088619741308e-07,-9.999997255802711,-9.999986652394455
1,Fp2-F8,-0.004687678561056999,-9.9684084975476,-9.978955774309979,-0.0021794185972034428,-9.980861732782603,-9.993938244365824,-0.0008873746890084263,-9.9874572437872,-9.996330990677283,-5.520563349770649e-05,-9.998379635183822,-9.999676967571018
1,F8-T4,-0.006303985564981399,-9.95714004560435,-9.971324013125558,-0.0016271416196703167,-9.982467072163201,-9.992229921881224,-0.0008741854565972612,-9.986702067829691,-9.995443922395664,-5.835806533736923e-05,-9.998315840764318,-9.999687255299747
1,T4-T6,0.0008121536100466262,-9.999569665403211,-9.997742319780606,-0.0004104317510606918,-9.99577903456531,-9.998241625071673,-0.00020355727828761283,-9.997220680606617,-9.999256253389493,-7.129218459000121e-06,-9.999776224192722,-9.999943760826508
1,T6-O2,3.16411412304646e-05,-9.999450517432773,-9.999379324865005,-7.81828223908751e-05,-9.998876644144119,-9.999345741078464,-9.10603651387453e-06,-9.999863271776483,-9.999954332141622,-8.019696051477224e-07,-9.999964138946748,-9.999982985232469
1,Fp1-F7,-0.00040062394284905807,-9.998372204941875,-9.999273608813285,-3.2431172721704975e-06,-9.99988558753523,-9.999905046238863,-1.0645801589253887e-05,-9.999864321455398,-9.99997077947129,-1.2197216039610696e-07,-9.999971060558899,-9.999973926904667
1,F7-T3,-0.00011740007940644533,-9.999309382168475,-9.999573532347139,-1.3862978060301152e-05,-9.999791003164338,-9.9998741810327,2.7844793633203487e-05,-10.000199774291424,-9.999921326355093,-1.8618690598983665e-06,-9.999937689960609,-9.999981443883517
1,T3-T5,0.00021010041974219904,-9.999567631283501,-9.999094905339081,2.376550933581643e-05,-9.999907275807233,-9.999764682751218,-4.619084077672136e-06,-9.999906787581628,-9.999952978422405,-4.0699226838391365e-07,-9.999967578107144,-9.99997714242545
1,T5-O1,-0.0003591253050272137,-9.99864084087651,-9.99944887281282,9.600292994449509e-05,-10.000411298944238,-9.999835281364572,-8.970373477914787e-06,-9.999875759115273,-9.999965462850053,5.652638588155257e-07,-9.999993669098828,-9.999980385398146
1,Fz-Cz,-0.005944265329991665,-9.896464195193078,-9.909838792185559,-0.0036210090356155584,-9.9630253648132,-9.984751419026894,-0.0008131270600685557,-9.988957342353284,-9.99708861295397,-2.2566365680041634e-05,-9.999139704105406,-9.999670013698887
1,Cz-Pz,-0.004156535541630373,-9.936263319202366,-9.945615524171034,-0.0005719075497934639,-9.98917787137848,-9.99260931667724,-0.0005311967864052283,-9.99313153619659,-9.998443504060642,-2.8505270669733645e-05,-9.998883744982402,-9.99955361884314
1,Fp2-F4,-0.000622373575717501,-9.997089005354,-9.998489345899365,0.00012979042203867624,-10.000276135433564,-9.999497392901333,-0.00011301919332064294,-9.998679146648035,-9.999809338581242,-2.330964930992876e-06,-9.999917571559035,-9.999972349234913
1,F4-C4,-0.0016203305924238894,-9.989426095397286,-9.99307183923024,-5.6223094051489395e-05,-9.99913547854654,-9.99947281711085,2.016309658895574e-05,-9.999739095195855,-9.999537464229965,-9.443708417028304e-06,-9.99970972535593,-9.99993165250373
1,C4-P4,0.00020624055519841215,-9.999998864165898,-9.9995348229167,0.00014691633540526075,-10.00051470180537,-9.99963320379294,-5.133244284294311e-05,-9.999297530619591,-9.99981085504802,-2.3343243327184614e-06,-9.999921725359027,-9.999976581980846
1,P4-O2,-0.0013317369236196272,-9.99459519839731,-9.997591606475453,0.0002129611022746338,-9.999402683864343,-9.998124917250696,-3.964159096635314e-05,-9.999284979581955,-9.999681395491619,-4.954294535027304e-06,-9.9998419110754,-9.999958336996974
1,Fp1-F3,0.00022968598688103865,-9.999133720749413,-9.998616927278931,2.1269733180914275e-05,-9.999959406188935,-9.99983178778985,-1.3458495695632602e-06,-9.99990038747305,-9.999913845968745,-3.154840760216105e-08,-9.999959431150344,-9.999960172537923
1,F3-C3,-0.001298289660906284,-9.993530497735213,-9.996451649472252,4.180951846167252e-05,-10.000102181096803,-9.999851323986034,-1.0614634578452443e-05,-9.99978192722291,-9.999888073568695,-3.1550073656984013e-06,-9.999889785758311,-9.999963928431406
1,C3-P3,-0.000626348355927103,-9.99713687393952,-9.998546157740355,-3.5327260786357016e-05,-9.99967862474136,-9.999890588306078,2.0826878671723706e-05,-10.000088392424857,-9.999880123638139,-2.2962089881611244e-06,-9.999916337745596,-9.999970298656818
1,P3-O1,-0.0005446241564381641,-9.99733394860432,-9.998559352956306,3.7840185345623628e-06,-9.999605384052005,-9.999582679940797,-1.2840661737342442e-05,-9.999761575931625,-9.999889982548998,-1.5795035374843952e-06,-9.99994009872414,-9.999977217057271
1,Fp2-F8,-9.88848035422157e-05,-9.998172298150946,-9.998394788958915,7.939650079670332e-05,-10.000142308844538,-9.999665929839757,-3.9097201209590935e-05,-9.999419967813044,-9.999810939825139,-2.1422536514884436e-06,-9.999909173241562,-9.999959516202372
1,F8-T4,-0.0013342684944333447,-9.99404335300298,-9.997045457115455,0.00018736396300162477,-10.00058843211122,-9.99946424833321,-4.070995150099975e-05,-9.999495535721822,-9.999902635236833,-1.6656365687026272e-06,-9.999914827034875,-9.99995396949424
1,T4-T6,0.00014205135147540962,-9.997626295226931,-9.997306679686112,0.00014444776029546872,-10.000563856333363,-9.99969716977159,3.748632025365557e-05,-9.999952394935644,-9.999577531733108,-7.065606289044957e-06,-9.999777056571682,-9.999943098319475
1,T6-O2,-0.0002874154786939715,-9.997358551276626,-9.998005236103689,1.2559552710053818e-05,-9.999427121023126,-9.999351763706866,2.6926412747635907e-05,-10.000061224169709,-9.999791960042232,-5.070423496252315e-06,-9.999828900987767,-9.999948055939928
1,Fp1-F7,0.0003632601325163463,-10.000059837827719,-9.999242502529556,1.4342986982330556e-05,-9.999847581044405,-9.99976152312251,2.8057876918342116e-05,-10.000056987081882,-9.999776408312698,-2.8898857742769526e-06,-9.999862775382155,-9.999930687697852
1,F7-T3,-0.0001554460669431413,-9.997397107191787,-9.99774686084241,0.00019186251843920045,-10.000621047365637,-9.999469872255002,5.604035762534746e-05,-10.000341240641664,-9.99978083706541,-7.5638075436848256e-06,-9.999747995499021,-9.999925744976299
1,T3-T5,6.541010725789099e-06,-9.999790443815508,-9.999775726541374,0.00012090196261285364,-10.000384992645577,-9.9996595808699,9.306838898588385e-05,-10.0004772526534,-9.999546568763542,-1.4220742711313816e-05,-9.999530761875429,-9.999864949329144
1,T5-O1,0.00039713324681890134,-9.999975116499941,-9.9990815666946,2.421354762522244e-05,-9.999497238221865,-9.999351956936113,4.730205100826404e-05,-10.000116022343725,-9.999643001833643,-1.1351906716501975e-05,-9.999627725461146,-9.999894495268983
1,Fz-Cz,-0.01701874137238986,-9.899229605508646,-9.937521773596524,-0.0001718892232827648,-9.995871490183438,-9.996902825523135,-0.0001938894318819148,-9.99769083667297,-9.999629730991789,-3.943390871745773e-06,-9.99984433607407,-9.999937005759556
1,Cz-Pz,-0.007122006391035698,-9.945236660308911,-9.961261174688742,0.00018935806700483447,-9.99851858886669,-9.99738244046466,-0.0002726712636182023,-9.996029642497712,-9.998756355133894,-1.4388852394822236e-05,-9.99950257063084,-9.999840708662118
1,Fp2-F4,-0.0009330887644170663,-9.994894268687986,-9.996993718407925,2.0384337087887568e-05,-9.999840164708251,-9.999717858685724,-0.0001036947744609342,-9.998689432703566,-9.999726380448175,-5.472879998352356e-07,-9.999968521016072,-9.999981382284068
1,F4-C4,1.1072504351130643e-05,-9.996202289219937,-9.996177376085146,7.904277885304692e-05,-9.99966632043503,-9.99919206376191,-7.780022424658452e-05,-9.998881654521595,-9.999659656764061,-1.783957209018953e-06,-9.999936018622385,-9.999977941616796
1,C4-P4,-0.0014848367832314359,-9.99444496931908,-9.99778585208135,-2.783352635995996e-05,-9.999699460483331,-9.99986646164149,-1.0300537668101786e-05,-9.999810668874142,-9.999913674250823,-1.530009846414379e-06,-9.99994466687952,-9.999980622110911
1,P4-O2,-0.0005108981086339117,-9.996438283393264,-9.99758780413769,-5.750997673677278e-05,-9.998955231005823,-9.999300290866243,6.0681162604725695e-06,-10.00001871552024,-9.999958034357634,-1.2003540408576098e-06,-9.999939316192172,-9.999967524512133
1,Fp1-F3,0.00013671382761006138,-9.998892009211911,-9.998584403099787,-3.0391280700679688e-05,-9.999665396476052,-9.999847744160256,-4.8096326236475515e-06,-9.99991406646954,-9.999962162795777,-2.0339383316499016e-06,-9.999917493586091,-9.999965291136885
1,F3-C3,-0.000556969680249575,-9.997206598457753,-9.998459780238315,-4.205809899650765e-05,-9.99958681474003,-9.99983916333401,-4.640343345373482e-06,-9.999931540388017,-9.99997794382147,-1.6102292803806445e-06,-9.999934954473124,-9.999972794861213
1,C3-P3,-0.00044730480429903865,-9.998254520193239,-9.999260956002912,-2.962683194727081e-05,-9.999657795748282,-9.999835556739965,3.107956118055167e-06,-9.99998350812135,-9.999952428560169,-1.700934830532254e-06,-9.999930872055092,-9.99997084402361
1,P3-O1,0.00016861660674226622,-9.999367881549228,-9.998988494184058,1.0503400766889314e-05,-10.00000602400983,-9.999943003605228,3.911877813539514e-05,-10.000153869355156,-9.999762681573802,-5.099417275414577e-08,-9.999990362962595,-9.999991561325656
1,Fp2-F8,-0.0007059544822398257,-9.995690852712897,-9.997279250297938,-4.190839297454519e-05,-9.998971494796736,-9.999222945154584,-1.0914223778527586e-05,-9.999803132682281,-9.999912274920067,-1.9671993886317755e-06,-9.999927921333553,-9.999974150519186
1,F8-T4,-0.00038125688393178786,-9.998282159929472,-9.99913998791832,-3.1764430416870124e-05,-9.999199955458957,-9.999390542041459,-2.575190203805636e-05,-9.999656308262988,-9.999913827283368,-9.578054518546945e-07,-9.999931915362414,-9.999954423790532
1,T4-T6,-4.063265431172148e-05,-9.998684685282097,-9.998776108754297,0.00010664422753157352,-10.00024983501409,-9.999609969648901,-2.917731924718802e-06,-9.999901755602208,-9.999930932921455,-4.0507192975290765e-07,-9.999970815181754,-9.999980334372104
1,T6-O2,-0.0016631902886851495,-9.992481191647366,-9.996223369796908,-9.653498505256256e-05,-9.998593446007796,-9.99917265591811,7.842852557012649e-07,-9.999991911823464,-9.999984068970907,-1.5119498591940671e-06,-9.999935367155711,-9.999970897977402
1,Fp1-F7,1.1673162489326458e-07,-9.999314350318848,-9.999314087672692,1.3792875260060937e-05,-9.999719733250005,-9.999636975998445,3.054622227474038e-05,-10.000144764694573,-9.999839302471825,-2.510375217502879e-06,-9.999904039405479,-9.99996303322309
1,F7-T3,-0.0006402258879810121,-9.996031868038747,-9.997472376286705,0.00021144821377913395,-10.000726159908282,-9.999457470625607,6.33261889906713e-05,-10.000412494952837,-9.999779233062931,-9.964560427783765e-06,-9.999685121308225,-9.999919288478278
1,T3-T5,-0.0002699454341619702,-9.998131107916024,-9.998738485142887,4.795836327255818e-05,-10.000124656512696,-9.99983690633306,6.148980144382139e-05,-10.000386349647028,-9.99977145163259,-6.610072457963322e-06,-9.999775706122147,-9.99993104282491
1,T5-O1,-0.0008467796430678691,-9.996002399340512,-9.997907653537414,0.00011240838365752025,-10.000356094679121,-9.999681644377176,0.00012692528565341066,-10.000832744167104,-9.99956349131057,-7.220667798838607e-06,-9.999772406543775,-9.999942092237047
1,Fz-Cz,-0.0008357446205886223,-9.960838017142477,-9.962718442538801,-0.0029858906799920724,-9.972770975380476,-9.990686319460428,-5.727373872939826e-05,-9.998003785683002,-9.998576523070296,-1.3113721752383192e-05,-9.999559942206728,-9.99986811466791
1,Cz-Pz,-0.0019115747866266207,-9.974009439001824,-9.978310482271734,-0.002546997535773278,-9.977137184735843,-9.992419169950484,-0.0004719589736244827,-9.992929513449782,-9.997649103186028,-1.508295749890594e-05,-9.999469517644062,-9.999823967145286
1,Fp2-F4,-0.0007828226107088002,-9.995178636284876,-9.99693998715897,0.00023919167948512366,-10.000443111842243,-9.999007961765333,-8.725634508658429e-05,-9.998606320421818,-9.999478883872683,-1.6670154328863424e-06,-9.999937213495905,-9.999976388358577
1,F4-C4,-0.002336888932465019,-9.990889312185578,-9.996147312283624,-0.00017657161379119087,-9.998312902919977,-9.999372332602725,-4.096571695719905e-05,-9.999492931334483,-9.999902588504055,-3.5899533380356926e-06,-9.999878552858522,-9.999962916761966
1,C4-P4,0.0009164508501956074,-10.000437697780422,-9.998375683367481,5.573177929717973e-06,-9.999088850581003,-9.999055411513424,-3.982130650978516e-05,-9.999379857626868,-9.999778070691967,-1.893735259722407e-06,-9.999939582798913,-9.999984085577516
1,P4-O2,9.293284529249736e-05,-9.998940381990689,-9.99873128308878,6.907375320796958e-05,-10.000127210109282,-9.999712767590035,-6.831943666269564e-06,-9.999644739678738,-9.9997130591154,-6.538795977574586e-06,-9.999790057622837,-9.99994371932831
1,Fp1-F3,-0.0004935259405981777,-9.997391691329229,-9.998502124695575,1.8668647912822597e-05,-10.000041110573111,-9.999929098685634,4.813427612339064e-05,-10.000351859891255,-9.999870517130022,-4.21014928760388e-06,-9.999852050493008,-9.999950989001267
1,F3-C3,-0.00011227800348455795,-9.998563824467842,-9.998816449975683,-1.096995812251803e-05,-9.999692936427879,-9.999758756176615,3.989935524129335e-05,-10.000138392824187,-9.999739399271775,-2.8548384518590193e-06,-9.999908092018893,-9.999975180722512
1,C3-P3,-0.00019832126768048702,-9.998111544011204,-9.998557766863485,1.9401762740907878e-05,-9.999987974425617,-9.99987156384917,-1.8253557877384458e-06,-9.999869808725228,-9.999888062283105,-1.2804512318982228e-06,-9.9999469182182,-9.99997700882215
1,P3-O1,0.000995029083374143,-9.999939169222124,-9.997700353784532,-0.00012983980245488442,-9.998843798880955,-9.999622837695684,0.00014738245455817272,-10.001147140792881,-9.9996733162473,-5.150945052759599e-07,-9.999975135838381,-9.999987240559255
1,Fp2-F8,-0.0018574846470922782,-9.990540068500001,-9.994719408955959,-5.303893440591159e-05,-9.999364051882475,-9.99968228548891,0.0001064354897538014,-10.000725787555153,-9.999661432657614,-1.563838826105765e-06,-9.999933161184781,-9.999969911397194
1,F8-T4,-0.0009348980410682136,-9.995578803771947,-9.99768232436435,2.36853600861297e-05,-9.999631991347592,-9.999489879187074,-8.730979322943125e-06,-9.999860168375431,-9.99994747816866,-3.1951087971084966e-06,-9.999887742958924,-9.999962828015656
1,T4-T6,-0.0001655056055385135,-9.999028546977378,-9.99940093458984,1.0437876626542226e-05,-10.000014482695482,-9.999951855435723,4.344619008588864e-05,-10.000283303520426,-9.999848841619567,-6.836133055551046e-06,-9.999779293576005,-9.99993994270281
1,T6-O2,-0.0008320855627740782,-9.996728268005977,-9.99860046052222,-2.8064602873489612e-05,-9.999761790601404,-9.999930178218646,4.5571050343224436e-05,-10.000054006194658,-9.999598295691225,-7.90607076753121e-06,-9.999752398584313,-9.99993819124735
1,Fp1-F7,-0.0005552259864658857,-9.998029828289203,-9.99927908675875,6.659080719343254e-05,-10.000250191042635,-9.999850646199475,6.397448729879773e-05,-10.000340031916908,-9.99970028704392,-9.853702326707129e-06,-9.999697052697384,-9.99992861470206
1,F7-T3,9.332303658858248e-05,-10.000107142633013,-9.999897165800688,3.313311762453266e-05,-9.999923859339395,-9.999725060633647,0.00022592520639029274,-10.00179209589181,-9.999532843827907,-1.618869060017589e-05,-9.999495995739785,-9.99987642996889
1,T3-T5,0.00019258222587140256,-10.000202369710964,-9.999769059702754,9.129607047525828e-05,-10.000236652456344,-9.999688876033492,6.980468523814598e-05,-10.000479276714248,-9.999781229861867,-4.269129391061478e-06,-9.99983325320921,-9.9999335777499
1,T5-O1,-8.696710192304082e-06,-9.998187160487605,-9.998206728085538,3.819331480867755e-05,-10.000011374967881,-9.99978221507903,0.00030587663300802334,-10.00239897650322,-9.999340210173141,-1.0967700467014245e-05,-9.999665005131513,-9.999922746092489
1,Fz-Cz,0.012826400323802084,-10.01217293017303,-9.983313529444475,0.0005109450487663132,-9.99815929365876,-9.995093623366163,5.151402999899873e-05,-9.999602447241674,-9.999087306941684,-4.039069465419559e-05,-9.99858350068229,-9.999532682006663
1,Cz-Pz,0.011532509455596893,-10.004175075233565,-9.978226928958472,0.000481297517145731,-9.99958363854313,-9.996695853440256,0.00013882870050907156,-10.000915108854318,-9.999526821849228,-2.9133681588835502e-05,-9.9989215951595,-9.999606236676838
1,Fp2-F4,-0.006713444754045935,-9.973730081757301,-9.988835332453904,-0.000357524791374034,-9.996765588106038,-9.998910736854283,-6.5531294419565505e-06,-9.99990745729196,-9.999972988586379,-2.2895081176994522e-06,-9.999918550313543,-9.999972353754309
1,F4-C4,-0.015447739526223303,-9.944336490692653,-9.979093904626655,0.0010209830231187227,-10.002106540388224,-9.995980642249512,-0.00020500631444665866,-9.997604047045108,-9.999654110189574,-3.712627702127171e-06,-9.999869292782943,-9.999956539533944
1,C4-P4,-0.007242695396972631,-9.964683066553052,-9.980979131196241,-0.000999998823391356,-9.99111536730884,-9.997115360249188,-0.00010083077132525888,-9.99867295877202,-9.999681266485272,-5.90467186393904e-06,-9.999812807255312,-9.999951567044114
1,P4-O2,-0.0035415881559345084,-9.981534571876242,-9.989503145227095,-0.0006462766094356984,-9.994116300703947,-9.997993960360562,-8.71835632858831e-06,-9.999869007771919,-9.999956191335205,-1.1212274586039597e-06,-9.99995658975444,-9.999982938599718
1,Fp1-F3,0.00012200354348239551,-9.998543075721816,-9.998268567748982,5.108805271941739e-05,-10.000050093616629,-9.999743565300312,-2.629887690878301e-06,-9.999949461089907,-9.999975759966816,-2.522139615805768e-06,-9.999893732220668,-9.99995300250164
1,F3-C3,-0.003408332561002987,-9.987460765535618,-9.995129513797874,-0.0002371834346981522,-9.998077477905293,-9.999500578513482,9.171043821234003e-06,-10.00003597974108,-9.999944269302867,-3.117287466918667e-07,-9.999980301183104,-9.999987626808652
1,C3-P3,-0.0016777991724591268,-9.993798323754177,-9.99757337189221,-0.00011433148597559905,-9.999069323459768,-9.99975531237562,-4.490920272546905e-05,-9.999435715420157,-9.999884807447412,-4.969201792469959e-07,-9.999965394231731,-9.999977071855943
1,P3-O1,0.0004996321130565395,-10.000209679386176,-9.999085507131799,3.353040310995301e-05,-9.999915116562391,-9.999713934143731,1.1220693911340351e-05,-10.000018248591793,-9.99990604165268,-2.1896429177884173e-06,-9.99991750253551,-9.999968959144079
1,Fp2-F8,-0.009002494176844688,-9.964327015787271,-9.984582627685171,-0.0011985693809967583,-9.990484844377661,-9.997676260663642,4.690787254247794e-05,-10.000144897814602,-9.999675819089177,-8.119928711821682e-07,-9.999961405829126,-9.999980487661599
1,F8-T4,-0.009209830271960899,-9.956721922237243,-9.977444040349155,0.00011685688694252273,-9.99880305558694,-9.998101914265284,-3.127899545932801e-05,-9.999616289047728,-9.999929079002321,-3.3770834965447257e-06,-9.99985529878019,-9.999934660242358
1,T4-T6,-0.003736339240151184,-9.985645777100284,-9.994052540390625,-0.0010905865088999657,-9.989815576759204,-9.996359095812604,-1.4449260710617112e-05,-9.999690179120233,-9.999834671727339,-1.5020417148207524e-06,-9.999939678712593,-9.999974976692892
1,T6-O2,0.00040451391143592105,-9.999568785485602,-9.99865862918487,-8.98449280868587e-05,-9.999202744330592,-9.999741813899114,1.244386530447459e-07,-9.999947153336363,-9.999945908949833,-1.75626455052126e-06,-9.999933716695264,-9.9999749889122
1,Fp1-F7,0.00016333363103652497,-9.999919273556522,-9.99955177288669,4.533268330025952e-05,-10.000074150042371,-9.99980215394257,1.2221074874034863e-05,-10.000057764828513,-9.999935554079773,-1.7619567340619043e-06,-9.999917202867968,-9.999958608851218
1,F7-T3,0.000332595769433319,-10.000050512746997,-9.999302172265772,-4.272086817340855e-05,-9.999535558612422,-9.999791883821462,0.00011275897554786412,-10.000725035139142,-9.999597445383664,-3.961638736789535e-06,-9.999866553912131,-9.999959652422445
1,T3-T5,-0.000682198146791428,-9.997230696691933,-9.998765642522214,3.366265836134169e-05,-9.999978628803149,-9.999776652852981,4.2742845391486746e-05,-10.000255305364323,-9.999827876910409,-3.0783914381668076e-06,-9.999875195821277,-9.999947538020074
1,T5-O1,3.282003774286385e-05,-9.999092281765323,-9.999018436680402,4.504753424240645e-05,-10.000052670746214,-9.99978238554076,0.00012270642316167705,-10.00089752714139,-9.999670462909773,-6.548390803457786e-06,-9.999773047807071,-9.999926934990953
1,Fz-Cz,-0.04334136395946395,-9.830332205088855,-9.927850273997649,-0.0028039505308876857,-9.975592244863314,-9.99241594804864,7.615996350183133e-05,-10.000159050064333,-9.999397450429315,-1.9613134387820073e-05,-9.999333053734038,-9.999793962392152
1,Cz-Pz,-0.028238135025366026,-9.890667666982912,-9.954203470789986,-0.001900097695557095,-9.983199132636447,-9.99459971880979,2.370043361087413e-05,-10.000027819863242,-9.999790815527133,-1.2323713866317833e-05,-9.999529094151537,-9.999818701427396
1,Fp2-F4,-0.002367513669050106,-9.989288658202453,-9.994615563957815,-0.00014657180416756404,-9.99871499329462,-9.999594424119625,-6.478604668001046e-05,-9.999239300068535,-9.999887160535335,-1.0457429433012714e-06,-9.999960806203285,-9.999985381162453
1,F4-C4,-0.0012794265127802208,-9.99421343964717,-9.997092149300926,-5.712532625548443e-06,-9.99979060659023,-9.999824881785983,-1.1862973319759494e-06,-9.999868315336078,-9.999880178309398,-9.690871482202206e-06,-9.999711627291083,-9.999939362770915
1,C4-P4,-0.002673224066508411,-9.989582551843503,-9.995597305993147,-0.0005734422148927696,-9.995095049174648,-9.998535702464004,-0.00014546574478513816,-9.998273477664483,-9.999728135112335,-2.3550791883789405e-06,-9.999919428786406,-9.999974773147333
1,P4-O2,3.816957079267171e-05,-9.999583014605221,-9.999497133070937,-9.675977110269224e-05,-9.999191719268795,-9.999772277895412,-5.631579840489887e-07,-9.999980895952337,-9.999986527532178,-5.3545652612830086e-06,-9.999824618367375,-9.999950450651015
1,Fp1-F3,-0.0003972490752698097,-9.998232817070386,-9.999126627489744,-3.930393491337836e-05,-9.999608480844092,-9.999844304453573,-2.8850952637229026e-05,-9.999641754379986,-9.999930263906359,-9.007072926689928e-07,-9.999960554956111,-9.99998172157749
1,F3-C3,-0.0011365011613160057,-9.995309990041694,-9.997867117654655,-6.154673182536314e-05,-9.99951573928813,-9.999885019679082,1.6781309696383824e-05,-10.000129543361414,-9.99996173026445,-4.435050743459109e-07,-9.999968197845899,-9.999978620215145
1,C3-P3,-0.0013477708007477792,-9.994894448707168,-9.99792693300885,-7.00559761855175e-05,-9.999381783949378,-9.99980211980649,-1.5504638114177298e-05,-9.999667775673315,-9.999822822054456,-7.609492645589353e-07,-9.999968034147434,-9.99998591645515
1,P3-O1,-0.00010331959919691214,-9.99921094706512,-9.999443416163313,-4.5412269572066605e-05,-9.999416707186628,-9.99968918080406,1.1972146320327962e-07,-9.999967258471141,-9.99996606125651,-1.1446262398135586e-08,-9.999986220429896,-9.999986489417063
1,Fp2-F8,-0.0035478096117017035,-9.983308650989759,-9.991291222616088,-0.00015760801241389166,-9.998806849997877,-9.99975249807236,-4.824752192176552e-05,-9.999429315594373,-9.999911790813591,-6.735841883786513e-07,-9.999969659040039,-9.999985488268466
1,F8-T4,-0.00635669579481075,-9.973628562479393,-9.987931128017717,-0.0002425360298298756,-9.997659026246582,-9.999114242425561,-0.00010039420835974913,-9.998841665832831,-9.999845607916429,-7.053833089679346e-06,-9.999769448946536,-9.999935214024143
1,T4-T6,-0.0007310792761661697,-9.99660586622747,-9.998250794598844,5.5981848590887e-05,-10.000076705311907,-9.999740814220361,-5.1965444130011e-05,-9.999346789958578,-9.999866444399878,-1.8870511731372152e-06,-9.999930592891609,-9.999974938594177
1,T6-O2,-0.0007559213633950843,-9.996911067468181,-9.99861189053582,-3.092183027865041e-05,-9.999712288056669,-9.99989781903834,3.0556717250623345e-06,-10.000016576512811,-9.99998601979556,-1.173540467919609e-06,-9.999951111695044,-9.99997868989604
1,Fp1-F7,-0.0006733777346617013,-9.997245713358815,-9.998760813261804,-4.218938974646019e-05,-9.999627247590402,-9.99988038392888,-1.2856972595550718e-05,-9.999769202048212,-9.999897771774167,-6.940843651475835e-07,-9.999956061765781,-9.999972372748362
1,F7-T3,-0.00014209779890667724,-9.999187975145828,-9.999507695193369,-5.6344177542288755e-06,-9.99987911317821,-9.999912919684736,-2.9566704967272073e-05,-9.999632346135495,-9.999928013185167,-1.7317778858903235e-06,-9.99994199938821,-9.999982696168528
1,T3-T5,-0.00042904986500354484,-9.998148304448447,-9.999113666644705,-5.7533393239563037e-05,-9.99939614784072,-9.999741348200157,-3.7280321805464103e-06,-9.999914750194439,-9.999952030516244,-1.5013992139555446e-06,-9.999935018402418,-9.999970301283946
1,T5-O1,-0.0006110007558692315,-9.99751262036007,-9.998887372060775,-2.446136904844878e-05,-9.999723499146395,-9.999870267360686,-6.992164491294053e-06,-9.999883385082194,-9.999953306727107,-7.320391457482319e-08,-9.999980211188355,-9.999981931480347
1,Fz-Cz,-0.003051896373071968,-9.957623388041515,-9.964490154880927,-0.00022654479434399747,-9.995142635942736,-9.9965019047088,-0.00015960756858321708,-9.997951542020349,-9.999547617706181,-7.715142104884092e-06,-9.9997647543921,-9.999946060231565
1,Cz-Pz,0.00513460042812763,-9.98505370612774,-9.973500855164453,-0.0006341725134513372,-9.992781349507506,-9.996586384588214,-0.000335773219545766,-9.99598419243522,-9.999341924630677,-7.621690737291732e-06,-9.99975284568356,-9.999931955415885
1,Fp2-F4,-0.0005446170415307458,-9.997462473946502,-9.998687862289946,0.00017504864762359488,-10.000428195708254,-9.999377903822513,1.3330409738326102e-05,-10.00009372049659,-9.999960416399206,-7.908619389765537e-07,-9.999967604154614,-9.99998618941018
1,F4-C4,-0.002811272160001629,-9.987782707185293,-9.994108069545296,-0.00015187469086641448,-9.99863779134486,-9.99954903949006,-3.8376907498686136e-05,-9.999523577699476,-9.999907346774462,-5.205915092164735e-07,-9.999970900323467,-9.999983134223934
1,C4-P4,-2.86123809871984e-05,-9.995200687261494,-9.995265065118716,0.0001658269466584183,-10.000432837833142,-9.999437876153191,8.94196838294932e-06,-10.000018776453388,-9.999929356769558,-1.929944746838541e-06,-9.999935818196477,-9.999981171898026
1,P4-O2,-0.0013348597093177077,-9.994177496341328,-9.997180930687293,-4.5957774020136275e-05,-9.99960072012182,-9.999876466765942,-1.794795020973785e-05,-9.999784813961005,-9.999964293463103,-7.487965832188266e-07,-9.999950543954238,-9.999968140673944
1,Fp1-F3,-0.00036233882555596715,-9.99838796040194,-9.99920322275944,-2.6485933335476754e-05,-9.999721305237152,-9.999880220837165,6.345544573906527e-06,-10.000025581740474,-9.999962126294735,-1.591311629988821e-06,-9.999933224126346,-9.999970619949652
1,F3-C3,-0.0004506831011934471,-9.998185341391947,-9.999199378369632,2.8155332071957835e-06,-9.999987849500341,-9.999970956301098,2.2303976775018277e-05,-10.000051372685322,-9.999828332917572,-4.578094436338385e-07,-9.999974318958952,-9.999985077480877
1,C3-P3,-0.001003822035227912,-9.996203972970475,-9.998462572549737,-2.5356454553233306e-05,-9.999771580049122,-9.999923718776442,3.199607669444279e-05,-10.000190538133108,-9.999870577366163,-1.4664735034076456e-06,-9.999949859416942,-9.999984321544272
1,P3-O1,-0.00016547654447596931,-9.998180922627048,-9.998553244852118,-5.099416210401309e-05,-9.999581486390197,-9.99988745136282,-3.180569951662194e-07,-9.999948705207434,-9.999951885777385,-1.7949016099328371e-06,-9.999926577373383,-9.999968757561216
1,Fp2-F8,-0.000538339404528668,-9.997046126887629,-9.998257390547819,-9.252181938611583e-05,-9.998986910512494,-9.99954204142881,-8.0524811575028e-06,-9.999898934045225,-9.9999794588568,-1.0048931923607085e-06,-9.999960624311178,-9.999984239301199
1,F8-T4,-0.0009661152518672183,-9.995354217838575,-9.997527977155276,-8.412061096400017e-06,-9.99955951387585,-9.999609986242428,-1.5149645080135578e-05,-9.999796807127487,-9.999948303578288,-8.728381365897275e-07,-9.999948144261559,-9.999968655957769
1,T4-T6,9.107021695768886e-05,-9.99973498828313,-9.999530080294976,-5.582466179982766e-07,-9.999931402159655,-9.999934751639364,-4.576812683606804e-06,-9.999892552313087,-9.999938320439924,1.2965741975026414e-07,-9.999976508360675,-9.99997346141131
1,T6-O2,-0.0007145652297639582,-9.997203634904722,-9.99881140667169,-1.7665165640062976e-06,-9.999843695978056,-9.99985429507744,-2.8361365268064556e-05,-9.999654531402548,-9.999938145055228,-1.304520657751706e-06,-9.999948270669263,-9.99997892690472
1,Fp1-F7,-9.45799111005973e-06,-9.999917273759806,-9.999938554239803,6.938863300955286e-06,-9.999906627076093,-9.999864993896288,-1.706343521361033e-06,-9.999952494271529,-9.999969557706743,-1.608797466309122e-06,-9.999939748848947,-9.999977555589405
1,F7-T3,-5.303668638625174e-05,-9.999559644512779,-9.999678977057147,-2.9226675083610064e-05,-9.999776936830548,-9.99995229688105,-4.1914847089515835e-06,-9.999950912046012,-9.999992826893102,-1.148094692478498e-06,-9.999957656970908,-9.999984637196182
1,T3-T5,-0.00043748726518752024,-9.997447419952973,-9.998431766299644,-8.961936322860714e-06,-9.999918819254843,-9.99997259087278,-4.496215043321826e-06,-9.999939076723102,-9.999984038873535,-2.767240430091219e-07,-9.999970996287558,-9.999977499302569
1,T5-O1,-0.0002990950642400388,-9.998938581838749,-9.99961154573329,-1.2234985993435927e-05,-9.999886478300018,-9.99995988821598,1.175941087879322e-05,-10.000073823290494,-9.999956229181706,-1.0918293064534664e-06,-9.999936833229565,-9.999962491218266
1,Fz-Cz,-0.011152588018713933,-9.934680923094552,-9.959774246136659,-0.0007953353562049935,-9.991922543311556,-9.996694555448787,5.216050590897527e-05,-10.00037506137422,-9.99985345631513,-2.1195321793835303e-06,-9.999918341416173,-9.999968150422388
1,Cz-Pz,-0.006430892551154471,-9.9400850062949,-9.954554514534998,-0.000817668955258862,-9.991755752131422,-9.996661765862974,-1.3378331835810593e-05,-9.999434288411859,-9.999568071730216,-1.1416267293449319e-05,-9.99962354636612,-9.999891828647517
1,Fp2-F4,-0.004559274726785331,-9.981975221672299,-9.992233589807565,-5.95801162986132e-05,-9.998952794247934,-9.999310274945726,-2.2936499028047613e-05,-9.999727727571337,-9.999957092561617,-1.1543079029469678e-06,-9.999957196045836,-9.999984322281556
1,F4-C4,-0.011816675087640194,-9.941238447883565,-9.967825966830755,-0.00020826273217008738,-9.997741617210554,-9.998991193603574,2.7353117075974866e-06,-9.999885442422611,-9.999858089305535,-1.4002478339856674e-06,-9.999947905253332,-9.999980811077432
1,C4-P4,-0.016475799452678092,-9.923447868686914,-9.96051841745544,-0.0006351004992193276,-9.99428374511037,-9.998094348105685,-6.582253833725152e-05,-9.999249358732323,-9.999907584115695,-2.1527236004229826e-06,-9.999921675264947,-9.999972264269557
1,P4-O2,-0.0023811304713094268,-9.990461696967836,-9.995819240528283,-0.00012517636235666665,-9.999009573792286,-9.999760631966426,1.1911156694996181e-05,-10.000066281078324,-9.999947169511374,-8.913524978783678e-07,-9.999950096154668,-9.999971042938368
1,Fp1-F3,-0.0007333962026222201,-9.996802577905097,-9.998452719360996,-2.6134402298323548e-05,-9.999741727436428,-9.999898533850217,-3.388695913555769e-06,-9.99992293052192,-9.999956817481056,-2.178856847091789e-06,-9.999908996302972,-9.99996019943888
1,F3-C3,-0.0008797026508536213,-9.99650736051268,-9.998486691477101,7.91904388467907e-06,-9.999908625577945,-9.999861111314637,6.456977201625863e-06,-10.0000172937523,-9.999952723980284,1.5538163258842238e-07,-9.999991010082507,-9.999987358614142
1,C3-P3,-0.00017201016232750387,-9.998506621182084,-9.998893644047321,-1.2631969699419302e-06,-9.999967755264452,-9.99997533444627,-1.685216231873597e-06,-9.999927462570653,-9.999944314732971,-7.917426374326759e-07,-9.999968093468773,-9.999986699420752
1,P3-O1,-0.001179301823348829,-9.995650201230127,-9.998303630332662,1.5094213065674716e-05,-10.00003125205957,-9.999940686781175,-5.235930209099048e-06,-9.999925888631122,-9.999978247933212,3.774809343896482e-07,-9.999998563865056,-9.999989693063098
1,Fp2-F8,-0.013741533280637005,-9.946724317310412,-9.977642767191846,-0.00021790884452032816,-9.997413374319883,-9.998720827387006,-1.4085459460805328e-05,-9.999801331223713,-9.999942185818322,-1.981820715253722e-06,-9.999930726629719,-9.999977299416528
1,F8-T4,-0.027419521608544568,-9.900281212613734,-9.96197513623296,-0.00025604802963320224,-9.997681337824472,-9.999217626002272,-6.693503893347e-05,-9.999118602899246,-9.999787953288582,-5.4809390704007634e-06,-9.999812010941804,-9.999940813009959
1,T4-T6,-0.019345162980477528,-9.93096961247813,-9.974496229184204,-0.00041144295954119084,-9.996130994847398,-9.998599652604645,-5.543301340494951e-05,-9.999189822867336,-9.999744153001386,-2.6910739751971915e-06,-9.999909480018118,-9.999972720256535
1,T6-O2,-0.0015168566647418024,-9.994287880324112,-9.99770080781978,-9.276132663843666e-06,-9.999872587106902,-9.999928243902884,6.457732753874909e-06,-10.000046219290645,-9.999981641963107,-1.3045828377791598e-06,-9.999945114208657,-9.999975771905344
1,Fp1-F7,-0.0003648076711658696,-9.998649750168548,-9.999470567428672,-5.573203493602925e-06,-9.99992895161451,-9.999962390835472,-1.57547109630831e-06,-9.999965505724322,-9.999981260435286,-2.8385192830995774e-06,-9.999901902393429,-9.999968607596582
1,F7-T3,-0.00028502320763470866,-9.998783772624298,-9.999425074841476,3.0977717869522532e-06,-10.000001956934113,-9.999983370303392,-1.6210864079223138e-07,-9.99997285005252,-9.999974471138929,-4.7261076366349113e-07,-9.9999771795965,-9.999988285949447
1,T3-T5,-0.0007827128210247134,-9.996844392838355,-9.998605496685661,-6.131117723564567e-06,-9.999860264034146,-9.999897050740486,9.122153821627741e-06,-10.000070451663222,-9.999979230125005,-6.873778159703709e-07,-9.99995659436348,-9.999972747742156
1,T5-O1,-0.0027677186144668443,-9.990006365523923,-9.996233732406473,1.5962818857120264e-05,-10.000061439589745,-9.999965662676601,-1.1184570553687017e-05,-9.999859375510306,-9.999971221215842,7.61523964160582e-08,-9.9999850277069,-9.999983238125585
1,Fz-Cz,-0.009206906934229741,-9.954087024293152,-9.97480256489517,-0.0002149223991517641,-9.998248598870108,-9.999538133265018,-0.00012919480278329745,-9.998458904462554,-9.999750852490386,-2.3592339418954197e-06,-9.999917627345662,-9.999973069343296
1,Cz-Pz,-0.009244520191567452,-9.951759323490888,-9.972559493921915,-0.00019575001557932357,-9.99816268015388,-9.999337180247357,-0.0001357207398287957,-9.998375302100486,-9.999732509498774,-2.7105477337341323e-06,-9.99989927976001,-9.999962977631753
1,Fp2-F4,0.00011883990326417204,-9.99967955769982,-9.999412167917475,5.730778280675161e-05,-10.000098560923616,-9.999754714226777,4.051604790008518e-06,-9.999981752401771,-9.999941236353871,-1.4712147104099796e-06,-9.999952193634268,-9.999986767179962
1,F4-C4,-0.004756457142909972,-9.979369503644332,-9.990071532215879,5.759174479862862e-05,-9.999835816421307,-9.999490265952515,-5.3500279194644406e-05,-9.999366230990137,-9.999901233782085,-1.1754027797531256e-06,-9.999954080223207,-9.999981702188531
1,C4-P4,0.0009281499573243542,-9.998352973068878,-9.996264635664899,6.7035802218265515e-06,-9.998954737457877,-9.998914515976546,-0.0001445065791458433,-9.998217493891067,-9.999662559682525,-5.724307415287738e-06,-9.999828610037058,-9.999963131261318
1,P4-O2,-0.0010963297460323323,-9.995970615179743,-9.998437357108315,-1.778882673768372e-05,-9.999854154033075,-9.9999608869935,-2.611942585565682e-05,-9.999623245481402,-9.999884439739958,-2.6893975021587336e-06,-9.999892804096726,-9.999956004938026
1,Fp1-F3,-0.0011768408258192229,-9.995379234713067,-9.99802712657116,-3.5480309894156304e-06,-9.999869461379648,-9.999890749565584,-7.350560850762289e-06,-9.999886265420617,-9.999959771029125,-3.0039643053390264e-07,-9.999962939471343,-9.999969998787462
1,F3-C3,-0.000546964973487896,-9.99745689756883,-9.998687568759177,-9.591600707422932e-06,-9.999885772875746,-9.999943322479991,9.512196690323291e-06,-10.000058504113355,-9.99996338214645,-8.31654299149508e-07,-9.999954354621911,-9.999973898497942
1,C3-P3,-0.0007649117015905289,-9.996184409214669,-9.997905460543247,5.610553995468284e-06,-10.000015132283009,-9.999981468959037,6.6886354212389915e-06,-9.99995963674665,-9.999892750392439,-5.562406505504416e-07,-9.999973209638,-9.999986281293287
1,P3-O1,-0.00013515908530352614,-9.999424249688216,-9.999728357630149,4.164121506095669e-06,-10.000001292338021,-9.999976307608986,1.5213570322946165e-05,-10.000109409789308,-9.999957274086078,1.8048626542793298e-07,-9.999977209721884,-9.999972968294646
1,Fp2-F8,-0.0003562999369940444,-9.99817647052585,-9.998978145384086,3.3382048283254e-06,-9.999983283874753,-9.999963254645783,-8.567431487583086e-06,-9.999839110735,-9.999924785049876,-2.468260590268598e-06,-9.999914048996406,-9.999972053120278
1,F8-T4,0.0014223699458647617,-9.999614234203628,-9.996413901825433,-0.0004099166899004695,-9.996366888639587,-9.99882638877899,-6.5284561114411e-05,-9.999157879703468,-9.999810725314612,1.0952515047095397e-07,-9.999968616605107,-9.999966042764072
1,T4-T6,-0.0020430660781959277,-9.991085362220652,-9.995682260896592,-0.00018051105104514146,-9.998415714261643,-9.999498780567913,-1.39724752458136e-05,-9.999797703009982,-9.99993742776244,-1.8504451925250469e-06,-9.999937822483552,-9.999981307945577
1,T6-O2,-0.0005148958445303821,-9.997921947545072,-9.999080463195265,-6.504635074605948e-07,-9.999920258303655,-9.9999241610847,-2.4901999836229168e-05,-9.999652115499698,-9.99990113549806,-3.4690661661588617e-06,-9.999880736290788,-9.999962259345692
1,Fp1-F7,-0.00025383707686756307,-9.999106247855387,-9.999677381278339,-5.8050253734560645e-06,-9.999939494376619,-9.99997432452886,6.34813640273627e-06,-10.000044326898434,-9.999980845534408,-6.213062311370429e-07,-9.99995675430814,-9.999971355004572
1,F7-T3,-9.022490096876518e-05,-9.99942277885635,-9.999625784883529,-3.6899931142255e-05,-9.999679639154003,-9.999901038740857,-8.687235050816662e-06,-9.999892805549418,-9.999979677899926,-1.1484078902625433e-06,-9.999954689412302,-9.999981676997724
1,T3-T5,-0.00011011745624367328,-9.999599072792106,-9.999846837068654,-1.7687433324835593e-05,-9.999849407403701,-9.99995553200365,2.8895091823096288e-06,-10.000020997281025,-9.999992102189202,1.1171384451181789e-08,-9.999976414545024,-9.99997615201749
1,T5-O1,-0.00023996738195961398,-9.998889664091195,-9.999429590700604,1.4391771968758084e-05,-9.999981035730322,-9.999894685098509,1.2799931773391912e-05,-10.000092585053311,-9.999964585735578,-1.7876277126569405e-06,-9.999922565573101,-9.999964574824348
1,Fz-Cz,-0.002305489687684841,-9.986273775574555,-9.991461127371846,2.880093435189345e-05,-9.999130221265608,-9.998957415659497,-7.196894743343468e-06,-9.999866222916156,-9.999938191863588,-3.0343008202133417e-06,-9.999898129130507,-9.999969435199782
1,Cz-Pz,-0.00038275199945402645,-9.99402496598362,-9.99488615798239,-8.264280630346278e-05,-9.998701028880596,-9.999196885718417,-4.752083183391694e-05,-9.999211049393196,-9.999686257711534,-2.6671384094255643e-06,-9.999891272101848,-9.99995394985447
1,Fp2-F4,-0.0013019624272202933,-9.995424252339655,-9.9983536678009,-4.450364382053639e-06,-9.999590920541024,-9.999617622727317,-1.1114200909052835e-05,-9.999825143053645,-9.999936285062736,-6.639020718893136e-07,-9.999969090464203,-9.999984692162892
1,F4-C4,-0.002012429690438426,-9.991568557707804,-9.996096524511291,-2.5436060487481687e-05,-9.999694663825682,-9.999847280188607,-3.5558260670712494e-05,-9.999517406167175,-9.999872988773882,-2.717559632004114e-06,-9.999892220143092,-9.999956082794444
1,C4-P4,-0.00019588684316332623,-9.991343027017868,-9.991783772414985,-0.0007628058200755385,-9.9935726303621,-9.998149465282554,7.139274119712276e-07,-9.999979534390825,-9.999972395116705,-8.453835314972389e-07,-9.999970831511856,-9.999990698024845
1,P4-O2,-0.0002994691131759257,-9.998801819988502,-9.999475625493147,-2.7161770808776903e-05,-9.999754588772621,-9.999917559397474,-1.2660056801247471e-05,-9.999781495749597,-9.99990809631761,-6.952783602848798e-08,-9.99997497043979,-9.999976604343937
1,Fp1-F3,-0.00011381084789432335,-9.999509297282954,-9.999765371690716,-1.7302184590910623e-05,-9.999853213099078,-9.999957026206623,4.5187754571771646e-07,-9.999994798811768,-9.999990280036311,-2.80668826199554e-07,-9.999971491490776,-9.999978087208191
1,F3-C3,-0.0015939204559172896,-9.994287947248429,-9.997874268274243,-5.406465898472865e-06,-9.999918033947027,-9.999950472742418,-2.6236692959422137e-06,-9.999959362001501,-9.99998559869446,-9.389936426279365e-07,-9.999961109841461,-9.999983176192062
1,C3-P3,-0.0006133551971461373,-9.997179994275026,-9.998560043468604,-1.614664240872983e-05,-9.999854270455625,-9.999951150310077,-1.785631885877938e-05,-9.999792727253178,-9.999971290441765,-8.975454266332195e-07,-9.999967493960554,-9.99998858627808
1,P3-O1,-0.001194615684329683,-9.995453741462097,-9.998141626751838,-1.380700723624681e-05,-9.99988417673545,-9.999967018778866,4.104712012635949e-06,-10.0000279619973,-9.999986914877175,-1.2475694821672636e-06,-9.999940644847896,-9.999969962730727
1,Fp2-F8,-0.0033003674209778127,-9.987412634178114,-9.994838460875314,-9.603781999998882e-05,-9.998945166037675,-9.999521392957675,-1.2385958961657842e-05,-9.999841482919459,-9.999965342509075,-2.001874290023979e-06,-9.999934854871464,-9.99998189891728
1,F8-T4,-0.0023634234192841256,-9.990870009896991,-9.99618771259038,-0.0001535502245389658,-9.998221544755635,-9.999142846102869,-4.5410801247739036e-05,-9.9994368461301,-9.999890954142577,1.5414189768187902e-07,-9.999985788000899,-9.999982165666303
1,T4-T6,-0.0010431213296158682,-9.995574491889498,-9.997921514881133,-0.00010944222356023624,-9.999157197707685,-9.999813851049046,-9.80212641823245e-06,-9.999849098182795,-9.999947119446977,-3.3033538606900514e-06,-9.999882640582141,-9.999960269397867
1,T6-O2,-0.0008448872864266203,-9.996961681683747,-9.998862678078206,-1.1572177510403955e-06,-9.999951120269502,-9.999958063576008,-3.2780497647272476e-06,-9.99993322131224,-9.999966001809888,4.385512800126205e-07,-9.999997246901138,-9.999986940946059
1,Fp1-F7,-2.0464691415731607e-05,-9.999875504775012,-9.999921550330697,3.3388771555452615e-06,-10.00001341511011,-9.999993381847178,4.295712454893233e-06,-10.000011277576915,-9.999968320452366,-1.4272445980690868e-07,-9.9999772960014,-9.999980650026206
1,F7-T3,-7.774361240024772e-05,-9.99970305172266,-9.99987797485056,-6.297504625559802e-05,-9.999510447920121,-9.999888298197655,3.943739409370566e-06,-10.000028824429501,-9.999989387035408,8.53129900956818e-08,-9.999994629768874,-9.999992624913608
1,T3-T5,-0.000210159072771961,-9.999130363924902,-9.999603221838639,-7.707852750918162e-06,-9.999939432037968,-9.999985679154474,-3.736942602825264e-06,-9.999942352401996,-9.999979721828025,1.1327266148373926e-06,-9.99998960229851,-9.999962983223062
1,T5-O1,-7.3430789688576e-05,-9.999422472728156,-9.999587692004955,-4.400321489408176e-05,-9.999641140830722,-9.999905160120086,-3.050902865641529e-06,-9.99995622671755,-9.999986735746207,-6.294008607173332e-07,-9.999950502994981,-9.999965293915208
1,Fz-Cz,-0.0022920365755463414,-9.983030330973778,-9.988187413268756,0.00023805511920116964,-9.999982421231223,-9.998554090516016,-3.731858129438561e-06,-9.99994490423331,-9.999982222814603,-1.5375699917162483e-06,-9.999941219212534,-9.99997735210734
1,Cz-Pz,-0.003536591884370608,-9.976103338947615,-9.984060670687448,-0.000256685319589876,-9.997409153492491,-9.99894926541003,-7.536917367600525e-07,-9.999849394418971,-9.999856931336339,-5.494458136232455e-06,-9.999819863512645,-9.999948983278847
1,Fp2-F4,-0.0011412842682997507,-9.995329806798225,-9.9978976964019,-0.00019402314910915998,-9.998197200784215,-9.99936133967887,-2.717260386240599e-07,-9.999984290179349,-9.999987007439735,2.45576964827315e-07,-9.999991507116302,-9.99998573605763
1,F4-C4,-0.0006043265969079701,-9.997068090330128,-9.99842782517317,-0.0003214243081857693,-9.996134629939537,-9.998063175788651,2.022554209887158e-05,-10.000126015440788,-9.999923760019799,-1.072984173329549e-06,-9.999954692619712,-9.999979907747784
1,C4-P4,-0.0014089643245463821,-9.99150067581325,-9.994670845543478,-0.00036903739376462156,-9.997107059215093,-9.99932128357768,-3.627995449906684e-06,-9.999919446730885,-9.999955726685384,-1.5135007730674687e-06,-9.999951664283078,-9.999987231551245
1,P4-O2,-0.007101315558309992,-9.972804120193935,-9.988782080200131,-0.00015238811900427932,-9.99876488189507,-9.999679210609097,2.7509613604332116e-06,-10.000005433285814,-9.99997792367221,-5.824577107702761e-07,-9.999963104878287,-9.99997679263449
1,Fp1-F3,-0.00014407892832474825,-9.999024636836701,-9.999348814425431,3.4582933904891416e-06,-9.999927339339937,-9.999906589579593,7.482348818473622e-06,-10.000055133655888,-9.999980310167704,-4.3908537016915146e-07,-9.99995642541505,-9.999966743921249
1,F3-C3,-0.0005721269767147213,-9.997866281885722,-9.99915356758333,-4.5160652290420405e-08,-9.999951531354712,-9.999951802318627,1.8752090353028708e-05,-10.000121417526868,-9.999933896623338,-4.0163803319079253e-07,-9.999967939268485,-9.999977377762265
1,C3-P3,-0.0026854525648429854,-9.98904348702419,-9.995085755295086,3.196705865303717e-07,-9.999929621072502,-9.999927703048982,3.996875909628543e-05,-10.000271094794469,-9.999871407203505,-2.8465023821215503e-07,-9.999977208310364,-9.999983897590962
1,P3-O1,-0.0007875153418124359,-9.997176150092969,-9.998948059612047,-2.431603816285981e-05,-9.99979326473703,-9.999939160966006,-6.912520954544918e-07,-9.99998219483537,-9.999989107356324,-1.2536082333043121e-06,-9.999945910264953,-9.999975370058436
1,Fp2-F8,-0.000637404653353304,-9.99634070020766,-9.997774860677705,-0.00013013631773967432,-9.998786414070794,-9.999567231977233,1.1931608740159363e-07,-9.999987742380354,-9.99998654921948,-5.232354635841465e-07,-9.99997497580054,-9.999987271833936
1,F8-T4,0.00019661335116877377,-9.998954934400043,-9.998512554359912,-9.219550830812609e-06,-9.999671497243416,-9.999726814548401,1.666326614984445e-05,-10.000133475538323,-9.999966842876825,-1.3741171213004151e-06,-9.999929637633862,-9.999961929386213
1,T4-T6,-0.002019382525428144,-9.991289931427803,-9.995833542110017,-1.0041048365454465e-05,-9.999738829374722,-9.999799075664916,4.584216457761746e-06,-10.000032726605813,-9.999986884441235,-3.59587727553094e-06,-9.99988720821955,-9.999971711335524
1,T6-O2,-0.0034459084360956363,-9.986101692589289,-9.993854986570504,-8.250051417085413e-05,-9.999303550447157,-9.999798553532182,-5.58962535077833e-06,-9.999905437832034,-9.999961334085542,-1.0067284026563545e-07,-9.999975940079185,-9.99997830589093
1,Fp1-F7,1.9272403985651163e-05,-9.999670726645599,-9.99962736373663,8.55785806585441e-06,-9.99999343112437,-9.999942083975975,2.1894228826230698e-06,-10.00000099442701,-9.999979100198184,-2.083539826356233e-06,-9.999924451699394,-9.999973414885314
1,F7-T3,-0.00016470803048268044,-9.998993202929944,-9.99936379599853,-3.052105209710573e-05,-9.999765099574859,-9.999948225887442,-4.903018007503068e-07,-9.999989095139128,-9.999993998157136,-6.101906849747277e-07,-9.999975817130903,-9.999990156612
1,T3-T5,-0.00046488093432890307,-9.998323140010795,-9.999369122113036,-1.636634528121907e-05,-9.999854702610882,-9.999952900682569,1.7465435240386618e-06,-10.000007271157344,-9.999989805722103,9.60601407650124e-07,-9.999998721066232,-9.999976146933152
1,T5-O1,-0.00031076462071107113,-9.998619823390728,-9.999319043787327,8.67430825812577e-06,-10.000013282554148,-9.9999612367046,5.098391516658207e-06,-10.000028096862168,-9.999977112947002,-2.5711012134805683e-06,-9.99990138561325,-9.999961806491767
1,Fz-Cz,-0.0022223914017979072,-9.98958073230735,-9.994581112961397,0.00020646227109973007,-10.00016710287959,-9.998928329252992,1.2551880311079948e-06,-10.000004868525284,-9.999992316644974,-8.368947442558059e-07,-9.99995877675872,-9.99997844378521
1,Cz-Pz,0.00022466975682561372,-9.999058925185311,-9.998553418232454,4.8051585324855e-05,-10.000038370622592,-9.999750061110642,2.4536224522211516e-05,-10.000069370513076,-9.999824008267854,-5.510643116345363e-06,-9.99979397297072,-9.999923473083953
0,Fp2-F4,-0.00039964415705888694,-9.997288186951808,-9.99818738630519,-8.301744185218395e-05,-9.999273379999906,-9.999771484651019,5.332453673663812e-07,-9.999980053296845,-9.999974720843172,-4.403945664526412e-08,-9.999990586916251,-9.999991621843483
0,F4-C4,0.0002909617153147347,-9.998776936996297,-9.998122273136838,8.186662464477282e-08,-9.999770106899788,-9.99976961570004,-5.817739505247857e-05,-9.999268999583188,-9.999850773533714,-1.6304117887858281e-06,-9.999945640484682,-9.999983955161719
0,C4-P4,-0.0027275882382639637,-9.98581106126091,-9.991948134797003,-0.0001767989035704807,-9.998311377300622,-9.999372170722046,-3.785167671752877e-05,-9.999537579921615,-9.999916096688791,-6.023457384991251e-07,-9.999978245431034,-9.99999240055589
0,P4-O2,-0.0006942515691068215,-9.997257881738193,-9.998819947768684,-4.121412966736088e-06,-9.999952412707009,-9.999977141184809,-1.232819626421274e-05,-9.99984428832202,-9.999967570284662,-1.990551756451204e-06,-9.999925866170036,-9.999972644136314
0,Fp1-F3,-0.00011021288823581387,-9.999596322676167,-9.999844301674697,-0.00012065139108051395,-9.999037367425993,-9.999761275772476,-1.8445311039538747e-06,-9.999974053078148,-9.999992498389188,-2.7810765753817287e-06,-9.99989544382578,-9.9999607991253
0,F3-C3,-0.0013168470442861263,-9.994493768762887,-9.99745667461253,1.8464664655026615e-05,-10.00001228705408,-9.99990149906615,-2.050047552316771e-05,-9.99972822772669,-9.999933232481922,-1.8944403260289078e-07,-9.999989445817508,-9.999993897752274
0,C3-P3,-0.0018293508862626954,-9.993000340314472,-9.997116379808563,5.663456121009481e-07,-9.99990098229361,-9.999897584219937,-1.1539000538256238e-05,-9.999803748506904,-9.999919138512286,-7.528044230361205e-07,-9.9999700347525,-9.999987725656442
0,P3-O1,-0.00021408015862074478,-9.999125922561184,-9.999607602918081,6.496414491843537e-07,-9.999958819429011,-9.999954921580317,-4.667002980390828e-06,-9.999938651404728,-9.999985321434531,-2.293530225069561e-07,-9.999972826560303,-9.99997821635633
0,Fp2-F8,-0.0010101415590091489,-9.995423532541777,-9.997696351049548,-7.634653223414897e-05,-9.999261833644011,-9.999719912837417,1.2958374066432547e-05,-10.000076290921928,-9.999946707181264,-1.91609318234959e-06,-9.999936256457042,-9.999981284646827
0,F8-T4,-0.0036094723769956347,-9.986020046667772,-9.994141359516012,-0.0003874815401615685,-9.996514519729883,-9.998839408970852,-6.024136383999054e-06,-9.999858125036445,-9.999918366400285,6.897152904480926e-07,-9.999984411914022,-9.999968203604697
0,T4-T6,-0.0005696912916013333,-9.997922882730816,-9.999204688136919,-3.7510171459904114e-05,-9.999699293517235,-9.999924354545994,-9.858033437511089e-06,-9.999854553901033,-9.999953134235408,-1.3536553427341646e-07,-9.999968839342815,-9.999972020432871
0,T6-O2,-0.00010516661123322377,-9.999419893846158,-9.999656518721432,-1.533866051043906e-05,-9.99979114791955,-9.999883179882612,-4.38387160543216e-06,-9.999916152607534,-9.999959991323589,-2.080941973889013e-06,-9.999928595745292,-9.999977497881678
0,Fp1-F7,-0.0002556566413306256,-9.998922784836807,-9.999498012279801,-1.9892099856799545e-05,-9.999786363025809,-9.99990571562495,1.5293133840804417e-05,-10.000126042442405,-9.999973111103998,-1.4821958647851125e-06,-9.9999259811195,-9.999960812722321
0,F7-T3,-0.00015091020636082028,-9.999322395831447,-9.99966194379576,-4.9693715087054e-05,-9.999618637424982,-9.999916799715505,1.288528748042661e-05,-10.000094683786587,-9.999965830911783,-9.230219364295048e-07,-9.99996845314419,-9.999990144159696
0,T3-T5,2.5167776096664986e-06,-9.999914615445357,-9.999908952695735,-2.4971847718111297e-06,-9.999963229631646,-9.999978212740277,3.3215750717595806e-06,-10.000022516987226,-9.999989301236509,-1.1778332628057861e-07,-9.999976223706911,-9.999978991615079
0,T5-O1,-2.6579842525838102e-05,-9.99984750722016,-9.999907311865844,-1.461866717227574e-05,-9.999867776034442,-9.999955488037475,-1.0558539278622385e-05,-9.999861137767523,-9.999966723160309,-1.0233149062334631e-06,-9.999948154650951,-9.999972202551248
0,Fz-Cz,-0.00011374861261628907,-9.998159550251197,-9.998415484629584,0.00012031640789577199,-9.999232714730692,-9.998510816283318,2.9919963000924642e-05,-10.000201126115467,-9.999901926485459,1.775822078510281e-07,-9.9999925739628,-9.999988400780916
0,Cz-Pz,0.00018242944375720818,-10.000163509521391,-9.999753043272937,-0.00010286443003907871,-9.998414116036725,-9.99903130261696,5.0744836700941435e-05,-10.000329032288809,-9.999821583921799,-7.387787994236478e-06,-9.999760895999604,-9.999934509017468
0,Fp2-F4,-0.00027411576003380647,-9.998925302533939,-9.999542062994015,-1.1771132725485431e-05,-9.999224549877395,-9.999295176673748,-5.895578910322164e-06,-9.99992541233075,-9.999984368119854,-9.97418233948295e-08,-9.999986777452973,-9.999989121385823
0,F4-C4,-0.0008257040563128408,-9.995094053572526,-9.996951887699229,-0.0005055814224856221,-9.995352933843325,-9.998386422378239,-1.510410990998266e-07,-9.999965381866444,-9.999966892277435,-1.1513346003658933e-06,-9.999954966479292,-9.999982022842401
0,C4-P4,-0.000187136883460445,-9.998202246696463,-9.99862330468425,-7.432847186211897e-05,-9.999385397815782,-9.999831368646955,6.458605483820779e-06,-10.000044638470264,-9.999980052415426,-1.076828711198824e-06,-9.999962576917916,-9.99998788239263
0,P4-O2,-0.0001714100802186927,-9.998799526004756,-9.999185198685248,-2.021100093804166e-06,-9.9999711202934,-9.999983246893963,2.1406150204807824e-06,-9.999957723236435,-9.99993631708623,2.921427890950468e-07,-9.999988815898556,-9.999981950543011
0,Fp1-F3,-0.00011946102484659657,-9.999497937685424,-9.999766724991328,-7.3980197930162345e-06,-9.999851978181306,-9.999896366300064,-2.6774715248554552e-06,-9.99995233896447,-9.999979113679718,-3.5369720319565007e-07,-9.999958830906541,-9.999967142790817
0,F3-C3,-0.00011897742415501899,-9.99943646117941,-9.999704160383759,1.2393987039201072e-05,-10.000025767757377,-9.99995140383514,-8.306495302346267e-07,-9.999979248554617,-9.99998755504992,-1.1242010202128717e-06,-9.99995895270136,-9.999985371425336
0,C3-P3,-0.0002632926617864977,-9.998907805355659,-9.999500213844678,-2.6843411058377326e-05,-9.999774082908749,-9.9999351433751,-1.744187682714091e-05,-9.999797802484945,-9.999972221253216,-7.079690205456942e-07,-9.99997060092312,-9.999987238195104
0,P3-O1,4.80398862965993e-05,-9.999975746619517,-9.99986765687535,-2.5534780954928218e-05,-9.999723589497655,-9.999876798183385,-7.109331779330531e-06,-9.999908399995414,-9.999979493313207,-2.009396967072042e-06,-9.99992176768886,-9.999968988517587
0,Fp2-F8,-5.042949478907677e-05,-9.99913296482389,-9.999246431187165,-1.6025256203430477e-05,-9.999469600026117,-9.999565751563338,-3.2841745948259937e-07,-9.999983952655827,-9.999987236830421,-4.1261308224263015e-07,-9.99997349294349,-9.999983189350923
0,F8-T4,-0.0011717914754507315,-9.995754189323945,-9.998390720143709,-0.00014578157901776615,-9.998223660854874,-9.99909835032898,-3.908596654369792e-06,-9.999945171633223,-9.999984257599767,-2.833069580814942e-06,-9.999893281124834,-9.999959858259983
0,T4-T6,-0.0003044612718709778,-9.998936844219516,-9.999621882081225,8.126726566663228e-07,-9.999939953799027,-9.999935077763087,-5.69713395207447e-07,-9.999975634548997,-9.99998133168295,-2.3829058745472866e-06,-9.999910001814676,-9.999966000102727
0,T6-O2,-0.00034839094001537827,-9.998550289279134,-9.999334168894169,-3.1315126483988974e-05,-9.999760782285655,-9.999948673044559,-2.793596701355337e-05,-9.99962596804801,-9.999905327718146,-1.336786267914379e-07,-9.99997817785414,-9.99998131930187
0,Fp1-F7,-0.00014061743598734527,-9.999454885563297,-9.999771274794268,-1.9858884702259743e-05,-9.99979925860999,-9.999918411918204,-5.159087864782195e-06,-9.999932886246128,-9.999984477124777,-1.4914845938488037e-07,-9.999978010974026,-9.999981515962821
0,F7-T3,-7.023747502997843e-05,-9.999670691102208,-9.999828725421025,-4.035000271703537e-05,-9.999706240467598,-9.9999483404839,5.77966341019675e-06,-10.000042378639533,-9.99998458200543,-8.998995795419844e-07,-9.999964392285513,-9.999985539925632
0,T3-T5,-0.00026677863894051385,-9.998917240073414,-9.99951749201103,5.053010604635158e-06,-9.999966458569665,-9.999936140506037,8.49680580639509e-07,-9.999974197402308,-9.999965700596501,-8.728201797443178e-07,-9.999954390725279,-9.999974901999503
0,T5-O1,-0.00018675414247863959,-9.999210296526261,-9.999630493346839,-0.00010047308619410944,-9.999140860605573,-9.999743699122737,9.856759073147681e-07,-9.999987184704343,-9.99997732794527,-3.9158264170423305e-07,-9.999963184693296,-9.999972386885377
0,Fz-Cz,-0.0006558184702542966,-9.996999722131362,-9.998475313689434,-0.00013853431114937043,-9.998654454071323,-9.99948565993822,6.433903738263734e-06,-9.999948467696663,-9.99988412865928,-2.386494915001935e-07,-9.99997327625008,-9.99997888451313
0,Cz-Pz,-0.0006634982022727054,-9.997220065416421,-9.998712936371534,-0.00022029448264636689,-9.99756766958432,-9.998889436480198,6.959216722566126e-05,-10.000407586882092,-9.999711665209835,-7.238830525587751e-07,-9.999948795181655,-9.99996580643339
0,Fp2-F4,-0.0006031110352551686,-9.99744186569041,-9.998798865519735,-7.149542835590513e-05,-9.99929499416697,-9.999723966737106,1.7048153571550236e-06,-9.999999703493797,-9.999982655340226,-1.883305542832529e-07,-9.999983707054298,-9.999988132822324
0,F4-C4,-0.0009106506701235497,-9.9963624028564,-9.998411366864179,2.1574689569843874e-05,-10.000000625138403,-9.999871177000983,-4.32947540360131e-06,-9.999880829480698,-9.999924124234735,-1.1901287145860617e-06,-9.999953370656046,-9.999981338680838
0,C4-P4,-0.0006610622541459682,-9.996851898329975,-9.998339288401803,-8.344227935479004e-05,-9.999295789997593,-9.999796443673722,-5.4265762485361724e-05,-9.999348341570036,-9.99989099919489,-2.2323097815771424e-06,-9.99993210478966,-9.999984564069528
0,P4-O2,-0.0002383244020682594,-9.999047718221266,-9.99958394812592,-1.3302429770841128e-05,-9.999846628898178,-9.999926443476802,-2.513527142355867e-06,-9.999952943501365,-9.999978078772788,3.5285614171633383e-07,-9.999970457631788,-9.999962165512457
0,Fp1-F3,-0.0007587759874123505,-9.99702728873118,-9.998734534702859,-7.557105637976186e-06,-9.999913505533371,-9.999958848167198,-5.152089920363402e-06,-9.999905918405243,-9.999957439304447,-4.32280426190865e-06,-9.999849899316713,-9.999951485216867
0,F3-C3,-0.00013380494710558461,-9.99864307740226,-9.998944138533247,-6.839515639440295e-06,-9.999883565530455,-9.999924602624292,7.492565939213781e-07,-9.999983503525772,-9.999976010959834,-1.8759578501811868e-06,-9.99993163050205,-9.99997571551153
0,C3-P3,-0.00010694317691199713,-9.999533149178006,-9.999773771326058,-3.6765403906684043e-06,-9.999916997681185,-9.999939056923528,-1.0154278195617841e-07,-9.999992604179093,-9.999993619606913,-1.107946870830046e-06,-9.999958841715587,-9.999984878467052
0,P3-O1,-0.000917945511389521,-9.996738100795026,-9.998803478195653,1.1266271131021167e-05,-10.000030706061127,-9.99996310843434,2.6857713232387757e-06,-10.000004329435475,-9.999977471722243,-6.75494529761657e-07,-9.999961167877865,-9.999977041999315
0,Fp2-F8,-0.00025161902926149423,-9.998946132726418,-9.999512275542257,-2.128613197024363e-05,-9.99971611922204,-9.999843836013861,1.2894108882068465e-05,-10.000104259530545,-9.999975318441724,3.755432470018256e-08,-9.999968859832734,-9.999967977306103
0,F8-T4,-0.000441573953159639,-9.998027464017891,-9.9990210054125,-4.5627247703345596e-05,-9.999619783313308,-9.999893546799528,-6.154837571504379e-06,-9.999891057544943,-9.999952605920658,-2.18318202748575e-06,-9.999915891135343,-9.999967195912989
0,T4-T6,-0.0008686797545220788,-9.99702649783832,-9.998981027285994,1.4053795778373648e-06,-9.999978965194552,-9.999970532917086,-4.058253233722753e-06,-9.99992295638698,-9.999963538919317,-1.4275287165271764e-06,-9.99994059980673,-9.999974146731567
0,T6-O2,-0.00027296262226541207,-9.999064072276482,-9.99967823817658,-3.3003862288667047e-06,-9.999953249886085,-9.999973052203458,2.82332263499788e-06,-9.999995278606798,-9.999967045380448,-7.977433069769327e-08,-9.999982529242734,-9.999984403939505
0,Fp1-F7,-0.00018295252894486616,-9.999233626580143,-9.99964526977027,-1.7061913136331734e-05,-9.99980067570674,-9.999903047185558,-6.41629198745745e-06,-9.99988357503086,-9.999947737950736,-5.037292242415427e-06,-9.99983168926466,-9.999950065632357
0,F7-T3,-0.00011039591714499472,-9.99925212239185,-9.999500513205426,-5.451080447074353e-05,-9.999532279095682,-9.999859343922507,8.366594259666828e-06,-10.00005532067791,-9.999971654735313,-5.911638959671624e-07,-9.999975908207176,-9.999989800558732
0,T3-T5,-0.00020680268361104127,-9.99883404096117,-9.999299346999294,-2.5463246530921135e-05,-9.99976895368431,-9.999921733163495,-1.1796567172716031e-06,-9.999985326897244,-9.999997123464416,-1.2323775092848766e-07,-9.999960992320409,-9.999963888407555
0,T5-O1,-0.00032454455034641787,-9.998720780885929,-9.999451006124207,-6.526529377825298e-05,-9.999445733548194,-9.999837325310864,-3.0136192267892834e-06,-9.999955687143766,-9.999985823336035,-1.3030980751171372e-06,-9.999933435828083,-9.999964058632848
0,Fz-Cz,-0.00046436280105238264,-9.997362992616484,-9.998407808918852,-7.66656582934398e-05,-9.998683611121221,-9.999143605070982,-8.330687662951967e-06,-9.99985749206575,-9.99994079894238,-3.24481593468579e-07,-9.999978143338698,-9.999985768656144
0,Cz-Pz,-0.002969047144558481,-9.986277766080327,-9.992958122155583,-7.071813492808933e-05,-9.999279531005067,-9.999703839814636,-8.513409014344064e-06,-9.999816074301284,-9.999901208391428,-3.1234960413313204e-07,-9.999971067549511,-9.999978407765209
0,Fp2-F4,-0.0003280906919241977,-9.997632897709764,-9.998371101766594,-8.012015337585798e-06,-9.999877388171798,-9.999925460263825,9.909893284623754e-06,-10.00004535701163,-9.999946258078783,-1.1946271197135734e-06,-9.99995940775167,-9.999987481488983
0,F4-C4,-0.0031480000151460547,-9.98225977027902,-9.9893427703131,-0.0008341726473638153,-9.992991787497619,-9.997996823381802,1.5612660252244105e-05,-10.000060668840275,-9.999904542237752,-3.2925022475745522e-06,-9.999896110116511,-9.999973483919328
0,C4-P4,-0.0006977688439607334,-9.987913193741807,-9.98948317364072,-0.0004316388246028729,-9.995921616140134,-9.99851144908775,1.6624742440910632e-05,-10.000084588243496,-9.999918340819086,-6.15956837483607e-06,-9.99981048197459,-9.999955231831398
0,P4-O2,0.0003246932460283678,-9.99990136150395,-9.999170801700386,-7.121150766126283e-05,-9.999366347511238,-9.999793616557206,-4.3717794259165875e-06,-9.999920586984196,-9.999964304778455,-1.0400974729282285e-07,-9.999978869522698,-9.999981313751759
0,Fp1-F3,-0.002456617448089361,-9.990479547895637,-9.996006937153838,-3.2055172041376395e-05,-9.999719209822638,-9.999911540854887,5.278638482148635e-07,-9.999972435776915,-9.999967157138432,-2.42946338686835e-06,-9.99990260632943,-9.999959698719021
0,F3-C3,-0.002470596227689227,-9.989649407459433,-9.995208248971734,-0.00015593115363520522,-9.998661559399798,-9.999597146321609,1.0846422925968839e-05,-10.000036537630912,-9.999928073401652,-1.4562414582074523e-07,-9.99998594074138,-9.999989362908808
0,C3-P3,-0.0005678371440687197,-9.997673977860355,-9.99895161143451,9.291437122509671e-05,-10.000018796449599,-9.999461310222248,-1.0732992342722609e-05,-9.999876568881584,-9.999983898805011,-8.321602181474094e-07,-9.999955196965486,-9.999974752730612
0,P3-O1,-0.00025205590041220513,-9.998287577940305,-9.998854703716232,-2.002219909451067e-05,-9.999792156199307,-9.999912289393874,-8.726641289341436e-06,-9.999892231846271,-9.999979498259165,1.5369801966875544e-06,-10.000002843771107,-9.999966724736485
0,Fp2-F8,6.953219244775437e-05,-9.997401325536323,-9.997244878103317,6.837915957187412e-07,-9.999956701627255,-9.99995259887768,1.6073656832591027e-06,-9.999985904832915,-9.999969831176083,-8.551640262158686e-07,-9.999952604239741,-9.999972700594357
0,F8-T4,-0.00041350903880583853,-9.997690884466085,-9.998621279803398,-0.00012566219885274657,-9.99866170024131,-9.999415673434427,4.43478010843314e-06,-10.00002320380479,-9.999978856003706,-3.0706483960968604e-06,-9.999885073130732,-9.999957233368042
0,T4-T6,-7.215745327350453e-05,-9.997380268821129,-9.997542623090993,1.3983507351058358e-05,-9.999884229062857,-9.99980032801875,-5.489571416659113e-06,-9.999928350401326,-9.999983246115493,-6.294262136740915e-07,-9.99997098163848,-9.999985773154501
0,T6-O2,-0.0006846787439801619,-9.997174546677464,-9.998715073851418,-3.860942334702985e-05,-9.999690866264686,-9.999922522804768,2.1141832926127538e-06,-9.999938696862309,-9.999917555029382,-9.182483055121607e-07,-9.99995604988524,-9.99997762872042
0,Fp1-F7,-0.0013774651573958204,-9.995127514994826,-9.998226811598967,5.388632182716609e-06,-9.999994925796475,-9.999962594003378,1.700772645169453e-05,-10.000132026881598,-9.99996194961708,-1.8914118620859775e-06,-9.999931515351896,-9.999975963530655
0,F7-T3,6.368410572239001e-05,-9.999940065992888,-9.999796776755012,-8.27063333954799e-05,-9.999338431893147,-9.99983466989352,1.260592362237959e-05,-10.000095946000037,-9.999969886763813,-2.610705159997861e-06,-9.999917483665145,-9.999978835236405
0,T3-T5,-0.006236769385753212,-9.974626026174814,-9.98865875729276,-7.347033205288169e-05,-9.998930086038149,-9.999370908030466,2.9882041780381205e-06,-10.000008939181363,-9.999979057139583,-1.4358778954958858e-06,-9.999915565731936,-9.99994930886248
0,T5-O1,-0.0005894165253475202,-9.997254053165753,-9.998580240347785,-5.929968572912617e-05,-9.999522002364527,-9.999877800478902,-1.332449651343184e-05,-9.999840470924767,-9.999973715889901,1.011014235954667e-06,-9.999999559327337,-9.999975800492793
0,Fz-Cz,-0.00255192127311546,-9.986948737588113,-9.992690560452623,-1.5049630355520605e-05,-9.999814664788175,-9.999904962570309,2.1199687223776165e-05,-10.00009783572133,-9.999885838849092,-1.8144996503510265e-06,-9.999936512320335,-9.99997915306212
0,Cz-Pz,-0.0015685566762447655,-9.991376850865679,-9.99490610338723,-0.00030494515279527073,-9.997127090789425,-9.998956761706197,2.599511751474224e-06,-9.999899807701127,-9.999873812583612,-1.0788657631774752e-06,-9.999948445849776,-9.999973799195212
0,Fp2-F4,-0.00023472705436610431,-9.998616874580227,-9.999145010452551,-0.00029793078598590463,-9.996743117494958,-9.998530702210873,2.1830365227938603e-06,-10.000007529918705,-9.999985699553477,-4.576970430626409e-07,-9.999976347508198,-9.99998710338871
0,F4-C4,-0.0017097091497764924,-9.991079073174944,-9.994925918761941,-0.00025076985939787065,-9.996967390953197,-9.998472010109584,-7.924082665406759e-06,-9.999900842786406,-9.99998008361306,-8.5799710385671e-07,-9.999966370507043,-9.999986533438983
0,C4-P4,-0.0065866449630549995,-9.973378079967157,-9.988198031134031,8.275095967545665e-06,-9.99929884799255,-9.999249197416745,-8.090496998488766e-07,-9.999898731855252,-9.99990682235225,-5.522692250265091e-07,-9.999977322285034,-9.999990300611822
0,P4-O2,-0.00025027665638086813,-9.997913013616769,-9.998476136093625,-8.27166613262758e-05,-9.999304649888062,-9.99980094985602,-1.2185748716808644e-05,-9.999804869195746,-9.999926726682913,-3.066224510416066e-07,-9.999968884973068,-9.999976090600667
0,Fp1-F3,-0.00012693449654245512,-9.999271981277008,-9.999557583894228,-0.00015619114778745387,-9.998690060857454,-9.99962720774418,1.9135772144552048e-05,-10.000114820353181,-9.999923462631735,-6.615437875597961e-07,-9.999963783014293,-9.9999793292933
0,F3-C3,-0.0014578416241951273,-9.994111261571907,-9.997391405226347,-1.3718293377416315e-05,-9.999748699772981,-9.999831009533246,-3.618567170136154e-06,-9.999845727074257,-9.999881912745959,-6.445584028133181e-07,-9.999974793064004,-9.99998994018647
0,C3-P3,-0.0018446010843610027,-9.99244197262572,-9.996592325065532,-6.281616810043819e-06,-9.9999095760204,-9.99994726572126,1.3200266010206307e-05,-10.000088351980176,-9.999956349320074,-7.002606160825669e-07,-9.999971460534695,-9.999987916659173
0,P3-O1,-0.00042398141809861604,-9.997738379438974,-9.998692337629697,5.301811435844889e-05,-10.000165835136203,-9.999847726450053,-4.205049806906908e-06,-9.999942373313425,-9.999984423811494,1.2724062826402226e-07,-9.999977873909332,-9.999974883754568
0,Fp2-F8,-5.065420366071331e-05,-9.999023544966668,-9.999137516924906,-0.00031020246318125305,-9.99685410643295,-9.998715321212037,3.699572442760592e-05,-10.000276007240378,-9.999906049996103,-8.911814573531467e-07,-9.999961358104956,-9.999982300869204
0,F8-T4,-0.0014749838389293243,-9.994342331804324,-9.997661045441916,-0.00022329461973910597,-9.997563115522718,-9.998902883241152,-3.618123738241193e-06,-9.99992121511062,-9.999957396348002,-1.1486683862064586e-06,-9.999931224387854,-9.99995821809493
0,T4-T6,-0.0006223413889980391,-9.997248526249631,-9.998648794374876,5.820872843100617e-06,-9.999993817320068,-9.99995889208301,-2.6812579609229237e-05,-9.99965466869141,-9.999922794487501,-1.2365311724206204e-06,-9.99994059681912,-9.999969655301673
0,T6-O2,-0.0007739948169973799,-9.996922370073264,-9.998663858411508,-8.461389060965674e-05,-9.99926386870515,-9.999771552048808,1.9647774065441905e-06,-9.999897926160628,-9.999878278386563,-1.1278339050242282e-06,-9.999947896437407,-9.999974400534175
0,Fp1-F7,-7.123660866555099e-05,-9.999693328205677,-9.999853610575174,-9.169827127408816e-05,-9.99902607399038,-9.999576263618025,2.9676083965870368e-05,-10.00019725288957,-9.999900492049912,-6.766141603109673e-07,-9.999954685387271,-9.999970585820039
0,F7-T3,-0.0004629761107564429,-9.998241727228908,-9.99928342347811,1.0380050725133836e-05,-9.999976931012915,-9.999914650708565,4.50193032225632e-05,-10.000238761990591,-9.999788568958365,-8.058147041313935e-07,-9.999966108813275,-9.999985045458823
0,T3-T5,-0.00010086747508274321,-9.999594286348476,-9.999821238167412,5.408206024881264e-06,-9.99996395250704,-9.99993150327089,9.505174292708132e-07,-9.99995027475747,-9.999940769583178,8.523891996781049e-07,-9.99999444131661,-9.999974410170418
0,T5-O1,-0.00013721629047018388,-9.99910510256873,-9.999413839222289,0.00011149262064601102,-10.00047377133171,-9.999804815607833,2.939659776821779e-05,-10.000172136954735,-9.999878170977052,-2.4414743692601487e-06,-9.999897435288275,-9.999954809935954
0,Fz-Cz,-0.00012660198694334435,-9.999211432344904,-9.999496286815527,-0.00012309438190907156,-9.998312357668132,-9.999050923959587,-3.404455405930575e-06,-9.999943217477846,-9.999977262031905,-6.873009558747594e-07,-9.999972953012513,-9.999989104584976
0,Cz-Pz,-0.002414449403317573,-9.990915705461612,-9.996348216619076,-0.00022887285812208592,-9.997667526154194,-9.999040763302926,1.4333904343711475e-06,-9.999962715364285,-9.99994838145994,-2.870218302553512e-06,-9.999882826263132,-9.999950276393243
0,Fp2-F4,-0.0016303930436290931,-9.99405046321224,-9.997718847560405,-0.00019229853449420905,-9.99842775033611,-9.999581541543074,8.682025527881171e-07,-9.999991153599645,-9.999982471574116,-1.2079795093925039e-06,-9.999952673991423,-9.999981061509894
0,F4-C4,5.594233367039896e-06,-9.999099467394087,-9.999086880369012,-0.00015695071173120207,-9.998648683759498,-9.999590388029885,4.211249248739935e-06,-9.99997250880141,-9.999930396308923,-9.419057159907459e-07,-9.999965854974038,-9.999987989758363
0,C4-P4,-0.0027045123160864136,-9.98921929042025,-9.995304443131444,-8.400058365665122e-05,-9.999267546836423,-9.999771550338362,-6.169796337046572e-06,-9.999910207273752,-9.999971905237123,-2.4890850498490783e-07,-9.999985738858333,-9.9999915882082
0,P4-O2,-0.00013343151744189612,-9.99917539775925,-9.999475618673495,-6.332465446737888e-05,-9.999450225076993,-9.999830173003797,-6.063500088820739e-06,-9.99984788482994,-9.999908519830829,-7.791362610686399e-07,-9.999949727260478,-9.999968036962613
0,Fp1-F3,-0.0002638649447126119,-9.998874652283048,-9.999468348408652,1.8869918193619283e-05,-9.99997157662861,-9.999858357119448,3.304930889724014e-06,-10.000013425397071,-9.999980376088175,-1.923824536337839e-06,-9.999925065492468,-9.999970275369071
0,F3-C3,4.8701187289274896e-06,-9.999543487264166,-9.999532529497026,-1.8538278663359556e-05,-9.999827988302023,-9.999939217974003,1.2542568673200362e-05,-10.000065054501038,-9.999939628814305,-3.6218526658403157e-07,-9.999973560145369,-9.999982071499133
0,C3-P3,-0.0004249649449391051,-9.997696628897465,-9.998652800023578,3.971675079493473e-06,-9.999963557733542,-9.999939727683065,-3.981532613521592e-05,-9.999527527302664,-9.999925680564017,-5.36085571151471e-07,-9.999971376015235,-9.999983974026158
0,P3-O1,-0.0006745741043797407,-9.997327042721585,-9.99884483445644,8.275818458614082e-08,-9.99998410653395,-9.999983609984842,-7.794782853909384e-07,-9.999947071613358,-9.999954866396212,1.140069311119573e-07,-9.999989771943492,-9.99998709278061
0,Fp2-F8,-0.0017591881780767934,-9.993563212297078,-9.99752138569775,-8.445772856419458e-05,-9.999314666115291,-9.999821412486677,-8.641966237983388e-06,-9.999876602953346,-9.999963022615725,-9.492501916923908e-07,-9.999957451540931,-9.999979758920436
0,F8-T4,-0.00040390041461119467,-9.99834020014615,-9.999248976079024,-0.00018329019103298537,-9.998412504911025,-9.999512246057224,1.3334933323654713e-05,-10.000059927957397,-9.99992657862416,-1.1944004229209228e-06,-9.999945942368203,-9.999974010778143
0,T4-T6,-0.0012251188298632919,-9.995411103136222,-9.998167620503414,-1.1230918795064529e-05,-9.999871511864967,-9.999938897377737,1.1595050795655059e-06,-9.999972350874163,-9.999960755823368,-6.37489828384219e-07,-9.999962193831683,-9.99997717484265
0,T6-O2,-4.402283712543914e-05,-9.999739153965745,-9.999838205349278,-6.043386639155594e-05,-9.99942061063235,-9.9997832138307,1.4209430785027981e-05,-10.000084344382048,-9.999942250074197,-9.534930114920849e-07,-9.99995774225355,-9.99998014933932
0,Fp1-F7,-0.0001950993012290658,-9.999215347070274,-9.99965432049804,3.6008972117379366e-06,-9.99993989629062,-9.999918290907349,4.697343522414413e-06,-10.000031487421365,-9.999984513986142,-1.7184297312311994e-06,-9.999932953884828,-9.999973336983512
0,F7-T3,5.459274073004828e-05,-9.9999055233673,-9.999782689700657,-8.260022419541522e-05,-9.999358207658842,-9.999853809004014,-1.8091750233775678e-06,-9.999939535343701,-9.999957627093934,-5.126768307372294e-07,-9.999976210041433,-9.999988257946956
0,T3-T5,-0.00017778795419079373,-9.999296584062634,-9.999696606959564,1.7624935878151136e-07,-9.999984114296298,-9.999983056800145,9.637614502598268e-07,-10.000005087545642,-9.99999544993114,-4.110636483933678e-07,-9.999969496941969,-9.999979156937705
0,T5-O1,-8.226170075571821e-05,-9.99952191394478,-9.999707002771482,-2.2454345171137805e-05,-9.999790123467093,-9.99992484953812,4.7678106608546355e-06,-9.999992284003927,-9.99994460589732,4.855042590618127e-07,-9.999990949321647,-9.999979539971559
0,Fz-Cz,-0.0003348804703297953,-9.998379518444045,-9.999132999502287,-7.227818623696452e-05,-9.999232179919277,-9.999665849036699,-9.437801337771751e-07,-9.999917218666809,-9.999926656468146,-5.824780847628178e-07,-9.999975750138262,-9.999989438373253
0,Cz-Pz,-0.00040584575075234934,-9.99658686247721,-9.997500015416403,-0.00040600774568191065,-9.996479091130437,-9.998915137604529,-2.7452266351039336e-05,-9.999634535089525,-9.999909057753035,1.2071688699554365e-07,-9.999980941071493,-9.999978104224649
0,Fp2-F4,-0.001477700448356524,-9.993612369139575,-9.996937195148377,-2.9768734949362003e-05,-9.999613905855245,-9.999792518264941,1.3735765677783947e-05,-10.000107905185622,-9.999970547528845,-1.577614652454907e-07,-9.999981911731727,-9.99998561912616
0,F4-C4,-9.910729765776603e-05,-9.998532815693624,-9.998755807113353,-3.0413686475050664e-05,-9.999418768275103,-9.999601250393953,-3.270922732151274e-05,-9.99958239068861,-9.999909482961826,-1.5146377392669372e-06,-9.99994723081222,-9.999982824799092
0,C4-P4,-0.0023219206304234724,-9.990393740922709,-9.995618062341162,-4.233462178518341e-05,-9.9993400727014,-9.99959408043211,-1.6014776132646737e-05,-9.999792303021888,-9.999952450783214,-2.1156296131908262e-06,-9.999927018091272,-9.999976735387182
0,P4-O2,-0.0007722344229764607,-9.994376469757125,-9.996113997208822,-0.0002304519700914986,-9.998006643161588,-9.999389354982137,-7.154050580180774e-06,-9.999679325122848,-9.99975086562865,-1.4446757719512667e-06,-9.999933790438726,-9.999967740319367
0,Fp1-F3,1.7551535875489174e-05,-9.999879096730695,-9.999839605774975,-3.268791031795627e-06,-9.999947580026529,-9.99996719277272,9.110964685357486e-07,-9.99999497833978,-9.999985867375095,4.133911504891754e-08,-9.999973838597878,-9.999972867128674
0,F3-C3,-0.000488605332836098,-9.998272036931619,-9.9993713989305,-4.207788687430898e-05,-9.9995846153594,-9.999837082680646,5.834346839440859e-06,-10.000009292061247,-9.999950948592852,-1.246372340661252e-06,-9.999956054141448,-9.999985343891453
0,C3-P3,-0.0006065469459441611,-9.99770086640106,-9.999065597029434,-0.0001139753733523969,-9.999029898586876,-9.99971375082699,-1.0346158415833085e-05,-9.999866196022225,-9.999969657606384,6.55447012364627e-08,-9.999990043220961,-9.999988502920482
0,P3-O1,-0.0005232282090641275,-9.997852484885595,-9.999029748355989,-1.2663849086694974e-05,-9.99988946148402,-9.99996544457854,2.8833261797160988e-06,-10.000016363474737,-9.99998753021294,-1.0255830976540705e-06,-9.99995299352086,-9.999977094723656
0,Fp2-F8,-0.0035542962863579874,-9.986603031052981,-9.994600197697286,-1.1155792213457067e-05,-9.999796048454423,-9.999862983207704,8.42478181735983e-06,-10.000063703436467,-9.999979455618293,-5.929843950358263e-07,-9.999961897954226,-9.99997583308751
0,F8-T4,-0.00013413502229599555,-9.999253974351502,-9.999555778151668,-0.00010788960087533496,-9.99917111245524,-9.999818450060491,-6.985723025756437e-06,-9.999859736275441,-9.9999295935057,-1.585230262499275e-06,-9.99993172836596,-9.999968981277128
0,T4-T6,-0.0070911634211979074,-9.974742729699852,-9.990697847397547,7.830481244318768e-06,-9.999887233286174,-9.999840250398707,-3.737467269859301e-06,-9.999899737739325,-9.999937112412024,-9.63197514306554e-07,-9.999952845593773,-9.99997548073536
0,T6-O2,9.957442349212351e-05,-9.998742278761618,-9.998518236308762,-0.00010348469129330107,-9.999021034737053,-9.999641942884812,-4.6167844718638564e-05,-9.999283550999358,-9.999745229446544,-1.4868401240582722e-06,-9.999935600555581,-9.999970541298497
0,Fp1-F7,-0.00012316913360622408,-9.999542643720416,-9.99981977427103,-7.041893319100361e-06,-9.999885167972582,-9.999927419332497,-5.762450203295038e-06,-9.999918451797212,-9.999976076299244,-7.79150636727687e-07,-9.999959540825213,-9.999977850865175
0,F7-T3,5.605222361628367e-06,-9.999781679636417,-9.999769067886103,-3.2239390834170204e-05,-9.999719192107747,-9.999912628452753,7.595278214395879e-08,-9.999990755521258,-9.999989995993436,-9.305227152053108e-07,-9.999964744664497,-9.999986611948305
0,T3-T5,-0.00022512093713434553,-9.998907102767516,-9.999413624876068,-3.827630353148812e-05,-9.999692655201974,-9.999922313023163,-2.0137173686041539e-07,-9.999987302547755,-9.999989316265124,9.017730584697177e-08,-9.999977346401762,-9.999975227235074
0,T5-O1,-0.00012012453264785383,-9.999498436178737,-9.999768716377194,-3.674999706592319e-06,-9.999958186536396,-9.999980236534636,-7.421533019781804e-07,-9.999984024685137,-9.999991446218157,-2.163033204062427e-06,-9.999915681772476,-9.999966513052772
0,Fz-Cz,-0.0003541020767626093,-9.998514195943248,-9.999310925615964,1.1671918275446441e-05,-9.999901817081167,-9.999831785571514,6.801751748806983e-06,-10.000042327863953,-9.999974310346465,-6.153364911691875e-08,-9.999989142932098,-9.999990588972851
0,Cz-Pz,-0.0006685383111468524,-9.997565015562675,-9.999069226762755,-2.6907097226842637e-05,-9.999525149209884,-9.999686591793244,-2.0920533446150862e-05,-9.999708716606827,-9.99991792194129,-1.7481108076346299e-06,-9.999915815371846,-9.999956895975826
0,Fp2-F4,-1.9048640954851404e-05,-9.99958124847895,-9.999624107921099,-5.127896359051063e-05,-9.999430778805706,-9.99973845258725,-3.6780903692092566e-06,-9.999955675956901,-9.999992456860593,-8.736614894409875e-07,-9.999965461566335,-9.999985992611336
0,F4-C4,-9.823231928689016e-05,-9.999399460961586,-9.999620483679982,-0.00027030332976263295,-9.997783435966626,-9.999405255945202,1.124024361320514e-05,-10.000081011129732,-9.9999686086936,-1.3041357422088891e-06,-9.999957316592132,-9.999987963782074
0,C4-P4,-0.00035300057193789056,-9.998134602274616,-9.998928853561477,-5.109030741458437e-05,-9.999476663402923,-9.999783205247411,-1.2053324692692874e-05,-9.999856428955685,-9.999976962202611,-4.899188473354779e-07,-9.999979421770805,-9.999990934863717
0,P4-O2,-0.0005761571196843427,-9.997892969961928,-9.999189323481218,-0.00011684847102043704,-9.998932752572909,-9.999633843399032,3.885575148629272e-06,-10.0000211095531,-9.999982253801614,-8.776480312032408e-07,-9.999953828794421,-9.999974453523155
0,Fp1-F3,-0.0001232566217298419,-9.999235852321632,-9.999513179720525,-7.545445027657673e-05,-9.999389785598604,-9.999842512300264,-1.6769806543933925e-06,-9.999964834223167,-9.999981604029712,-1.3914636270346587e-06,-9.999926953245511,-9.999959652640747
0,F3-C3,-0.0005306431509753818,-9.997973024065816,-9.99916697115551,-8.084358988845529e-05,-9.999375988025266,-9.999861049564597,2.828622968278061e-05,-10.000205521613404,-9.999922659316576,-7.553430815991892e-07,-9.999969539817137,-9.999987290379554
0,C3-P3,-0.0025147409395296296,-9.990908726998581,-9.996566894112522,-1.1676751112204016e-05,-9.999902263096526,-9.999972323603199,2.2099833534011673e-05,-10.00017699552649,-9.99995599719115,-6.395469461260571e-08,-9.999981634347115,-9.999983137282438
0,P3-O1,-1.5682586694332666e-05,-9.999888585048952,-9.999923870869013,1.1273854437354046e-05,-9.999962577532232,-9.999894934405608,-3.9654090992354526e-06,-9.999947576864663,-9.999987230955655,3.140566920832424e-08,-9.999983724525196,-9.99998298649197
0,Fp2-F8,-0.0008741960534709207,-9.996298125830519,-9.998265066950829,-0.00010246097725251663,-9.998978601507446,-9.999593367370961,-3.856969765504069e-06,-9.999947175719353,-9.999985745417007,2.1884959416862707e-07,-9.999980483609814,-9.999975340644351
0,F8-T4,-0.0003620098055502702,-9.998724159167999,-9.999538681230487,-0.0003777464311349048,-9.99676117538223,-9.99902765396904,1.0098967204103953e-05,-10.000075523542932,-9.99997453387089,-3.4323289174509963e-06,-9.999869097549821,-9.999949757279381
0,T4-T6,-0.00028129382856495754,-9.998751105146855,-9.999384016261127,-3.253021749566788e-05,-9.999682452007711,-9.999877633312686,5.238236243381378e-06,-10.00002172215011,-9.999969339787677,-1.7409761885473042e-06,-9.999937665830815,-9.999978578771247
0,T6-O2,-0.00015141413181082752,-9.999420837501566,-9.99976151929814,-6.876074871955612e-05,-9.999430990564795,-9.999843555057112,-6.722988445153157e-06,-9.999907572328745,-9.999974802213197,-2.387467187360564e-06,-9.999907732730428,-9.99996383820933
0,Fp1-F7,-4.6322744691996987e-05,-9.999610960011589,-9.999715186187146,-1.2634171697247396e-05,-9.999898047772406,-9.99997385280259,1.5104256459869307e-06,-9.999986644701124,-9.999971540444664,-7.850883783268061e-07,-9.99995266071802,-9.99997111029491
0,F7-T3,-1.5771462880834094e-05,-9.999830091273083,-9.999865577064565,-5.2638977795416744e-05,-9.999588054480418,-9.99990388834719,1.0941199914191457e-05,-10.000040659951317,-9.999931247952174,-2.2172406622664385e-06,-9.99992726914249,-9.999979374298052
0,T3-T5,-5.4259608348229605e-06,-9.999803453038915,-9.999815661450793,-1.709745139775117e-05,-9.999870240851404,-9.99997282555979,2.117528402052499e-05,-10.000175293559897,-9.999963540719692,-8.605096713419597e-07,-9.999950183085772,-9.99997040506305
0,T5-O1,-0.00029837170060580755,-9.998774075373978,-9.999445411700341,-1.8047498210405065e-05,-9.999747897472854,-9.999856182462118,-2.02577940562424e-06,-9.999973617280785,-9.999993875074841,2.0757667032894024e-07,-9.999979398254029,-9.999974520202276
0,Fz-Cz,-0.00012300312634989032,-9.999110674010902,-9.99938743104519,1.3549275568536289e-05,-10.000000425215028,-9.999919129561617,3.864716239566056e-06,-10.00001570999653,-9.999977062834134,-7.223245299751968e-07,-9.999967065598941,-9.999984040225396
0,Cz-Pz,3.607207349950676e-05,-9.999126898964878,-9.999045736799504,-0.00021288607831431816,-9.998197127446408,-9.999474443916295,5.3598976339583695e-05,-10.000285536974744,-9.999749547211348,-1.40067795296602e-06,-9.999920939063204,-9.999953854995098
0,Fp2-F4,-0.00019940304296578822,-9.999052402205203,-9.999501059051877,-0.00021380029582829195,-9.998075931701763,-9.999358733476733,-6.192365053859181e-06,-9.99992431371796,-9.999986237368498,-1.4164640412860716e-07,-9.99997228298471,-9.999975611675207
0,F4-C4,-0.00011685302374969108,-9.999421054478102,-9.999683973781538,-0.00037816334671252446,-9.99708398588746,-9.999352965967736,-9.963649225702655e-06,-9.999869126265414,-9.999968762757671,-1.9639505217708387e-07,-9.999982973779531,-9.999987589063258
0,C4-P4,-0.00011337773995719523,-9.999028527857734,-9.999283627772638,-7.939656635759641e-06,-9.999860755809513,-9.999908393749328,-5.173362711865694e-06,-9.999924989365496,-9.999976722992615,-4.376077509106387e-07,-9.999980666974805,-9.99999095075695
0,P4-O2,-0.0004867867982700486,-9.998199838780986,-9.999295109077094,-5.136422378413646e-05,-9.999488139451698,-9.999796324794403,2.9423583879142846e-05,-10.000145282773001,-9.999851046934209,-9.947759568681035e-07,-9.999960939144595,-9.999984316379582
0,Fp1-F3,-0.0005216350142642878,-9.996292925274219,-9.997466604056314,-0.00023884502461792056,-9.997806183692003,-9.99923925383971,1.0513226576287183e-05,-9.99999588715861,-9.999890754892848,-2.5064660586032386e-06,-9.999905948828633,-9.99996485078101
0,F3-C3,-0.00031462885281717876,-9.998768135757615,-9.999476050676453,2.9059209032172293e-05,-10.000074439124944,-9.99990008387075,-1.4851634383957323e-05,-9.9997711559831,-9.99991967232694,-3.9090274135277956e-07,-9.999974803599143,-9.999983989813565
0,C3-P3,7.594430788303548e-06,-9.999089091701638,-9.999072004232364,-2.9389033445114055e-05,-9.999710851223607,-9.999887185424278,9.934501384214422e-06,-10.000022429122593,-9.999923084108751,-3.578236159504927e-07,-9.999978466508512,-9.999986875363486
0,P3-O1,-0.0008608696976559296,-9.996877874428234,-9.99881483124796,-2.0687882230405938e-05,-9.999766595389584,-9.999890722682967,2.075184069455089e-06,-9.999993118162834,-9.99997236632214,-1.1125944286318822e-06,-9.999952166634289,-9.999978312603362
0,Fp2-F8,3.6306076783631314e-05,-10.00002854061887,-9.999946851946106,-0.00041641266202561376,-9.996387952010851,-9.998886427983004,-2.0061033695515036e-06,-9.999972793350043,-9.999992854383738,-2.673025918941544e-06,-9.999892776684115,-9.99995559279321
0,F8-T4,-0.0005508233411122294,-9.99808313134469,-9.999322483862192,-0.0002580272785525486,-9.99767229594524,-9.999220459616556,7.179515173316334e-06,-10.000041925903812,-9.999970130752079,-1.708152418531023e-06,-9.999926400855486,-9.999966542437322
0,T4-T6,4.6665278712714184e-05,-9.99969768522645,-9.999592688349345,-6.236308295081431e-05,-9.999371047499007,-9.999745225996712,1.4188567351555853e-06,-10.000006781964636,-9.999992593397284,-1.8924436680377193e-06,-9.999916958893849,-9.999961431320047
0,T6-O2,-6.031560521128921e-05,-9.999497249296926,-9.999632959408652,-3.296906589827933e-05,-9.99958268140921,-9.9997804958046,1.1561876241808892e-05,-9.999990992719486,-9.999875373957067,-1.673311125735565e-06,-9.999937947469439,-9.999977270280894
0,Fp1-F7,-0.00015542411265556175,-9.998737225377829,-9.999086929631304,-0.0001060965893257307,-9.998852561881762,-9.999489141417715,1.747411106343648e-05,-10.00007174359567,-9.999897002485037,-1.2004890902557671e-06,-9.999949889871916,-9.999978101365537
0,F7-T3,-8.935427224563647e-05,-9.999542612304515,-9.999743659417067,-2.099275347485023e-05,-9.999757741480037,-9.999883698000886,-1.3433342912764789e-06,-9.999973281824014,-9.999986715166926,-5.709551677721162e-07,-9.999968917126461,-9.999982334572904
0,T3-T5,-0.00010877746647925359,-9.999565478991808,-9.999810228291388,-2.4799134655538253e-05,-9.999802764009537,-9.99995155881747,-9.789330603859e-07,-9.99997465046322,-9.999984439793822,-1.0919289161318783e-06,-9.999941607844068,-9.999967268173597
0,T5-O1,-0.0008140478034375388,-9.996798270111437,-9.998629877669172,-6.593127324574208e-05,-9.999397197314636,-9.99979278495411,-1.4194805611576064e-05,-9.99977036994636,-9.999912318002476,-1.3015293330985376e-06,-9.99994031849288,-9.999970904432208
0,Fz-Cz,-7.722657315059692e-05,-9.999666271396269,-9.999840031185858,-7.576318475392098e-05,-9.999241502378732,-9.999696081487256,-1.2637689633084077e-05,-9.999824210378003,-9.999950587274334,-6.680536745061637e-07,-9.999961607866307,-9.999977307127658
0,Cz-Pz,-0.0011461913136106975,-9.994105757929223,-9.996684688384846,-0.00016048170731215546,-9.998543356087879,-9.999506246331752,-3.208334027096232e-05,-9.999540164850341,-9.99986099825305,-6.41517153226289e-06,-9.99978708188587,-9.999937838416878
0,Fp2-F4,-0.00042043571528006167,-9.998239451710726,-9.999185432070107,-0.0002439230932016519,-9.998043761627132,-9.999507300186343,-4.560354499032996e-06,-9.999934778619552,-9.999980382164543,-1.1351528019389472e-06,-9.999960873964207,-9.999987550055053
0,F4-C4,-4.985909193356849e-05,-9.999680565612376,-9.999792748569227,-0.0004727484326174267,-9.996319489044797,-9.999155979640502,-2.1941076374342924e-06,-9.999964514222228,-9.999986455298602,-2.986858358371769e-07,-9.999986184686469,-9.99999320380361
0,C4-P4,-0.0009643165366996437,-9.996471514552589,-9.998641226760164,-2.290506963990593e-05,-9.999782902821991,-9.99992033323983,-8.398543099187547e-07,-9.99998129993229,-9.999989698475389,-6.518955126135948e-09,-9.999996552979576,-9.999996706175022
0,P4-O2,-0.0005608831460157874,-9.99778441587197,-9.999046402950507,-1.5085485735136712e-05,-9.999814047662007,-9.999904560576418,-1.9998206464167305e-06,-9.999948007690014,-9.999968005896479,-5.26583968077719e-07,-9.99997261222015,-9.9999849869434
0,Fp1-F3,-0.00036351670463652023,-9.998575836185536,-9.999393748770968,2.7723939210374975e-05,-10.000086341757822,-9.999919998122559,-2.2443363800543688e-05,-9.99971749435509,-9.999941927993095,-4.802026554046473e-07,-9.999961501968341,-9.999972786730744
0,F3-C3,-0.00033545797307362563,-9.998803066744752,-9.999557847184168,-3.93024423862234e-05,-9.99965624792009,-9.999892062574407,9.422541951141403e-06,-9.999994374733543,-9.999900149314032,-7.107344729440597e-07,-9.999970619342195,-9.999987321602308
0,C3-P3,-6.835127194297462e-05,-9.99971874505973,-9.9998725354216,-4.4245094924869926e-05,-9.999548724114591,-9.99981419468414,1.1921177349933436e-05,-10.000020122814004,-9.999900911040504,1.1645040185187464e-07,-9.999989327638131,-9.999986591053688
0,P3-O1,-0.0001692120586478817,-9.999223195041168,-9.999603922173126,-5.468113722966059e-06,-9.999953962602667,-9.999986771285005,4.921084086270745e-06,-10.000005713848362,-9.9999565030075,-1.127298257743832e-06,-9.999940937303965,-9.999967428813022
0,Fp2-F8,-0.00025935898517483825,-9.998916678291875,-9.999500236008519,-0.00023128250379462976,-9.998049419190448,-9.999437114213215,-5.72246157776484e-06,-9.999910675497015,-9.999967900112793,4.100093924909391e-08,-9.99998947494133,-9.999988511419257
0,F8-T4,-0.001688920042013789,-9.993781941230722,-9.997582011325253,-0.0001748044192826323,-9.998616263404326,-9.999665089920022,2.299736780174931e-06,-9.999989762582915,-9.999966765215113,-6.75999385066789e-07,-9.999955077116933,-9.999970963102482
0,T4-T6,-1.069745391266859e-05,-9.999915507973787,-9.99993957724509,-7.354921111083523e-05,-9.999291925358794,-9.999733220625458,-2.4210079831965917e-06,-9.999947153727508,-9.99997136380734,-1.763663405988515e-06,-9.999934424525172,-9.999975870615213
0,T6-O2,-0.0007061097694295714,-9.997500733199331,-9.999089480180547,-1.0730239424353416e-05,-9.99983400650767,-9.999898387944217,-2.960798941688303e-06,-9.999954944403726,-9.999984552393142,-1.6020550656769037e-06,-9.999941233703828,-9.99997888199787
0,Fp1-F7,-0.00030620443475092674,-9.99872175243715,-9.99941071241534,6.457036845068938e-06,-10.000011729562882,-9.999972987341812,-1.4933125363933579e-05,-9.999797476531294,-9.999946807784934,-1.9057154926970896e-06,-9.999930209324065,-9.999974993638142
0,F7-T3,-0.00031841208783853935,-9.998852797625583,-9.999569224823219,-0.00010964828538619962,-9.999089862879911,-9.999747752592228,-1.3215932912928437e-06,-9.999963816474223,-9.999977032407136,-9.413917261759614e-07,-9.999964288164769,-9.999986410870333
0,T3-T5,-0.0012021525962961199,-9.995286462156601,-9.997991305498267,-4.039029546598669e-05,-9.999496499199005,-9.999738840971801,1.1443022556533146e-05,-10.0000602144601,-9.999945784234535,8.335527400612914e-09,-9.999969962322309,-9.999969766437415
0,T5-O1,-0.0007159741550129518,-9.99715640621524,-9.99876734806402,-4.370185549497453e-05,-9.99963933557522,-9.99990154670819,-6.439726567711467e-06,-9.99988543436861,-9.999949831634286,-1.3726999582471984e-06,-9.999924625216059,-9.999956883665078
0,Fz-Cz,-8.22061743811364e-05,-9.999675690696137,-9.999860654588494,-0.00010078157958152269,-9.999087102404548,-9.999691791882038,3.5334161758215774e-05,-10.000219956387555,-9.999866614769973,-1.076872456807158e-06,-9.999952733559036,-9.999978040061771
0,Cz-Pz,-0.0003818204750655852,-9.998502793207727,-9.999361889276624,-0.0003290523057816823,-9.997143887373179,-9.99911820120787,2.2235809138164253e-05,-10.00013253608132,-9.999910177989939,-2.684394508991709e-06,-9.999876401749134,-9.999939485020095
0,Fp2-F4,-2.5470590773192276e-05,-9.999658634231476,-9.999715943060716,-5.43490879854164e-05,-9.999591019843704,-9.999917114371616,-2.0612945182007496e-06,-9.99997207107141,-9.999992684016592,-3.2208615702132223e-07,-9.9999796467338,-9.999987215758491
0,F4-C4,1.2410848480704258e-05,-9.999864178825439,-9.999836254416357,-0.00017378109740829768,-9.998635075497619,-9.999677762082069,1.566185770357318e-05,-10.00010746539299,-9.999950846815954,-2.821575093747009e-07,-9.99997981692388,-9.99998644762535
0,C4-P4,-5.55095497541785e-06,-9.999892647082483,-9.999905136731178,-2.038550339522212e-05,-9.999822182716029,-9.9999444957364,1.7390869121090629e-06,-9.999992223164703,-9.999974832295582,-4.6944244299049774e-07,-9.999975772652462,-9.999986804549872
0,P4-O2,-0.0005152583735491535,-9.998137798952547,-9.999297130293032,-4.742612922036473e-05,-9.999623785262282,-9.999908342037603,-7.6063395469136695e-06,-9.999893634329062,-9.99996969772453,-1.7169620299414609e-06,-9.9999339972723,-9.999974345880004
0,Fp1-F3,-0.0004930599173708608,-9.998166245394948,-9.999275630209032,-3.45670378287106e-05,-9.999709140665452,-9.999916542892425,9.100137293335147e-07,-9.999998585714732,-9.999989485577439,-3.6528718223709656e-06,-9.999876803794695,-9.99996264628252
0,F3-C3,-0.0005932744534554681,-9.997414271084391,-9.998749138604666,-4.372102078471523e-05,-9.999658087602006,-9.999920413726715,-4.312598188522557e-06,-9.999909285917424,-9.99995241189931,3.9487793176787565e-10,-9.999989328099204,-9.999989318819573
0,C3-P3,-0.0009875164592703222,-9.9963005861409,-9.998522498174257,-4.250073296545459e-05,-9.999656744763234,-9.999911749161027,-4.509355355306069e-06,-9.999942843113494,-9.999987936667047,-2.4530681698313384e-07,-9.999980655731276,-9.999986420441475
0,P3-O1,-0.00033560212715249687,-9.998776394269202,-9.999531499055294,-3.984267420721109e-05,-9.999658600557735,-9.999897656602979,1.0241138863906362e-05,-10.000073845504046,-9.999971434115407,-3.1973230238313777e-06,-9.999888625678214,-9.999963762769273
0,Fp2-F8,-0.0004134924091572813,-9.998340959939972,-9.999271317860575,-2.868275489095631e-05,-9.99976582507825,-9.999937921607595,3.213494441192731e-06,-10.000006713322788,-9.999974578378376,-2.3455269241024327e-07,-9.999973526354113,-9.999979038342385
0,F8-T4,-0.00013164461625810167,-9.99945520556691,-9.999751405953491,-4.7353282744401126e-05,-9.999592578311804,-9.99987669800827,1.598745930964422e-05,-10.000117160231575,-9.999957285638478,-1.4943744350834003e-06,-9.999920852171083,-9.999955969970308
0,T4-T6,-0.0005951353606445862,-9.997801820463264,-9.999140875024715,-1.630100874700874e-05,-9.999872936595787,-9.99997074264827,5.991152213247822e-06,-10.00002477879521,-9.999964867273077,-6.810137232780632e-07,-9.999963898689629,-9.999979902512125
0,T6-O2,-0.00021854027549436796,-9.99920589043035,-9.999697606050212,-3.828331489798277e-06,-9.999900720635512,-9.99992369062445,-9.672067123527468e-06,-9.999873657410815,-9.99997037808205,-1.4145269220999052e-06,-9.999939500852738,-9.999972742235407
0,Fp1-F7,-7.091272714565439e-05,-9.99970300708749,-9.999862560723567,-1.258513859168129e-05,-9.99988209622625,-9.9999576070578,1.6340735175249969e-06,-10.000000205392913,-9.999983864657738,-3.4382509204141013e-06,-9.999880760230798,-9.999961559127428
0,F7-T3,-0.00019175378727299326,-9.99923542831233,-9.999666874333695,-1.3620083585414747e-05,-9.999873787216565,-9.999955507718077,-1.1053283564970074e-05,-9.999858933416924,-9.999969466252574,-7.910475006500201e-07,-9.999971119995564,-9.99998970961183
0,T3-T5,-0.0004913658943801436,-9.99768274609872,-9.998788319361076,-6.348184650756472e-06,-9.99977927323487,-9.999817362342775,-3.644378516626832e-06,-9.999939043076768,-9.999975486861935,-3.660694177323186e-06,-9.999863590928197,-9.999949617241363
0,T5-O1,-0.0008173871699756238,-9.997003911847786,-9.998843032980231,-8.05338003765914e-05,-9.999279794208322,-9.999762997010581,-5.624395949265412e-06,-9.999873908458191,-9.999930152417685,-2.0657075878432603e-06,-9.999895124375747,-9.999943668504061
0,Fz-Cz,-0.0008641063579579093,-9.996995775954023,-9.998940015259429,-4.304976972320116e-05,-9.999529801090878,-9.999788099709217,3.732250556278348e-06,-9.99994511870703,-9.999907796201468,-5.050081484789139e-07,-9.999977226873757,-9.999989094565246
0,Cz-Pz,-0.0012260512519833954,-9.995297663440097,-9.998056278757058,-1.0699834264660832e-05,-9.9998048954368,-9.999869094442387,-8.319349073287904e-05,-9.999018649590516,-9.999850584497844,-1.9097930863984282e-06,-9.999921204124428,-9.999966084261958
0,Fp2-F4,-3.713267895402689e-05,-9.999869294573841,-9.999952843101488,-1.9529472501779746e-05,-9.999791486937117,-9.999908663772127,-1.9591411417691725e-06,-9.9999749005251,-9.999994491936517,-5.641132564507124e-07,-9.999971323221486,-9.999984579883012
0,F4-C4,-0.00012005974963238374,-9.999423640413431,-9.999693774850103,-0.00031176355237814556,-9.997555290146519,-9.999425871460787,-6.676047013250862e-06,-9.999916937067328,-9.99998369753746,-1.341681688919473e-07,-9.999989940810943,-9.999993093762912
0,C4-P4,-0.0005772131748424438,-9.997952669459147,-9.999251399102542,-1.0298193306873069e-05,-9.999905996029074,-9.999967785188916,4.204575053135242e-06,-10.000024018477943,-9.999981972727412,-2.3613940139667728e-07,-9.999988527627533,-9.999994076903466
0,P4-O2,-0.0004290241960185316,-9.998222067501903,-9.999187371942945,8.199940416450581e-06,-10.00000134426759,-9.999952144625091,5.188400905314893e-06,-10.000019469086554,-9.999967585077501,-7.117215629096179e-07,-9.999956197293157,-9.999972922749885
0,Fp1-F3,-0.0006457699772282171,-9.997518707769398,-9.998971690218161,-2.2443732005220587e-05,-9.999815442446994,-9.999950104839026,3.8636568463013365e-06,-10.00001936078053,-9.999980724212067,-1.2289389897150433e-06,-9.999948944798335,-9.999977824864594
0,F3-C3,-0.001175210193867189,-9.9958508282074,-9.998495051143601,-2.1207006631461587e-05,-9.999817905663798,-9.999945147703587,1.9841465212092307e-05,-10.000140925566887,-9.999942510914765,-3.3865853940407716e-07,-9.999984896029979,-9.999992854505654
0,C3-P3,-0.0019974307342839406,-9.99306370684384,-9.997557925995979,-0.00012929498475868187,-9.998875507219832,-9.999651277128384,1.4534818698847194e-05,-10.000017906706915,-9.999872558519927,-1.1545999472837583e-07,-9.999978507370209,-9.999981220680084
0,P3-O1,-0.0001272012972272671,-9.999399230533788,-9.99968543345255,1.701764661090493e-05,-9.999897771753107,-9.99979566587344,1.0105426632814449e-06,-9.999952758732846,-9.999942653306213,-6.809040853974667e-07,-9.999957599902203,-9.99997360114821
0,Fp2-F8,-0.00014314186834342703,-9.999364407375296,-9.999686476579068,-2.717394058264209e-05,-9.999710594030123,-9.99987363767362,-4.036660195548843e-07,-9.99998980315894,-9.999993839819135,-4.02594582106953e-07,-9.999969813022625,-9.999979273995304
0,F8-T4,-7.911922371241986e-05,-9.999707538039189,-9.999885556292542,-0.0002184036268742194,-9.998283770103583,-9.999594191864828,-2.3288218253658415e-06,-9.999930748817125,-9.999954037035378,-1.3390134051088503e-06,-9.999941584418297,-9.999973051233317
0,T4-T6,-0.00019426136617145,-9.999233616655854,-9.99967070472974,-1.451336493916619e-05,-9.99987458506685,-9.999961665256485,2.0866840665851294e-06,-9.999998647885581,-9.999977781044915,-1.1103636197919837e-06,-9.999952300908005,-9.99997839445307
0,T6-O2,-0.0005528074511709208,-9.997877247109626,-9.99912106387476,7.221552535736673e-06,-9.999955014194366,-9.999911684879152,8.974671776137209e-06,-10.000019103053296,-9.999929356335535,-1.3760071743894584e-06,-9.999941741602829,-9.999974077771427
0,Fp1-F7,-0.0007841669983215122,-9.997064016953557,-9.99882839269978,-2.6370025574132537e-05,-9.999798200978121,-9.999956421131566,-2.25052268063703e-06,-9.999958783231431,-9.999981288458237,-7.688636882265511e-07,-9.999958811149435,-9.999976879446109
0,F7-T3,-4.7770301815109314e-05,-9.99953280230976,-9.999640285488844,-1.627851691886978e-05,-9.9998729481723,-9.999970619273812,1.2177914579377538e-05,-10.000079734227823,-9.99995795508203,-6.97562469393307e-07,-9.999972297716402,-9.999988690434433
0,T3-T5,8.666541053158508e-06,-9.999902778863726,-9.999883279146356,-7.113893291209094e-05,-9.999412475807404,-9.999839309404877,2.699598211735663e-08,-9.999956305995756,-9.999956036035934,-1.3178485843521598e-06,-9.999922574084902,-9.999953543526635
0,T5-O1,-0.0004302807150350874,-9.998353783968918,-9.999321915577747,-1.416241841882819e-05,-9.999872607465871,-9.999957581976384,-4.1608350705986e-06,-9.999945342470406,-9.999986950821112,1.349814633478319e-07,-9.999965293316363,-9.999962121251974
0,Fz-Cz,-0.00037213162672012934,-9.998630224198658,-9.99946752035878,-0.00012759770020124518,-9.998917411897375,-9.999682998098583,1.1702926265999403e-06,-10.000007992599627,-9.999996289673362,-2.987166533408522e-07,-9.99998055796574,-9.999987577807094
0,Cz-Pz,-0.006791994157575069,-9.976143881822749,-9.991425868677293,0.0001189539412578895,-10.000384658933267,-9.999670935285721,-2.112949089773648e-05,-9.999710644059238,-9.999921938968216,-1.6869338344113112e-06,-9.99993513654904,-9.999974779494147
0,Fp2-F4,-0.00046379634617604615,-9.9979880617805,-9.999031603559397,-7.322735281527303e-05,-9.999220442514947,-9.999659806631838,-1.879686573655715e-05,-9.999767196533938,-9.999955165191304,-1.1323302946151657e-06,-9.999958771228686,-9.999985380990609
0,F4-C4,-0.0005722551121502079,-9.997610171559527,-9.998897745561866,-0.0003549553617619029,-9.997223543134155,-9.999353275304726,4.010608396133597e-07,-10.000000048107625,-9.999996037499228,6.649328097958083e-08,-9.99999029059534,-9.999988728003236
0,C4-P4,-0.00041184497238412994,-9.99851838108924,-9.999445032277105,-1.985334310701307e-05,-9.999835190562163,-9.999954310620804,5.556059422610726e-06,-10.00002902560507,-9.999973465010843,-4.0836872751442395e-07,-9.999984369505245,-9.999993966170342
0,P4-O2,-0.0006080358989427115,-9.997630838040479,-9.9989989188131,-8.479486441921614e-08,-9.99993353004179,-9.999934038810977,-7.141840655452939e-06,-9.999911207885912,-9.999982626292466,-4.6953247487742615e-07,-9.999963074908806,-9.999974108921965
0,Fp1-F3,-0.00018023688529273358,-9.999259003663902,-9.99966453665581,1.087110885700005e-05,-9.999922147971056,-9.999856921317914,3.751890711937524e-06,-10.000021233147406,-9.999983714240287,-8.618572180223408e-07,-9.999942949068165,-9.999963202712788
0,F3-C3,-0.0007825666577087743,-9.997125956733038,-9.998886731712883,-8.544975697301424e-06,-9.999899190905298,-9.999950460759482,8.295605890866454e-06,-10.000053511398376,-9.999970555339466,-9.5563457144873e-07,-9.999963139977964,-9.999985597390394
0,C3-P3,-0.0008513728457885875,-9.996783490623958,-9.998699079526983,-1.9829688516914834e-05,-9.999826187239144,-9.999945165370246,7.143470549019054e-07,-9.999998499128111,-9.999991355657562,-7.538729196852864e-07,-9.999971996008616,-9.999989712022229
0,P3-O1,-0.00028933340199464744,-9.998692963431058,-9.999343963585545,-3.185114362628981e-06,-9.999940748778,-9.999959859464177,-7.147826424693096e-06,-9.999912399310105,-9.999983877574351,-1.8967939412558837e-07,-9.999970643255185,-9.999975100720947
0,Fp2-F8,-0.00041836562658007604,-9.998427063619305,-9.99936838627911,-7.190273670300802e-05,-9.999385868343202,-9.99981728476342,9.254009879893132e-07,-9.999995812098097,-9.999986558088217,-1.1578043878046922e-06,-9.999951791322099,-9.999978999725212
0,F8-T4,-2.0092305216970808e-05,-9.999713681639715,-9.999758889326454,-0.00018782813773869615,-9.998517247892611,-9.999644216719043,-2.5962967885896715e-05,-9.999668473185503,-9.999928102864361,-7.48545369496356e-07,-9.999945603478025,-9.999963194294208
0,T4-T6,5.586001017737297e-06,-9.999775473252356,-9.999762904750066,-1.5909626858808252e-05,-9.999865927950372,-9.999961385711526,-1.5529272485420593e-06,-9.999981652696283,-9.999997181968768,-1.1990453215794176e-06,-9.999952850095491,-9.999981027660548
0,T6-O2,-0.0001671653880555614,-9.999156666545895,-9.99953278866902,1.1363989543346375e-05,-9.999968027232123,-9.999899843294862,8.607096528879179e-07,-9.999987727991245,-9.999979120894716,-4.346736006510853e-07,-9.999966416096992,-9.999976630926607
0,Fp1-F7,-0.00011696344093943217,-9.99957924592684,-9.999842413668954,2.1816703633697582e-06,-9.99997942421075,-9.999966334188569,1.0441434310435716e-05,-10.00008002136957,-9.999975607026466,-8.576798957925232e-07,-9.99994978634872,-9.999969941826272
0,F7-T3,-8.199322945010566e-05,-9.999515117710365,-9.999699602476628,-2.1629905899234634e-05,-9.999829484870018,-9.999959264305414,-3.95875816126993e-06,-9.99992533226052,-9.999964919842133,-6.128485592373341e-07,-9.999976924579608,-9.99999132652075
0,T3-T5,-0.0002578281094285155,-9.998618964147902,-9.999199077394115,-4.382627398069731e-06,-9.999927996455854,-9.999954292220243,-1.2404590069980867e-05,-9.999849257462248,-9.999973303362948,-1.541661582581376e-06,-9.999936036386837,-9.999972265434026
0,T5-O1,-0.0006959747148335854,-9.996921905468765,-9.99848784857714,5.1569636957784055e-06,-9.999988008929074,-9.9999570671469,2.656198997662827e-06,-10.00001942955305,-9.999992867563073,-1.0451207420455187e-06,-9.999923118529871,-9.99994767886731
0,Fz-Cz,-0.00016108745100256139,-9.99886193155319,-9.999224378317946,-0.00010759600874744048,-9.999002169347477,-9.999647745399962,-1.6175847537702648e-07,-9.999974094854293,-9.999975712439047,-5.245418454580963e-07,-9.999972450383941,-9.99998477711731
0,Cz-Pz,-0.0010108006249071185,-9.9961977419393,-9.998472043345341,-6.497374361968608e-05,-9.999448291812447,-9.999838134274166,-3.427734312192614e-05,-9.999548913252033,-9.999891686683252,-1.7450122763113897e-06,-9.999917286524939,-9.999958294313432
0,Fp2-F4,-0.003899081565308864,-9.984720098960626,-9.99349303248257,-3.491375224794085e-05,-9.999733951500037,-9.999943434013524,-3.241850523053809e-06,-9.999959537788026,-9.999991956293258,-1.7954262612298357e-07,-9.99996975315055,-9.999973972402264
0,F4-C4,-0.013714415516720728,-9.94019464355966,-9.971052078472283,-0.0004000021613876154,-9.995044206939227,-9.997444219907551,-2.710789405580253e-05,-9.999674844138543,-9.999945923079101,-1.1542505470388303e-06,-9.999948666144242,-9.999975791032098
0,C4-P4,-0.0002163958556329922,-9.998783843065508,-9.999270733740683,-4.802089268562259e-06,-9.999882409492232,-9.999911222027842,-3.60125887450253e-06,-9.999948067794904,-9.99998408038365,-2.1652966513616952e-07,-9.999989180561695,-9.999994269008825
0,P4-O2,-0.0032511856831804694,-9.986968473955724,-9.99428364174288,-7.477198345694085e-05,-9.999289501222695,-9.999738133123437,-1.0928330103932726e-06,-9.999971852575968,-9.999982780906072,-2.1748121844182734e-06,-9.99991562322162,-9.999966731307953
0,Fp1-F3,-0.0010484180969840401,-9.995568637862151,-9.997927578580365,-2.8706660977758823e-05,-9.999771792749316,-9.999944032715183,1.5006832688573773e-05,-10.00011871166364,-9.999968643336755,-7.694071355465445e-07,-9.999960595076308,-9.999978676143993
0,F3-C3,-0.0006175254210680536,-9.997399142686241,-9.998788574883644,-8.142881982445425e-05,-9.999321789882119,-9.999810362801066,3.16567665620739e-05,-10.000243767847628,-9.999927200182007,-8.495730408471352e-07,-9.99996553754439,-9.999985502510851
0,C3-P3,-0.0006365783844006938,-9.997049177034196,-9.998481478399098,-4.869312983918918e-06,-9.999777639618282,-9.999806855496185,1.1183265005145597e-05,-10.000030509941785,-9.999918677291735,-7.752651770761174e-07,-9.999970718869639,-9.9999889376013
0,P3-O1,-0.0005102829564850559,-9.997880995991494,-9.999029132643585,-5.487185902304833e-06,-9.999926105492658,-9.999959028608073,1.7525011839337498e-06,-10.000009240379658,-9.999991715367818,-3.61951624093861e-07,-9.999976444864611,-9.999984950727777
0,Fp2-F8,-0.0023751002627774,-9.989416648719338,-9.994760624310587,1.2879777316333997e-05,-10.000016430914512,-9.999939152250613,-1.1415061642635214e-06,-9.999966370274818,-9.99997778533646,-5.036561827907166e-07,-9.999967804017363,-9.999979639937658
0,F8-T4,-0.007578207524501933,-9.969226496725302,-9.986277463655432,-0.000451140824346392,-9.995846648031598,-9.998553492977678,-6.983295898450932e-06,-9.999913638916619,-9.999983471875604,-7.342263254429579e-07,-9.999947796980138,-9.999965051298785
0,T4-T6,-0.0001289241219500435,-9.999442606471671,-9.999732685746059,-6.647486075093856e-05,-9.999444741520641,-9.999843590685147,-9.10540383730377e-06,-9.999883432754539,-9.999974486792912,-2.4112660074227263e-06,-9.99991047145007,-9.999967136201244
0,T6-O2,-0.0008162758898335711,-9.996866899933448,-9.998703520685574,-2.6840689714110884e-05,-9.99973664257445,-9.999897686712734,-2.9538983871175e-06,-9.999950339649294,-9.999979878633164,-2.8695009121808396e-06,-9.999905077612144,-9.99997251088358
0,Fp1-F7,-4.374197914498963e-05,-9.999623713125795,-9.99972213257887,-2.0603986440768356e-05,-9.999848337791509,-9.999971961710154,1.900801484214202e-05,-10.000149008734647,-9.999958928586226,-3.71727192346838e-07,-9.999959105269518,-9.999967840858538
0,F7-T3,8.125785620155295e-05,-9.99996874116272,-9.999785910986265,3.1106019367650187e-06,-9.999954323696077,-9.999935660084457,-7.443771174378517e-07,-9.999960085184384,-9.999967528955558,-8.661303467681062e-07,-9.99996794817775,-9.999988302240899
0,T3-T5,-1.4376379727225764e-05,-9.998340058317645,-9.99837240517203,-0.00010378301110557647,-9.999116576250119,-9.999739274316752,3.0136773426091642e-05,-10.000138803981521,-9.99983743624726,-3.0853548094194944e-07,-9.999939643140594,-9.999946893724397
0,T5-O1,8.116117198088434e-05,-9.999452968448276,-9.99927035581132,-0.00023773986238420517,-9.997965391503572,-9.999391830677876,1.7251172851756462e-05,-10.000081727929325,-9.999909216200807,4.6225949362143035e-07,-9.999986777201126,-9.999975914103027
0,Fz-Cz,-0.002334467395669368,-9.98840161997962,-9.993654171619875,-1.2911624109921553e-06,-9.99995198675194,-9.999959733726406,-2.4628886139307874e-06,-9.999964804778047,-9.999989433664187,-7.013670965313999e-07,-9.99997585236665,-9.999992334493419
0,Cz-Pz,-0.00262153829407382,-9.989423023155055,-9.99532148431672,-5.627376686216482e-05,-9.999290353200617,-9.99962799580179,5.8581896942903814e-05,-10.000318029086852,-9.999732210117424,-3.078303802052639e-06,-9.99989530701844,-9.999967647157789
0,Fp2-F4,-0.0007910449118174567,-9.99663978502669,-9.99841963607828,-0.00025269893567842627,-9.998081393544048,-9.999597587158119,1.6778193495818363e-06,-9.999987554348037,-9.99997077615454,-7.415965428348463e-08,-9.999988045943567,-9.999989788695443
0,F4-C4,-0.0009860835100943743,-9.992970867017728,-9.995189554915441,-0.00044116862357167946,-9.99557598715296,-9.998222998894391,-2.110786952034896e-05,-9.999557425729138,-9.999768504424342,-9.539020297926361e-06,-9.999723165984346,-9.999947332961346
0,C4-P4,-0.00013885720857418629,-9.999219566523202,-9.999531995242494,-0.00032489954477034816,-9.997386189593463,-9.999335586862085,-2.9596056629711788e-06,-9.999935092055527,-9.999964688112156,-5.675259443716931e-07,-9.999975432993757,-9.99998876985345
0,P4-O2,-0.0005658429189483356,-9.997927636469628,-9.999200783037262,-9.542229280825244e-05,-9.999027850332508,-9.999600384089359,-2.5388467142070165e-05,-9.999620475880617,-9.999874360552038,-1.7460957063591566e-06,-9.999924121563517,-9.999965154812616
0,Fp1-F3,-0.00013115849453769544,-9.999381273663257,-9.999676380275966,-5.883985473853944e-05,-9.999523298732539,-9.99987633786097,2.773157681500333e-06,-10.000010695680102,-9.999982964103287,-4.832168218625585e-06,-9.99983853237443,-9.999952088327568
0,F3-C3,-0.0014177065190965723,-9.99422857675772,-9.997418416425688,-5.261302883153511e-05,-9.999606370072158,-9.999922048245146,3.5829652110929416e-05,-10.000262284559314,-9.999903988038206,-8.856280840143112e-07,-9.999966597154923,-9.999987409414897
0,C3-P3,-2.8586775160360695e-05,-9.999806473658914,-9.999870793903025,2.1824464518682105e-05,-10.000057481985733,-9.999926535198622,1.758249538844434e-05,-10.000098069775134,-9.99992224482125,-8.455083630245977e-07,-9.999967748429116,-9.999987617875647
0,P3-O1,-4.306885142994313e-05,-9.999293391035357,-9.999390295951073,-1.6426487042517016e-06,-9.999982038554837,-9.999991894447062,1.8186140898651309e-06,-10.000009172555028,-9.99999098641413,-1.0414692515331347e-06,-9.999945609489144,-9.999970084016555
0,Fp2-F8,-0.004223976035363681,-9.979667047370528,-9.989170993450097,-0.0016660000051140088,-9.985793496624611,-9.995789496655295,6.824236445770313e-06,-10.00002016299404,-9.999951920629583,-3.362784468706166e-07,-9.999968674761359,-9.99997657730486
0,F8-T4,-0.0016646172418223635,-9.993144755717596,-9.996890144511696,-9.908032641694823e-05,-9.99883887257731,-9.99943335453581,0.00010676127865891428,-10.000764079069622,-9.999696466283034,-9.9953924130046e-06,-9.999686705889635,-9.99992159761134
0,T4-T6,-0.00030456567419493954,-9.994668296952753,-9.995353569719692,-0.0008388664543416282,-9.991640729873371,-9.99667392859942,-2.0426735856589524e-06,-9.999900735468643,-9.9999211622045,-1.4944700293680456e-06,-9.999937321491593,-9.999972441537283
0,T6-O2,4.2232537395664066e-05,-9.99990353211258,-9.99980850890344,-4.243607744994879e-05,-9.999548639100478,-9.999803255565178,-8.246473717147527e-06,-9.999895269297031,-9.999977734034204,-3.7551391556633607e-06,-9.999879641128743,-9.9999678868989
0,Fp1-F7,-1.022438972164702e-05,-9.999802673390638,-9.999825678267513,3.690835088961509e-07,-9.999981372710396,-9.999979158209342,-9.551102632583178e-07,-9.999946577297159,-9.999956128399791,-3.1864001855569443e-06,-9.999878440216602,-9.999953320620962
0,F7-T3,-0.00011660878507640969,-9.999550889716383,-9.999813259482805,-7.19018560887677e-05,-9.999423548701326,-9.999854959837858,-6.55565764115158e-06,-9.999916623213936,-9.999982179790347,-7.328966747815925e-07,-9.999970616080429,-9.999987839152286
0,T3-T5,-0.000985162450037977,-9.996152241542788,-9.998368857055373,-1.3250200596421406e-05,-9.99946477539304,-9.999544276596618,-4.9286501795340674e-05,-9.999322134627707,-9.999814999645661,-6.71071677501285e-07,-9.999931709780803,-9.999947479965224
0,T5-O1,0.00011787746644390876,-9.99995772447063,-9.99969250017113,-3.924516771838406e-05,-9.999510890666967,-9.999746361673276,-4.297370573470562e-05,-9.99943085807306,-9.999860595130407,-2.9378903044311413e-06,-9.999880692622446,-9.9999497330446
0,Fz-Cz,-0.0023253783897089764,-9.991852446810773,-9.997084548187619,-0.0003212997005690394,-9.99750588992131,-9.999433688124725,-1.1851590168832551e-05,-9.999849152668306,-9.999967668569994,-1.0502631409316698e-06,-9.999952647653716,-9.999977328837527
0,Cz-Pz,-0.0010078999594641544,-9.99388234754454,-9.996150122453335,4.8114585885377635e-05,-9.999791314797603,-9.999502627282292,1.2006935977540756e-05,-10.00005031385281,-9.999930244493035,-3.1518943298929683e-06,-9.999849787708849,-9.999923857225602
0,Fp2-F4,-0.0008243816744443063,-9.996600289306683,-9.998455148074182,-0.00013512439663028775,-9.998901903177162,-9.999712649556944,-6.259879619124799e-07,-9.999989255909085,-9.999995515788704,-2.6791809847054832e-08,-9.999988867101914,-9.999989496709444
0,F4-C4,-0.0008955790020536199,-9.996378966065606,-9.998394018820226,-0.0002596061260045111,-9.997886675825624,-9.999444312581652,-8.627629641707268e-06,-9.99989141482388,-9.999977691120296,-1.629287518364067e-07,-9.999982228949563,-9.999986057775232
0,C4-P4,-0.005450659701875031,-9.980717080398142,-9.99298106472736,-2.9287619790321417e-05,-9.999772828231485,-9.999948553950228,6.2269784870597855e-06,-10.000032123228353,-9.999969853443483,-2.5828980194244325e-07,-9.99998886750046,-9.999994937310804
0,P4-O2,-0.0004997587150149961,-9.997797286288703,-9.998921743397487,1.0079012718663612e-05,-9.999975345195228,-9.999914871118916,1.7323707483046296e-06,-10.000008927885823,-9.999991604178339,-9.390239246588731e-07,-9.999954459566911,-9.99997652662914
0,Fp1-F3,-0.00039003729710265897,-9.998517681789172,-9.999395265707653,-2.8571174587761164e-05,-9.999663767209093,-9.999835194256619,6.825517769261312e-06,-10.000045581216405,-9.999977326038712,-2.095527192634657e-06,-9.999909646349984,-9.999958891239011
0,F3-C3,-0.0004703558833134815,-9.997524517927559,-9.998582818665014,-5.640764250294394e-05,-9.999530296001648,-9.999868741856666,-2.1635189438003914e-06,-9.999944691517992,-9.99996632670743,-1.2590713118618469e-06,-9.99995560913941,-9.99998519731524
0,C3-P3,-0.000701891027952706,-9.997262361827941,-9.998841616640835,-5.901344316256028e-05,-9.999535743544607,-9.999889824203583,2.789119378198493e-06,-9.999971889863318,-9.999943998669536,-3.8290415079840493e-07,-9.99997490300411,-9.999983901251655
0,P3-O1,-0.0004177623677914025,-9.998513770799745,-9.999453736127276,-5.545020554962846e-05,-9.999562875561674,-9.999895576794971,3.1606596143951234e-06,-10.000012688680439,-9.999981082084295,2.816705234511771e-07,-9.999979241405779,-9.999972622148478
0,Fp2-F8,-0.0016440939961138742,-9.993041134278657,-9.996740345769913,-0.00013405397340453476,-9.998922042322762,-9.99972636616319,-9.116530499803604e-06,-9.999881527281564,-9.999972692586562,-1.2774847748471228e-06,-9.999943784017919,-9.999973804910129
0,F8-T4,-0.0006797122861868193,-9.997424473750476,-9.998953826394397,-0.00018687507601054256,-9.998438806995598,-9.99956005745166,-2.2215594738816278e-06,-9.999946249022377,-9.999968464617115,-7.977962931988469e-07,-9.999959874626818,-9.999978622839707
0,T4-T6,-0.0012851018801598717,-9.995061005929594,-9.997952485159955,4.082614563649529e-06,-10.000003934624386,-9.999979438937004,1.1637687142681417e-05,-10.00007521395093,-9.999958837079504,-2.4574223120698226e-07,-9.999980695702503,-9.999986470644936
0,T6-O2,-5.031289761368873e-05,-9.999751583572912,-9.999864787592543,-2.7049369342677967e-06,-9.99986918509672,-9.999885414718326,8.926317989072317e-06,-10.000073944642915,-9.999984681463024,2.3378079559564366e-08,-9.99998518950675,-9.99998464012188
0,Fp1-F7,-7.325829960942857e-05,-9.999720395701447,-9.999885226875568,-2.4455549032664542e-05,-9.999784394678814,-9.99993112797301,-1.0532372770005678e-05,-9.999870583151013,-9.999975906878714,-3.2316454831446767e-06,-9.99987917187063,-9.999955115539484
0,F7-T3,-7.985762127227781e-06,-9.999874079049258,-9.999892047014045,-5.121758208813601e-05,-9.999562001744575,-9.999869307237104,-7.8454886943697e-07,-9.999989246717181,-9.999997092205875,-7.116612341242136e-07,-9.999974249389327,-9.999990973428329
0,T3-T5,-0.0005754683848970857,-9.997908384970328,-9.999203188836347,-1.217462296172547e-05,-9.99978158564648,-9.999854633384249,4.308566686013942e-05,-10.000272097271694,-9.999841240603093,-6.499027605046571e-06,-9.999766111548919,-9.999918838697637
0,T5-O1,-0.00011734446763230901,-9.999484897687848,-9.999748922740022,2.0490843566753473e-05,-9.999929405927444,-9.999806460866044,-4.083472325505666e-06,-9.999912071275931,-9.999952905999185,-4.9622131336070895e-06,-9.999808223408793,-9.999924835417433
0,Fz-Cz,0.00011812534963052371,-9.999623862406922,-9.999358080370254,-0.00025962217071955643,-9.997856937547198,-9.999414670571515,-2.2614499619137397e-05,-9.999736540450304,-9.999962685446494,-1.5087414946383547e-06,-9.99994860963168,-9.999984065056804
0,Cz-Pz,-0.002221850640976874,-9.990522085927315,-9.995521249869514,-8.216235679145264e-05,-9.999237502834283,-9.999730476975031,-1.6913806909160277e-05,-9.999699401264378,-9.99986853933347,-5.059662989137086e-07,-9.99997053897233,-9.999982429180355
0,Fp2-F4,-0.00024546005261922465,-9.99903353421156,-9.999585819329953,-1.5536315017355573e-05,-9.999858435298655,-9.99995165318876,-1.3131612642038549e-05,-9.999842981270211,-9.999974297396632,-7.326605377934916e-07,-9.999969580131921,-9.99998679765456
0,F4-C4,-0.000192621995123349,-9.999297618076024,-9.999731017565052,-0.0001930568107573304,-9.998471730469435,-9.999630071333979,-6.808078761428583e-06,-9.999920221330674,-9.999988302118288,1.847005465924023e-07,-9.999997028207236,-9.999992687744392
0,C4-P4,-0.0004984218914802552,-9.998096131691188,-9.999217580947018,6.383932411103404e-07,-9.999993577979161,-9.999989747619715,-6.314224921356512e-07,-9.999989409717466,-9.999995723942387,-6.864694850941586e-07,-9.9999737022835,-9.999989834316398
0,P4-O2,-0.00017406350195069264,-9.999364285615988,-9.999755928495377,-3.0153016306420618e-05,-9.99976651687862,-9.999947434976457,-1.1617263449810438e-05,-9.99983424203751,-9.999950414672009,-1.9049501556264767e-06,-9.999922424257855,-9.999967190586512
0,Fp1-F3,-0.0001682348631250085,-9.99927452431046,-9.99965305275249,-3.196972853764323e-05,-9.999701617381222,-9.999893435752448,3.438823586513781e-06,-10.000009361669216,-9.99997497343335,3.885378132656841e-07,-9.999989287475117,-9.999980156836505
0,F3-C3,-0.0015478803888641225,-9.994406417542683,-9.997889148417627,-0.00010181931799265353,-9.999113631037236,-9.999724546945192,9.10172623055137e-06,-10.00003909934247,-9.999948082080165,-8.844119169025499e-08,-9.999984622258092,-9.999986700626096
0,C3-P3,-0.002408759766278351,-9.9909457806021,-9.996365490076226,-3.3765146844629426e-05,-9.99966230916907,-9.999864900050138,-3.987427066536351e-07,-9.999970182371566,-9.999974169798632,-3.8221359033662866e-07,-9.999973179064952,-9.999982161084326
0,P3-O1,-3.5523503676284334e-05,-9.999634304781123,-9.999714232664395,-8.08867466186293e-06,-9.99992004713799,-9.999968579185962,3.1890510732408786e-07,-9.999998662619616,-9.999995473568543,1.2274534235632045e-07,-9.999976430899556,-9.99997354638401
0,Fp2-F8,-5.1324760254894715e-05,-9.999753240479903,-9.999868721190476,-9.93687788111104e-05,-9.999187245810571,-9.999783458483437,-2.34084876150404e-07,-9.999986012798887,-9.999988353647648,-3.1234640204618525e-07,-9.999969409824438,-9.999976749964885
0,F8-T4,-9.475281816534512e-05,-9.999591749720711,-9.999804943561584,-0.00020599790560881285,-9.998386793242064,-9.999622780675717,4.650791113050327e-06,-10.000037241203984,-9.999990733292853,-1.0890706140526753e-06,-9.999937760399368,-9.999963353558798
0,T4-T6,-8.416213878356168e-05,-9.99959132180844,-9.999780686620703,1.0158666672748304e-06,-9.999999126154636,-9.999993030954633,-8.298757378963892e-06,-9.999894392672363,-9.999977380246152,1.6378442957394698e-07,-9.999983114386488,-9.999979265452394
0,T6-O2,-7.404660033880978e-05,-9.99971431634603,-9.999880921196791,2.62352388455372e-06,-9.99999045284956,-9.999974711706251,-1.234591685020543e-05,-9.999828240055313,-9.999951699223816,-1.1438286827787407e-06,-9.999951156768372,-9.999978036742418
0,Fp1-F7,-0.0005938780854943527,-9.997817052278876,-9.999153277971239,-3.402637031061314e-05,-9.999653520901845,-9.999857679123709,-1.0229054236459815e-06,-9.999984854530808,-9.999995083585045,7.582250705318955e-08,-9.999981066573792,-9.999979284744876
0,F7-T3,-0.0004095681614920141,-9.99847656836142,-9.999398096724777,-3.083401587104461e-05,-9.99976652736418,-9.999951531459406,-1.3838591584223007e-05,-9.999822827232741,-9.999961213148584,-5.899833560834292e-07,-9.999969802487671,-9.999983667096538
0,T3-T5,-0.0005514190989744121,-9.99798403510734,-9.999224728080032,-3.868416152307101e-05,-9.999656299089635,-9.999888404058773,1.4378902568439946e-05,-10.000040527986961,-9.999896738961276,-2.3627891567486625e-06,-9.999876143350324,-9.999931668895508
0,T5-O1,-0.001314748577687062,-9.995396706930165,-9.998354891229962,-1.6892599936939053e-05,-9.99979519049146,-9.999896546091081,1.889582151607633e-05,-9.99999072647908,-9.99980176826392,-6.838104723938967e-06,-9.999763303213463,-9.999923998674475
0,Fz-Cz,-0.000817028150478427,-9.996574955411914,-9.99841326875049,-0.00016248735621489483,-9.998591300837973,-9.999566224975261,-6.943534810095495e-06,-9.999908877621749,-9.99997831296985,-1.9427446047771773e-07,-9.999988432103267,-9.999992997553088
0,Cz-Pz,-0.0006233205227143362,-9.997637964368556,-9.999040435544662,-5.000753310921756e-06,-9.999912143328471,-9.999942147848337,-3.384998916915078e-05,-9.99950241948992,-9.999840919381612,-2.809168966926729e-06,-9.999887268626859,-9.99995328409758
0,Fp2-F4,-0.0007111395373393517,-9.997307843690598,-9.998907907649611,-6.464393494635739e-05,-9.999513057721689,-9.999900921331367,1.0887478281989137e-06,-10.000003342724732,-9.99999245524645,2.0537632110172083e-08,-9.99999043731296,-9.999989954678606
0,F4-C4,-0.0009376552681168221,-9.995926886440083,-9.998036610793346,-0.00017765852986039493,-9.998652250194723,-9.999718201373886,-4.204220147419245e-06,-9.999940856829847,-9.999982899031322,-1.3501482560475495e-08,-9.999992670364724,-9.999992987649565
0,C4-P4,-5.886058203310249e-05,-9.999445997725473,-9.999578434035048,-1.5564813125351528e-05,-9.999843295556698,-9.99993668443545,-1.6018586010092112e-06,-9.999973813279766,-9.999989831865776,-9.796059995155821e-07,-9.999966388498416,-9.999989409239404
0,P4-O2,-0.00015974967967943726,-9.998577729683472,-9.99893716646275,-1.2448037566280117e-05,-9.99987813067621,-9.999952818901608,-2.2173511425216927e-05,-9.99972704740861,-9.999948782522862,-1.0718842078218077e-06,-9.999951145667684,-9.999976334946567
0,Fp1-F3,-0.00021954537029957052,-9.99907251435506,-9.999566491438234,-5.724279387342509e-05,-9.999557066327238,-9.99990052309048,-1.7598788989350468e-06,-9.999970949385187,-9.999988548174176,-9.365896793072098e-07,-9.999954006218198,-9.999976016075662
0,F3-C3,-0.0008533113100445718,-9.996956886317486,-9.998876836765087,-4.274178893076712e-06,-9.999867839386797,-9.999893484460156,5.213802541450614e-07,-9.999991424991727,-9.999986211189185,-8.47135515706627e-08,-9.999981453065677,-9.99998344383414
0,C3-P3,1.1236119339505178e-06,-9.999023382165346,-9.999020854038495,-3.722794091035931e-05,-9.999662103253184,-9.999885470898647,-1.9983230723689315e-05,-9.999728753178143,-9.99992858548538,-2.5501516715147544e-07,-9.999982430174638,-9.999988423031066
0,P3-O1,-0.00033424693068743945,-9.998738589830635,-9.999490645424682,1.0516167696648188e-05,-9.999970876391721,-9.999907779385541,-1.5385764381399326e-06,-9.999923986374665,-9.999939372139046,-1.1061834541992048e-06,-9.99995230714095,-9.999978302452122
0,Fp2-F8,-0.00046011561349714207,-9.998399045554214,-9.999434305684582,-0.00019308009679325336,-9.998512832669256,-9.999671313250015,4.262744461896143e-06,-10.000023388627898,-9.999980761183279,5.229858517096637e-07,-9.999997027531608,-9.999984737364093
0,F8-T4,-5.2205714813044916e-05,-9.999568735102953,-9.999686197961282,-9.347415461491997e-05,-9.999213871097774,-9.999774716025463,1.28164603943941e-05,-10.000101452371544,-9.999973287767599,-2.0187390833098546e-06,-9.999908887943368,-9.999956328311827
0,T4-T6,-2.8509874663460753e-05,-9.999651656057065,-9.999715803275057,-6.702079929125349e-06,-9.999916837411657,-9.999957049891233,-4.587602924676675e-06,-9.999933644255654,-9.999979520284901,-1.197796504534802e-06,-9.999947738389082,-9.999975886606938
0,T6-O2,-8.810724139825967e-05,-9.99907735392452,-9.999275595217666,1.133292679586785e-05,-10.000001491965154,-9.99993349440438,-2.1087339425812855e-05,-9.999734721246252,-9.99994559464051,-2.1036015418307433e-06,-9.999927268612053,-9.999976703248286
0,Fp1-F7,-5.5390451192132806e-05,-9.999732375064205,-9.999857003579388,-3.1422615815636364e-05,-9.999753765475175,-9.99994230117007,2.0922063724550925e-06,-9.999998945866647,-9.999978023802923,-1.273526699370077e-06,-9.99994826748899,-9.999978195366426
0,F7-T3,-0.000279609016653089,-9.99864664116327,-9.99927576145074,-9.854556497879161e-06,-9.999873574080667,-9.999932701419654,-2.9017806558370326e-06,-9.99995615831322,-9.999985176119777,-6.430289744603662e-07,-9.999975218379015,-9.999990329559916
0,T3-T5,-0.00028537180356303813,-9.998325711349915,-9.998967797907932,-7.99094600269433e-05,-9.99935877300502,-9.999838229765183,1.867445470690138e-05,-10.00011130473519,-9.999924560188122,-4.632371095369281e-06,-9.999812507682984,-9.999921368403726
0,T5-O1,-0.00010182406574583325,-9.999390716515185,-9.999619820663114,-0.00016530178426470436,-9.998724853023822,-9.99971666372941,2.93288342238719e-06,-9.99995335282199,-9.999924023987766,-3.4408639942909266e-06,-9.999864991214364,-9.99994585151823
0,Fz-Cz,-0.00029391262643395106,-9.9985207698177,-9.999182073227177,-3.1121152120382076e-05,-9.999694141594489,-9.999880868507212,-1.1784053730534884e-06,-9.999977671600082,-9.999989455653813,-5.455838994908423e-07,-9.999973735156349,-9.999986556377987
0,Cz-Pz,-0.00039664252338818284,-9.99754199945312,-9.998434445130743,-5.1435739627979005e-05,-9.999520092528183,-9.999828706965951,-1.6083131388198805e-05,-9.999789090767278,-9.99994992208116,-5.486488663866676e-06,-9.999823692340076,-9.999952624823678
0,Fp2-F4,-0.0002803417872193681,-9.995416918770673,-9.996047687791917,-0.0007423000273267039,-9.994238772128227,-9.998692572292187,-3.154091587860144e-05,-9.999619852412707,-9.999935261571492,-6.9763748044572e-07,-9.999969834064618,-9.999986228545408
0,F4-C4,0.0003784381066727693,-9.998069082904673,-9.997217597164658,0.0002998486357477236,-10.001028815226457,-9.99922972341197,-0.00011970810452696425,-9.998645069402953,-9.999842150448222,-3.1969069425985963e-06,-9.999898033343504,-9.999973160656655
0,C4-P4,3.7078637580868465e-05,-9.999083842486264,-9.999000415551707,-4.1565467119348653e-05,-9.999048876498287,-9.999298269301004,7.83041921244056e-06,-10.000044545770812,-9.999966241578688,-2.4390646503403666e-06,-9.999924987668823,-9.999982305688107
0,P4-O2,-0.09541829986953368,-9.62260745593072,-9.83729863063717,4.9709523633959504e-05,-9.997875219333336,-9.997576962191532,0.00033485014291289737,-10.002167364402059,-9.99881886297293,-2.4616715357677282e-05,-9.999237208820675,-9.999815701631581
0,Fp1-F3,-6.987096476398465e-05,-9.999350638168465,-9.999507847839185,-0.0008247576784152071,-9.993640586861734,-9.998589132932224,-0.00019117964198601516,-9.997647359334339,-9.999559155754199,-2.859221992946928e-06,-9.999896984571052,-9.999964176287886
0,F3-C3,-0.0046059173658300305,-9.982066470245893,-9.992429784319011,-0.0003648368144463927,-9.996301181569057,-9.998490202455736,-0.00035068931487757486,-9.995768586094037,-9.999275479242813,-7.904815723150991e-07,-9.99996660669219,-9.999985183009139
0,C3-P3,-0.01287555708897617,-9.952142790251942,-9.981112793702138,-7.219340392512095e-05,-9.997453701345517,-9.997886861769068,-0.00018727690399953381,-9.997875199006208,-9.999747968046202,-4.136486315736444e-06,-9.999867484797273,-9.999964692225692
0,P3-O1,-0.05916278413986952,-9.776028803522896,-9.909145067837603,-0.00026019282496361605,-9.994304763153956,-9.995865920103737,-0.0006952514559494052,-9.990477879933344,-9.997430394492838,-2.5746948109281416e-05,-9.999211758128022,-9.99981681140859
0,Fp2-F8,0.0004262364928603225,-9.995726701353792,-9.994767669244856,-0.00022620465619250342,-9.99811268192712,-9.999469909864276,3.607674058829213e-05,-10.00024228458734,-9.999881517181457,-5.2256712740085554e-06,-9.999834822753762,-9.999957626028701
0,F8-T4,-0.0010682963660852952,-9.989288029211004,-9.991691696034696,-0.00047416273682852585,-9.99586688953399,-9.998711865954961,-0.00010152302494103308,-9.998652384743913,-9.999667614993323,-8.416526100128177e-06,-9.999738940819876,-9.99993672918323
0,T4-T6,0.00025692990787216566,-9.998475972223481,-9.997897879930768,0.00010233213520030747,-9.999595551194238,-9.998981558383036,0.00019198565215600716,-10.001082861687287,-9.999163005165727,-1.3091975802358201e-05,-9.999605980679942,-9.999913642111297
0,T6-O2,-0.09185921727968233,-9.642691752715805,-9.849374991595091,-0.0010435226185104998,-9.98869614604493,-9.994957281755992,-0.00017984610941717714,-9.997559409270394,-9.999357870364566,-4.174821790217106e-05,-9.998754053702399,-9.9997351368231
0,Fp1-F7,-7.537920858454822e-05,-9.99929961019394,-9.999469213413256,-1.7389356276379796e-05,-9.999867734049895,-9.999972070187553,-5.2794182259523205e-05,-9.999298231968062,-9.999826173790657,-1.6520291202487306e-06,-9.999926683872753,-9.999965506557078
0,F7-T3,-0.00540045457944921,-9.979035636322156,-9.991186659125916,-0.0002845123501451041,-9.99658785408613,-9.998294928187,-0.00024078835674997,-9.996963986513085,-9.999371870080585,-1.486332601475943e-05,-9.99955659340627,-9.999905881567617
0,T3-T5,-0.05258093479096839,-9.808495629221984,-9.926802732501663,0.0005197231338578539,-9.999515867510999,-9.99639752870785,7.300625373521307e-05,-10.000337904345654,-9.999607841808302,-1.828914415380294e-05,-9.99939652790719,-9.999826322794805
0,T5-O1,-0.034604332832013925,-9.863155504479472,-9.941015253351503,0.0008185575598178419,-9.991639005425696,-9.986727660066789,-0.0005872747514000629,-9.99212279065464,-9.997995538168642,-2.6420326312784103e-05,-9.999161577670355,-9.999782455338705
0,Fz-Cz,0.0007569181581136266,-9.998371568612253,-9.996668502756497,-0.0004756889089031153,-9.995204035005134,-9.998058168458552,-0.00018384430579815265,-9.99786626465361,-9.99970470771159,-1.933610461540531e-06,-9.999930393507947,-9.999975833353794
0,Cz-Pz,-0.025861749246454308,-9.902691160994106,-9.960880096798627,-0.0003265641036696337,-9.99583360620784,-9.997792990829858,-0.0003149254139197446,-9.996145550424306,-9.999294804563503,-2.2339913446974953e-06,-9.999905536210225,-9.999958035006825
0,Fp2-F4,-0.132355193884542,-9.435438807817896,-9.733237994058115,-0.006704266190233317,-9.94800066573047,-9.988226262871871,-0.001588418182742677,-9.980992932386016,-9.996877114213444,-3.142150589293847e-05,-9.998802314909254,-9.999540720297738
0,F4-C4,-0.14878396026264043,-9.40714189051506,-9.741905801106,-0.008826311293549475,-9.918091007890268,-9.971048875651565,-0.005661016134996068,-9.930888787063502,-9.987498948413462,-0.0001411507350962319,-9.995667569443789,-9.99898461171855
0,C4-P4,-0.01946628394642977,-9.842128001427191,-9.88592714030666,-0.023995158262623054,-9.791889787350375,-9.935860736926113,-0.0005541133971664769,-9.992008800752776,-9.997549934724441,-6.701779876639663e-06,-9.999786277367813,-9.999943769194914
0,P4-O2,-0.05703223549175309,-9.715194217646498,-9.843516747502942,-0.007969585012377033,-9.911043912382878,-9.95886142245714,-0.000817938027618321,-9.989538812231785,-9.99771819250797,-3.136945740309302e-06,-9.999885914546827,-9.999959632771724
0,Fp1-F3,-0.04749465171080818,-9.592509937089964,-9.699372903439283,-0.018634663139395206,-9.820263259108874,-9.932071237945244,0.0006615778232671225,-10.003318182209194,-9.996702403976522,-6.493008984714505e-05,-9.997966796096746,-9.999492653208154
0,F3-C3,-0.0860331983854147,-9.513447580818541,-9.707022277185724,-0.014428443785355929,-9.804962369112852,-9.891533031824988,-0.004696662716760078,-9.933266626118968,-9.980233253286569,-6.7238334323156e-05,-9.998008123343425,-9.99958822420002
0,C3-P3,-0.04222475897348704,-9.830332916326482,-9.925338624016828,0.006160744475383002,-9.989848094894695,-9.952883628042397,-0.0034189723456868244,-9.957761730669096,-9.991951454125966,-3.5321053275426025e-05,-9.998922260938853,-9.999752305690826
0,P3-O1,-0.057359120130773364,-9.776400875100684,-9.905458895394924,0.014107240461512738,-10.04656945236669,-9.961926009597613,-0.0018569853898027845,-9.976924092937818,-9.995493946835845,-4.485051607661624e-05,-9.998659629003317,-9.999713616131118
0,Fp2-F8,0.0018601312803555768,-9.929946919589577,-9.925761624208777,-0.01078165902364347,-9.893699324771731,-9.958389278913591,-0.008206830815362564,-9.894422587802215,-9.97649089595584,-0.00027002755502068045,-9.991899804063543,-9.998245451606529
0,F8-T4,-0.36215371461293616,-8.591229344584532,-9.406075202463638,-0.003881614211523195,-9.89464070914087,-9.917930394410009,0.00035369960327307555,-9.97665155197926,-9.973114555946529,-0.0001911204604818427,-9.993985640881093,-9.998476971702416
0,T4-T6,-0.2146637869088313,-9.151840737633988,-9.634834258178858,-0.01715937208503101,-9.813951142868618,-9.916907375378804,-0.0035337950392961286,-9.955161491329308,-9.99049944172227,-5.8224293254144774e-05,-9.998282721297974,-9.999650992189446
0,T6-O2,-0.3522351745462424,-8.716192057714983,-9.508721200444029,0.0013765965166924606,-10.004243908993699,-9.995984329893544,3.7703032913470365e-06,-9.999663032957903,-9.99962532992499,-6.498785955069219e-06,-9.99980228324142,-9.999955004711364
0,Fp1-F7,-0.004653394712301989,-9.615391044475277,-9.625861182577957,-0.017130308652584338,-9.815706819703838,-9.918488671619343,-0.0023547512023097744,-9.951605008067483,-9.975152520090582,-0.00013336034492548594,-9.995658220607199,-9.998792188712947
0,F7-T3,-0.054109762524099034,-9.571672729452777,-9.693419695132,-0.016925318661116656,-9.773311246734636,-9.874863158701336,-0.011080709333962208,-9.845300427067585,-9.956107520407206,-0.00019165134382505812,-9.994157093056831,-9.99866089963672
0,T3-T5,-0.00869085041730797,-9.959918375350648,-9.979472788789591,-0.0035300616485397715,-9.958600652456804,-9.979781022348043,-0.0007378593407614115,-9.990575572304214,-9.997954165711828,-2.233294884011915e-05,-9.99927715104951,-9.999801975347253
0,T5-O1,-0.06353298442849237,-9.73666345447476,-9.879612669438869,-0.0036167082713188794,-9.959755356661429,-9.981455606289343,0.0012629302130892255,-10.009242079197872,-9.99661277706698,-6.396440260921859e-05,-9.998095297905328,-9.999598461366645
0,Fz-Cz,-0.0087377415520843,-9.953912558320782,-9.973572476812972,-0.002111517432876181,-9.976810607710057,-9.989479712307315,-0.0011022946244632905,-9.985017867857835,-9.996040814102468,-7.564992925766251e-05,-9.997838447264895,-9.99961622060245
0,Cz-Pz,-0.0595057556283297,-9.76668776804039,-9.90057571820413,0.0005138985918547543,-9.998097104248636,-9.995013712697508,-0.0005793180910519906,-9.993053268552597,-9.998846449463116,-5.750043132749674e-06,-9.999778938392947,-9.999914064406566
0,Fp2-F4,0.006277751573667196,-10.000593742955905,-9.986468801915153,-0.004950099758014047,-9.956640380692596,-9.98634097924068,-5.2664405037138014e-05,-9.998196611599697,-9.998723255650068,-1.4358199785880589e-05,-9.999570912341545,-9.999908330036513
0,F4-C4,0.0010556693305281118,-9.978829361059272,-9.976454105065585,-0.011424352348648779,-9.903493605474857,-9.97203971956675,0.00019596990645804173,-10.00106239151762,-9.99910269245304,-2.834936368934763e-05,-9.999171778738221,-9.99983798878492
0,C4-P4,-0.10830804798015853,-9.565302930378287,-9.808996038333644,-0.009944426130344707,-9.92486870072934,-9.984535257511407,-0.00031224966425539083,-9.995665542720964,-9.998788039363518,-2.911423620054302e-05,-9.999154745671168,-9.99983893022188
0,P4-O2,-0.1306885514879491,-9.498352255450977,-9.792401496298861,-0.028120508356798288,-9.786105424790529,-9.954828474931318,-0.0016664681536848038,-9.978593755769408,-9.995258437306257,-2.577105446039129e-05,-9.999237955984338,-9.999843575764157
0,Fp1-F3,-0.020689688617544853,-9.924258449142462,-9.970810248531938,-0.0006260074741288386,-9.995102032913682,-9.998858077758454,3.5234584269328755e-05,-10.000009674234912,-9.99965732839222,-1.6023383229498773e-06,-9.999932038361544,-9.999969693312133
0,F3-C3,-0.01189858488362502,-9.955369769341704,-9.982141585329861,-0.002164131317391474,-9.98342412214811,-9.996408910052459,-4.5905037786491176e-05,-9.99938028151002,-9.999839331887884,-4.244900508885045e-07,-9.99997732148744,-9.999987297003637
0,C3-P3,-0.1947535443983284,-9.286640477505982,-9.72483595240222,-0.001927409124113924,-9.984787472488495,-9.996351927233178,-0.00010527271020480739,-9.998241416889126,-9.999294143991174,-1.6420663351291682e-06,-9.999928586451636,-9.999967175010513
0,P3-O1,-0.20842287201348683,-9.24702819105107,-9.715979653081416,-0.00701573449338167,-9.947496705215281,-9.989591112175571,-0.00015929040260044487,-9.997957573704937,-9.999550477730942,-9.481739667283851e-06,-9.999704575594276,-9.999927396476457
0,Fp2-F8,-0.01890546612884242,-9.929442476517133,-9.971979775307029,-0.0010755400668593495,-9.990287517126538,-9.996740757527693,-0.0002252656430280876,-9.997139485631566,-9.999392142061847,-1.5339188429347142e-06,-9.999940398093392,-9.999976445186201
0,F8-T4,-0.004118592371121078,-9.977305263478634,-9.986572096313656,-0.00434383358939077,-9.967014207517206,-9.993077209053551,3.141152645030747e-05,-10.000009296516788,-9.999695181252285,-2.9399070884088983e-06,-9.999890682912381,-9.999959770728958
0,T4-T6,-0.017923374535950574,-9.936297725087034,-9.976625317792923,5.0730994383829405e-05,-9.999599898999014,-9.999295513032711,-1.9855301076822143e-05,-9.999585272892523,-9.999783825903291,-6.477766059139826e-06,-9.999792180618563,-9.999944408120953
0,T6-O2,-0.04658272809624173,-9.834590294825484,-9.939401433042027,6.960364588562738e-05,-9.99878712619142,-9.998369504316106,-0.0001056816729075999,-9.998680490686043,-9.999737307415119,-2.343237999414658e-06,-9.999925718410857,-9.999980784503844
0,Fp1-F7,-0.01750389741560759,-9.93202331446911,-9.971407083654226,-0.0023986129681015864,-9.98174109846623,-9.99613277627484,9.70007545151697e-06,-10.000067306947598,-9.999970306193083,-5.120592795411985e-06,-9.999836524658054,-9.999956858588746
0,F7-T3,-0.016515359809575275,-9.942582103355639,-9.979741662927182,-0.00029309681749568623,-9.997077753683339,-9.998836334588313,-2.420704080199182e-05,-9.999443589999792,-9.999685660407811,-1.0043184959460176e-05,-9.99970068721486,-9.999936702061408
0,T3-T5,-0.056540350192931875,-9.789613030888658,-9.916828818822754,-0.0019657390480480185,-9.985144784946648,-9.996939219234937,-0.0005872178026696831,-9.992738706536686,-9.998610884563384,-4.416533614499732e-06,-9.999806586496394,-9.999910375036334
0,T5-O1,-0.05493528861382914,-9.804431608597543,-9.928036007978658,-0.00013280293554129226,-9.997533852473477,-9.998330670086725,-0.0017892571059665613,-9.979249093247546,-9.997141664307211,-6.356796456599747e-06,-9.999730595437322,-9.999879980154052
0,Fz-Cz,8.157543838854391e-05,-9.989456045582276,-9.989272500845901,-0.00020536730755809786,-9.997985307540668,-9.999217511386018,-0.00019870814125710844,-9.99749895388739,-9.999486035299961,-3.154489627718699e-07,-9.999973089295462,-9.999980502346087
0,Cz-Pz,-0.08868117176195646,-9.684609499842173,-9.884142136306576,-0.00041910789819529673,-9.996702099536988,-9.999216746926159,-8.00133425153102e-05,-9.998822396188528,-9.999622529613681,-3.372033706482724e-07,-9.999954527268125,-9.999962451547335
0,Fp2-F4,-0.00114238393866632,-9.995108184793995,-9.997678548655994,-3.200463866218337e-06,-9.999918223672084,-9.999937426455281,-3.2757274356178664e-06,-9.999948486066291,-9.999981243340647,-2.8174371454448464e-07,-9.999978806581181,-9.999985427558473
0,F4-C4,-0.000758163557803528,-9.995838860624731,-9.997544728629789,-0.0001504221060760114,-9.998842434146617,-9.999744966783073,3.9957678583144695e-06,-9.999960965090782,-9.9999210074122,-1.8312243015358452e-06,-9.999938777907891,-9.999981811678976
0,C4-P4,-0.009260059216916486,-9.967297685138217,-9.988132818376279,-0.00018231880203077,-9.99828017693769,-9.999374089749875,7.612587742226599e-06,-10.00003570990036,-9.999959584022937,1.5893621067464243e-07,-9.999997636090523,-9.999993901089573
0,P4-O2,-0.007816676651504229,-9.962537823163757,-9.980125345629641,2.5987739755850903e-05,-9.999898871384152,-9.999742944945618,-4.715991052593566e-05,-9.999390471340439,-9.999862070445698,-1.8302978334104037e-06,-9.999934296723325,-9.99997730872241
0,Fp1-F3,1.037831464610943e-05,-9.999827231096074,-9.99980387988812,-5.7557442187542765e-05,-9.999520346015094,-9.99986569066822,2.5551409223293767e-06,-10.000008062930666,-9.999982511521443,-2.091732513534968e-06,-9.999924065593392,-9.99997322130746
0,F3-C3,-0.0005186254489634658,-9.997807127959678,-9.998974035219845,4.126451739422844e-05,-10.00006843901591,-9.999820851911545,-1.1207636107470065e-06,-9.99986370573335,-9.999874913369458,5.4788712988488345e-08,-9.999991804514966,-9.999990516980212
0,C3-P3,-0.00239995288485348,-9.991341317079385,-9.996741211070306,-5.6335344405951e-06,-9.999893446489333,-9.999927247695977,-1.6693310463750138e-05,-9.99977440239739,-9.999941335502028,-1.2710868134358987e-07,-9.999978618181066,-9.999981605235078
0,P3-O1,-0.0012769589718976786,-9.995101144134797,-9.997974301821566,-5.562607316451765e-05,-9.999506324208896,-9.999840080647884,-1.8894487159480195e-05,-9.999775269293576,-9.99996421416517,-6.846617078801785e-07,-9.999963886538932,-9.999979976089067
0,Fp2-F8,-0.0026098980239399844,-9.990204416209972,-9.996076686763837,-4.28745890293499e-06,-9.999851078025635,-9.999876802779053,-1.0355258294273775e-05,-9.999847965260328,-9.99995151784327,2.174116428194945e-07,-9.999987051685261,-9.999981942511655
0,F8-T4,-0.0044181775095037245,-9.982411803135923,-9.992352702532306,-1.223599951836563e-07,-9.999944211689378,-9.99994494584935,-6.283690867661253e-07,-9.999972562270393,-9.99997884596126,-1.4301574626580139e-06,-9.999935914785373,-9.999969523485746
0,T4-T6,-0.0013953582496553677,-9.990683025706774,-9.993822581768498,-0.0001346799649678475,-9.998628315962778,-9.999436395752586,-6.724293586109245e-06,-9.999859493059418,-9.99992673599528,-1.1785723006651607e-06,-9.999948526353517,-9.999976222802582
0,T6-O2,-0.00035435591184789314,-9.998379328126404,-9.999176628928062,-1.4811497424838252e-05,-9.999828380905399,-9.999917249889947,-4.020440280970527e-05,-9.999530247023083,-9.99993229105118,-1.904074438509188e-06,-9.999931026383285,-9.99997577213259
0,Fp1-F7,-5.224459838755153e-05,-9.999742725153075,-9.999860275499447,-1.9839178143864173e-05,-9.999750427542642,-9.999869462611505,1.6380923972769305e-06,-10.000012835204652,-9.99999645428068,-1.452179352010543e-06,-9.999944128722895,-9.999978254937666
0,F7-T3,-1.3894487916762822e-05,-9.999758702058886,-9.999789964656697,-4.7349677933560624e-05,-9.999631387064834,-9.999915485132435,-2.332199503816399e-06,-9.999943253212539,-9.999966575207576,-9.524030476823618e-07,-9.999964361648319,-9.999986743119939
0,T3-T5,-0.002100340994429747,-9.992377523181794,-9.997103290419261,-1.1100443029589248e-05,-9.999893615527803,-9.999960218185981,5.041902115123996e-07,-9.999989488851167,-9.999984446949052,-1.2326738263166643e-06,-9.999926595137646,-9.999955562972564
0,T5-O1,-1.2213985392879993e-05,-9.99978105486117,-9.999808536328304,-4.5612986300091935e-05,-9.999573583109225,-9.999847261027025,-2.16898621594881e-05,-9.999751429782991,-9.999968328404586,4.929295400128871e-07,-9.999958945063067,-9.999947361218878
0,Fz-Cz,4.345109819421146e-06,-9.99977149119407,-9.999761714696975,-0.0001818173821391295,-9.998618026481699,-9.999708930774533,7.643404629656186e-06,-10.00004949565972,-9.999973061613424,-1.6420232454986937e-06,-9.999940759254576,-9.999979346800846
0,Cz-Pz,-0.0018019912136902439,-9.993383243843537,-9.99743772407434,-4.809688309270933e-06,-9.99989504352846,-9.999923901658315,-5.766906045192339e-05,-9.999258301464636,-9.999834992069156,1.705118309184199e-07,-9.999976021393321,-9.999972014365294
0,Fp2-F4,-0.00020912773448558325,-9.999026604851599,-9.99949714225419,-3.4876967243805554e-05,-9.999682358524314,-9.999891620327777,-1.8286249326038836e-05,-9.999734420445009,-9.999917282938268,-8.050541876812966e-07,-9.99996160857905,-9.99998052735246
0,F4-C4,-0.0023054425747716734,-9.991786992150246,-9.996974237943482,1.534650696354055e-05,-9.999966575712357,-9.999874496670575,6.729252844063373e-06,-10.000027610092799,-9.999960317564359,-1.8523416054183797e-06,-9.999936672575673,-9.999980202603401
0,C4-P4,-0.0016919908605203154,-9.993951195394603,-9.997758174830773,-3.179717366035706e-05,-9.999706520584269,-9.99989730362623,9.149964996950605e-06,-10.00004072256835,-9.999949222918382,-5.293477894629738e-07,-9.999979914796763,-9.999992354469814
0,P4-O2,-0.011672723990866492,-9.95734183801838,-9.98360546699783,-3.628584741093088e-05,-9.998909958504951,-9.999127673589417,-6.857302239547596e-05,-9.998621271910594,-9.999307002134548,-4.329929699815348e-06,-9.999864282137214,-9.999966035485158
0,Fp1-F3,-0.00026607598951618736,-9.99891006030928,-9.999508731285692,9.803968755147559e-06,-9.999953091682533,-9.999894267870003,-4.4440920654264166e-06,-9.99993788633137,-9.999982327252024,-4.1062207665532335e-06,-9.999863831682708,-9.999960327870722
0,F3-C3,-0.001129702572658909,-9.99560356087978,-9.998145391668263,-3.890493309013696e-05,-9.99959720985798,-9.99983063945652,6.532476058573568e-05,-10.000439468535752,-9.999786220929895,-3.1998542995573516e-07,-9.999973651521897,-9.9999811711795
0,C3-P3,-0.0005447087233993244,-9.998079077066452,-9.9993046716941,-0.0001838032955993751,-9.998313027094284,-9.99941584686788,-4.101622271901797e-05,-9.999443499226633,-9.999853661453823,-2.9394255601815134e-07,-9.99998162845624,-9.999988536106306
0,P3-O1,-0.003801138522308519,-9.985020802169535,-9.993573363844728,-3.177421901069698e-06,-9.999954038605903,-9.99997310313731,-2.974601482929111e-06,-9.99994714652982,-9.99997689254465,-3.6619859810279476e-06,-9.999882978059727,-9.999969034730281
0,Fp2-F8,-7.48528931975159e-06,-9.99992625647766,-9.99994309837863,3.937281683019766e-05,-10.000059808195177,-9.999823571294195,-3.581191798034898e-05,-9.999461512415085,-9.999819631594889,-3.008147563948669e-06,-9.999891503540084,-9.999962195007837
0,F8-T4,-1.8279998630724906e-05,-9.99981397394121,-9.99985510393813,-0.00016396143776395712,-9.998720659794547,-9.999704428421131,1.616949645383497e-05,-10.000064664448727,-9.99990296948419,-1.9301516382431513e-06,-9.999922691568848,-9.999968050132347
0,T4-T6,-0.001119671650951481,-9.995808113906692,-9.998327375121333,2.472089010561358e-06,-9.99981882831565,-9.999803995781587,-4.6669059658983384e-05,-9.999341939021697,-9.999808629618286,-8.21573097086922e-06,-9.999745461313083,-9.999938530990898
0,T6-O2,-4.6844627061867126e-05,-9.999699995543107,-9.999805395953997,-2.4028293812762044e-05,-9.999311869633939,-9.999456039396815,5.235032244214435e-05,-10.00007724743493,-9.999553744210509,-5.3678779910143455e-06,-9.999816971675608,-9.999943116808398
0,Fp1-F7,9.518457627011246e-06,-9.999846140758013,-9.999824724228352,-3.0005283445011485e-05,-9.999615307232483,-9.999795338933154,-2.315868618277588e-05,-9.99967263572205,-9.999904222583877,-4.199022027339998e-06,-9.999852962405724,-9.999951639423367
0,F7-T3,5.913768123893186e-05,-9.99946330497128,-9.999330245188492,-0.00013726413054970072,-9.998905712055485,-9.999729296838783,1.0281047022167752e-05,-10.000002358796939,-9.999899548326717,-1.3652854161667843e-06,-9.999954209770468,-9.999986293977749
0,T3-T5,-0.0005415970096921712,-9.997551737482741,-9.998770330754548,-0.0003763473465546055,-9.996576834144925,-9.998834918224253,-8.208942800265932e-05,-9.998560081008849,-9.999380975288876,-9.174122113891175e-06,-9.999612618592277,-9.999828210461953
0,T5-O1,-0.0024189578610874806,-9.98731510909602,-9.992757764283466,-0.00044004503177144254,-9.996667734689975,-9.999308004880604,8.869577235542566e-05,-10.000292444973947,-9.999405487250392,-3.5287365072367734e-06,-9.999818532951208,-9.999901458259128
0,Fz-Cz,-0.00042085695602475144,-9.998519675050794,-9.99946660320185,-0.000207937797933478,-9.998339396943301,-9.999587023730902,5.946469942651006e-07,-9.999970243750726,-9.999964297280783,-3.684035942950391e-07,-9.999980317373765,-9.999988974858232
0,Cz-Pz,-0.0010755299200348918,-9.995761192784652,-9.99818113510473,-0.00030480055614291827,-9.997493029094432,-9.99932183243129,7.353020962229321e-06,-9.99998527938703,-9.999911749177407,-1.2148416359292095e-06,-9.99992285559364,-9.999951404372084
0,Fp2-F4,-9.966400514805317e-05,-9.999009328538296,-9.99923357254988,-0.00024368958660647347,-9.998152175317966,-9.999614312837604,-3.3430021655932997e-06,-9.999957470876804,-9.99999090089846,-4.118396611508221e-07,-9.999972137395904,-9.99998181562794
0,F4-C4,-0.0004495751997194858,-9.997973516400299,-9.998985060599667,-8.645253063076596e-05,-9.999292292539133,-9.999811007722917,8.797158528563046e-06,-10.000040812261249,-9.999952840675963,-6.636709482193778e-08,-9.99999073879631,-9.999992298423038
0,C4-P4,-0.0008442963697955461,-9.996808663067023,-9.998708329899063,-3.3347683514675805e-05,-9.999734244898255,-9.999934330999343,2.0544160920480684e-06,-10.000013188946461,-9.999992644785541,-2.8255064818407664e-07,-9.999986179088742,-9.999992819028975
0,P4-O2,-0.00033381331306096845,-9.99877245341453,-9.999523533368917,2.046797170558358e-06,-9.99998496897604,-9.999972688193017,2.02167828254795e-07,-9.999975692824172,-9.99997367114589,-8.03843326558942e-07,-9.999957634086604,-9.999976524404778
0,Fp1-F3,2.3963164913812096e-05,-9.999720974552856,-9.9996670574318,3.104351803656913e-05,-10.000029963630103,-9.999843702521884,2.1462188824600692e-05,-10.000143727015606,-9.99992910512736,-2.5595548394209036e-08,-9.99996455302234,-9.999965154517726
0,F3-C3,-0.0011548058833276435,-9.995536127136184,-9.99813444037367,-1.9490187937617196e-06,-9.999868983047667,-9.99988067716043,-1.2805049205766378e-05,-9.999844669428985,-9.999972719921042,-1.613356402096256e-07,-9.999984121224657,-9.999987912612202
0,C3-P3,-0.00010850528835003361,-9.999539019954726,-9.999783156853514,-7.38401666953014e-05,-9.999432051382891,-9.999875092383062,-1.804865941711063e-05,-9.999753034862117,-9.999933521456288,-1.7629104473680282e-06,-9.999936188869327,-9.99997761726484
0,P3-O1,-0.0009265554241404809,-9.995878177922943,-9.99796292762726,3.3905410303124946e-05,-10.00002701356016,-9.999823581098342,1.2652228407575524e-05,-10.000029432905054,-9.999902910620978,-4.220031206148005e-07,-9.999968994680563,-9.999978911753898
0,Fp2-F8,8.005921988865037e-05,-9.999911902248506,-9.999731769003757,-0.00015037538285377506,-9.998881078438867,-9.999783330735989,5.649080260176874e-06,-10.0000333608624,-9.999976870059799,-1.215257576025514e-07,-9.999972497399018,-9.999975353254321
0,F8-T4,-0.00014073752565923504,-9.999473571352567,-9.999790230785301,-0.00017898002375071586,-9.998619499542965,-9.99969337968547,-4.384817098568638e-06,-9.999926370678429,-9.999970218849414,-1.7140109084715706e-06,-9.999934061722676,-9.999974340979026
0,T4-T6,-5.599399682242991e-05,-9.999771503507917,-9.999897490000768,8.493621815144972e-07,-9.999997197999804,-9.999992101826715,7.870846903095609e-06,-10.000053706147657,-9.999974997678626,-1.4955561597642635e-06,-9.999942471741193,-9.999977617310947
0,T6-O2,-5.6861161724952335e-05,-9.99971241134422,-9.9998403489581,9.129629348624027e-06,-10.000034199264801,-9.99997942148871,1.3936718590550738e-05,-10.000076382073535,-9.99993701488763,-1.9730895918426646e-06,-9.999931054908581,-9.99997742251399
0,Fp1-F7,-9.746560151431739e-05,-9.999511052492128,-9.999730350095534,1.8876557864888707e-05,-10.000054107487658,-9.999940848140469,1.5785104856349995e-05,-10.000076266915078,-9.999918415866516,-1.743406979280407e-06,-9.99991871803519,-9.999959688099203
0,F7-T3,0.0001364709476079926,-9.999745083352046,-9.999438023719929,5.172671744246103e-05,-10.000189865390874,-9.99987950508622,2.4789421845264282e-05,-10.000102122737902,-9.99985422851945,-7.202588439580794e-06,-9.99977308491866,-9.999942345746991
0,T3-T5,-0.0012584095474467206,-9.994750902805883,-9.997582324287638,4.8930201820080215e-06,-9.999943475887031,-9.99991411776594,-6.755702518436378e-05,-9.999077741107005,-9.999753311358848,-7.718915666028841e-06,-9.999738974241708,-9.99992036875986
0,T5-O1,-0.0015364607505487346,-9.993920697405713,-9.997377734094448,0.000195385233073909,-10.000664378062805,-9.999492066664361,0.00011275490092447731,-10.000735878316243,-9.999608329306998,-5.5597053130250015e-06,-9.999798986490013,-9.99992963956487
0,Fz-Cz,-0.0004688272900806243,-9.998164364534313,-9.999219225936994,-5.282720981715763e-05,-9.999567054121464,-9.999884017380367,1.064819353348774e-05,-10.000041476494072,-9.999934994558737,-1.1219050877937674e-06,-9.999957400554859,-9.999983765324423
0,Cz-Pz,-0.0014977859171726037,-9.994770230374767,-9.998140248688406,-1.2126937674119447e-05,-9.999861325210963,-9.999934086837008,-1.3797166974273026e-05,-9.99971105205717,-9.999849023726913,-5.228177790160456e-06,-9.999819337007635,-9.999942199185703
0,Fp2-F4,-0.0006652454234866488,-9.99748819381991,-9.998984996022754,-8.031202934548538e-05,-9.999218720177097,-9.99970059235317,-3.957830225614511e-06,-9.999937823918838,-9.999977402221095,-2.623431354258217e-07,-9.999977762168122,-9.999983927231805
0,F4-C4,3.222320753129512e-05,-9.99996487450461,-9.999892372287665,-0.00024949199446421834,-9.998127932500106,-9.999624884466892,7.570411485066838e-07,-9.9999951872299,-9.999987616818414,-8.645954860051675e-07,-9.999966897006148,-9.99998721500007
0,C4-P4,-0.0011634142325425262,-9.995685121797793,-9.998302803821014,-1.7500943464054754e-05,-9.999861671310436,-9.999966676971221,-8.198334968904302e-07,-9.999987973001842,-9.99999617133681,-6.090544029755664e-07,-9.999976847836413,-9.999991160614883
0,P4-O2,-0.001094917111270248,-9.995771013814606,-9.998234577314964,-3.6639895063939277e-06,-9.999848508716605,-9.999870492653644,7.858138798181148e-06,-9.999984694092047,-9.999906112704066,-2.924126284497146e-06,-9.999903021743716,-9.999971738711402
0,Fp1-F3,-0.0009719192511135508,-9.996352302743718,-9.998539121058723,3.7879922915017746e-05,-10.000065217807776,-9.999837938270286,-8.062648164865843e-06,-9.999903147948425,-9.999983774430074,2.2335307853144104e-07,-9.999983359705693,-9.999978110908348
0,F3-C3,-0.00026077879264438684,-9.99822844696479,-9.99881519924824,-3.928519680249624e-06,-9.999468965630982,-9.999492536749063,2.1048418162779977e-06,-9.999994706665065,-9.999973658246903,-2.1694168829226675e-06,-9.99992592208871,-9.999976903385459
0,C3-P3,-0.0007347061537682823,-9.996684569421008,-9.998337658266987,0.00014646658048894824,-10.000514815402896,-9.999636015919963,-7.300102094513346e-06,-9.999874622590822,-9.999947623611767,-2.8219406871019967e-06,-9.999905400295303,-9.99997171590145
0,P3-O1,-0.0002299249985826351,-9.99854322216572,-9.999060553412532,1.0245684771822576e-05,-9.999980492348037,-9.999919018239407,-7.402419056390437e-06,-9.999796740311647,-9.99987076450221,2.8413210717471395e-07,-9.999989459066937,-9.999982781962418
0,Fp2-F8,-1.1878132532018636e-05,-9.999952670775148,-9.999979396573345,-8.264403424533629e-05,-9.99931093317795,-9.999806797383423,7.943745084618071e-06,-10.00001632627456,-9.999936888823713,-1.0819492985971827e-06,-9.99995354056935,-9.999978966377867
0,F8-T4,-0.0007594952991393845,-9.997146418667331,-9.998855283090395,-0.00013480703128519164,-9.998961845103283,-9.999770687290994,4.245156916016055e-06,-10.000021218774002,-9.999978767204842,-2.3413850021686425e-07,-9.99996876582762,-9.999974268082376
0,T4-T6,-0.00025365968775878974,-9.998941668871895,-9.999512403169353,-3.452174478565262e-05,-9.999694582409425,-9.99990171287814,2.380068251070042e-06,-10.000003059531164,-9.999979258848652,-9.882925020766068e-07,-9.999959717762318,-9.999982942636116
0,T6-O2,-0.0007412867340516595,-9.997433134563614,-9.99910102971523,-4.6037473960760206e-05,-9.999606165927583,-9.999882390771347,1.7108106241738242e-05,-10.00010875754051,-9.999937676478092,-3.0415611975919405e-06,-9.99990474411338,-9.999976220801523
0,Fp1-F7,-0.0003202086108054916,-9.998663303598278,-9.99938377297259,6.91297733454313e-06,-9.999990759593278,-9.99994928172927,-1.9443021505354546e-06,-9.99995357441641,-9.999973017437915,-9.061168205722417e-07,-9.999956215748153,-9.999977509493435
0,F7-T3,-0.0004404708311323513,-9.998306788679148,-9.999297848049196,-1.1768060865930903e-05,-9.999891988062876,-9.999962596428071,5.771416384960839e-07,-9.999925678254233,-9.999919906837848,-2.346093987961408e-06,-9.99992288376409,-9.999978016972806
0,T3-T5,-0.00022658880665215816,-9.999063578784172,-9.99957340359914,-4.550774907578607e-05,-9.999513039634902,-9.999786086129356,2.3273244263136805e-06,-9.999957268177155,-9.999933994932892,1.5248202423454998e-06,-9.999963370419136,-9.99992753714344
0,T5-O1,-0.000674351875810053,-9.99695312314729,-9.998470414867862,3.122630037783113e-05,-10.000107578607945,-9.999920220805679,2.3946789983802923e-05,-9.999996651179273,-9.999757183279435,-2.470782966895536e-06,-9.999881155182218,-9.99993921858194
0,Fz-Cz,-0.00020810354539546594,-9.999164141683927,-9.999632374661067,-0.00035610377612475987,-9.997293006620316,-9.999429629277065,3.5995647115250785e-06,-10.000010474654,-9.999974479006884,-6.380187083123379e-07,-9.999967939956496,-9.999982933396142
0,Cz-Pz,-0.0027077432000861272,-9.990312708001028,-9.996405130201222,-2.7787594226398248e-05,-9.999781244222655,-9.999947969788014,-3.6872505061607996e-05,-9.9991018562138,-9.999470581264417,-1.5914558131689065e-06,-9.999910105546586,-9.999947504758197
0,Fp2-F4,-0.0005004591803149992,-9.996086690865084,-9.997212724020793,-0.002462037437608031,-9.980219380860987,-9.994991605486636,-0.0004667213150394873,-9.993687011587204,-9.998354224737598,-7.023921808874346e-06,-9.99976192449261,-9.999926986655119
0,F4-C4,-0.0007472604327474531,-9.99563027071433,-9.997311606688012,-0.0026098406736417526,-9.979258259049779,-9.99491730309163,-0.00042022902402892863,-9.994121672313325,-9.998323962553615,-3.7515062410866787e-06,-9.999872346872943,-9.999960507269607
0,C4-P4,-0.0004612858924775398,-9.998315976298834,-9.999353869556908,-0.00026487199747113186,-9.99779938070445,-9.999388612689277,-2.4601987902412246e-05,-9.999501228915095,-9.999747248794119,-3.0268225827980282e-06,-9.999900840540679,-9.999971970871375
0,P4-O2,-0.000366191725869552,-9.998606936851349,-9.999430868234555,-9.490394817548753e-08,-9.999831098571034,-9.999831667994723,8.364382627128905e-06,-10.000008363154302,-9.999924719328032,-7.066185678264172e-07,-9.999957715774357,-9.9999743213107
0,Fp1-F3,-0.00012025984388628075,-9.999169155486815,-9.999439740135559,-0.00020388235094018654,-9.998262951532826,-9.999486245638467,-3.8116592426599286e-05,-9.99939572995311,-9.999776895877375,-6.755760019747873e-07,-9.999947776809469,-9.999963652845516
0,F3-C3,-4.602686746332117e-05,-9.997362947845213,-9.997466508297006,8.247188474972708e-05,-10.000007748077,-9.9995129167685,-0.00014446901678041523,-9.998273975817792,-9.999718665985597,-2.1363650096470163e-06,-9.999922549278699,-9.999972753856426
0,C3-P3,-0.00024777660911968216,-9.998740356663898,-9.999297854034417,0.0005786617267621473,-10.00195708864985,-9.998485118289276,7.573474038055476e-06,-9.999867070772469,-9.999791336032088,-2.89104224402313e-06,-9.9999057222119,-9.999973661704633
0,P3-O1,-0.0005340081646746877,-9.997606575647907,-9.998808094018425,0.00019803191135189238,-10.00083517855917,-9.999646987091058,-1.6005301709484714e-05,-9.999783696574575,-9.999943749591669,-1.2123866090614658e-06,-9.999936381612528,-9.999964872697841
0,Fp2-F8,-0.019867580357561747,-9.763679511192134,-9.808381566996648,-0.01253146164307042,-9.816891078088643,-9.892079847947066,-0.007162914581576908,-9.790140075826155,-9.861769221641925,-0.0005494635624902882,-9.867879718867329,-9.88079211258585
0,F8-T4,-0.02336025745753846,-9.756881743972361,-9.809442323251822,-0.009843659941360558,-9.827135951532895,-9.886197911181059,-0.007606118357143477,-9.780444697279767,-9.856505880851202,-0.0006375032513361881,-9.86611161284408,-9.88109293925048
0,T4-T6,-0.00017535840669945845,-9.999272068272253,-9.999666624687327,1.0117945505233674e-05,-10.000039825999982,-9.999979118326952,-9.016663894732671e-07,-9.999981506902714,-9.99999052356661,-1.189151523474272e-06,-9.999957057780685,-9.999985002841488
0,T6-O2,-0.000838765474758943,-9.996903432024371,-9.99879065434258,-3.895218499392796e-05,-9.999255377014885,-9.999489090124849,-4.430188289106771e-05,-9.999366290581689,-9.9998093094106,-6.518380357033226e-07,-9.999950184834221,-9.99996550302806
0,Fp1-F7,-0.0005585700643310545,-9.997983006508187,-9.999239789152933,-0.00024298814186815004,-9.998004216746653,-9.999462145597862,-1.9697500856424117e-06,-9.999830998300437,-9.999850695801294,-1.8147962953764608e-06,-9.999925269173946,-9.999967916886888
0,F7-T3,-1.64550101941645e-05,-9.999593535409723,-9.999630559182659,7.558718490843164e-07,-9.999981408782535,-9.999976873551441,-5.295532071488946e-06,-9.999917012379363,-9.999969967700078,-6.471127217372629e-07,-9.99997292477528,-9.99998813192424
0,T3-T5,-0.0003314008320346252,-9.998436611670787,-9.999182263542865,0.0001434706628061815,-10.000044253954577,-9.999183429977741,8.045334718858003e-06,-9.999915982856093,-9.999835529508905,-3.0176037809439584e-06,-9.999864589548105,-9.999935503236957
0,T5-O1,7.584209581441094e-06,-9.999292182565103,-9.999275118093545,0.00024745121853567213,-10.000708993245887,-9.999224285934673,-5.045578368174104e-06,-9.999598571114955,-9.999649026898636,-5.9155867134569016e-06,-9.999765763190908,-9.999904779478674
0,Fz-Cz,-0.0007563524760315849,-9.997240209458303,-9.998942002529374,-9.415265650788624e-06,-9.999911934898275,-9.99996842649218,-6.612427935065262e-06,-9.999853936297898,-9.999920060577248,-1.5205604259059382e-06,-9.999941775821268,-9.999977508991277
0,Cz-Pz,-0.0014779115852959386,-9.994090495134968,-9.997415796201883,-0.00013273314520103886,-9.998856235685967,-9.999652634557172,7.368288834049983e-06,-9.999972953198426,-9.999899270310086,1.0286107695824048e-06,-9.999942304156079,-9.999918131802994
0,Fp2-F4,-0.00014266987545167526,-9.999174849972478,-9.999495857192244,-0.000315129516877414,-9.991223446979395,-9.99311422408066,9.436752009788228e-05,-10.000748291504616,-9.999804616303637,-9.097258001982852e-06,-9.999713448382032,-9.999927233945078
0,F4-C4,-0.0004085836166311057,-9.998411576515274,-9.999330889652693,8.059863765386792e-05,-9.992942473330656,-9.992458881504733,0.0001530384609179521,-10.001304711222662,-9.999774326613483,-8.437020824642003e-06,-9.999741709285338,-9.999939979274718
0,C4-P4,-0.0021390536573968884,-9.992298149784528,-9.997111020513671,2.2809366510306142e-05,-9.99929145548867,-9.999154599289609,5.7133093941107324e-05,-10.000462879599585,-9.999891548660173,-3.3009155454511467e-06,-9.999895192121103,-9.999972763636421
0,P4-O2,-0.005399639984887483,-9.980004213704307,-9.992153403670304,1.0483479718433625e-05,-9.999476063087723,-9.999413162209413,5.937858983567566e-05,-10.000504971919367,-9.999911186021011,-2.1106518475456483e-06,-9.999919321726399,-9.999968922044816
0,Fp1-F3,-0.0003183424540953358,-9.998803935005139,-9.999520205526853,-1.1293441263464992e-05,-9.999781857802883,-9.999849618450463,1.9664382393629518e-05,-10.000146121361837,-9.9999494775379,-3.835622209023034e-06,-9.999870645952047,-9.99996078307396
0,F3-C3,-0.002960527040183176,-9.98941912679869,-9.996080312639103,-2.382737474605402e-05,-9.999113522603908,-9.999256486852385,0.0001824519614006097,-10.001107926123547,-9.99928340650954,-8.791427609278426e-06,-9.999736344068213,-9.99994294261703
0,C3-P3,-0.0014995181084779888,-9.993543390729785,-9.996917306473861,-4.948301110475953e-05,-9.996539358599668,-9.996836256666295,0.0002572565285765459,-10.001771521938696,-9.999198956652931,-1.4881845903939616e-05,-9.999562951963677,-9.999912675342419
0,P3-O1,-0.00014080668621566913,-9.999288408450077,-9.999605223494063,-9.202136162600887e-05,-9.999044836512093,-9.99959696468185,-4.5049636603483024e-05,-9.999446054698724,-9.99989655106476,-8.640681440502878e-07,-9.999963615569357,-9.999983921170742
0,Fp2-F8,-0.3566237838262215,-8.727510458299792,-9.52991397190879,0.012669663499353908,-9.883027724843686,-9.807009743847562,0.005197453871907382,-10.03821619239301,-9.986241653673936,-2.8462832456856194e-05,-9.981650521680857,-9.982319398243593
0,F8-T4,-0.3450982013952311,-8.771605137140511,-9.548076090279782,0.013396740917049274,-9.86309644449192,-9.782715998989623,0.006157704023291485,-10.047355234055447,-9.985778193822531,-0.0001613592863962792,-9.978738210676736,-9.98253015390705
0,T4-T6,-0.0005047984315725628,-9.998223949571628,-9.999359746042666,-3.694181774340113e-05,-9.999550044120591,-9.999771695027052,3.1069347144792654e-06,-10.000020302140328,-9.999989232793183,-3.205098982574153e-07,-9.999977183718014,-9.999984715700624
0,T6-O2,-0.0028383053452682924,-9.989886029933064,-9.996272216959918,-6.354921767792423e-05,-9.998687342833946,-9.999068638140013,2.509149761506994e-05,-10.000210107638022,-9.999959192661871,-1.0652900873621772e-06,-9.99995535768192,-9.999980391998973
0,Fp1-F7,-0.00012951941078267616,-9.9992878751631,-9.99957929383736,5.876135691883948e-06,-9.999676812364418,-9.999641555550268,4.10489590995637e-05,-10.0003396903535,-9.999929200762503,-3.827574153947361e-06,-9.99987240975805,-9.999962357750668
0,F7-T3,-0.0006284629776573177,-9.997737150557963,-9.999151192257692,-1.7931504541115398e-05,-9.999867885117236,-9.999975474144483,1.3858632812996547e-05,-10.00009742154137,-9.999958835213238,-1.994160366457901e-06,-9.999933686848049,-9.99998054961666
0,T3-T5,-0.0007088259672587546,-9.996805380157541,-9.998400238583873,-6.259608965818917e-05,-9.998953797166559,-9.999329373704509,4.2947063320024714e-05,-10.000169338595345,-9.999739867962145,-2.9932411039180284e-06,-9.999869852205267,-9.99994019337121
0,T5-O1,-0.0003888835540117506,-9.998621742867634,-9.999496730864161,2.6449227184747415e-06,-9.999607273068138,-9.999591403531827,6.321055173215409e-06,-9.999943588487753,-9.999880377936021,-2.9574737690694212e-06,-9.999820520501311,-9.999890021134885
0,Fz-Cz,-0.0011393095830088955,-9.995261974380888,-9.997825420942657,-0.0002239265284982492,-9.998253138726099,-9.999596697897088,-4.932659824754702e-05,-9.999427879979368,-9.999921145961844,1.450583412365735e-07,-9.999991533874976,-9.999988125003958
0,Cz-Pz,-0.0007986834830254772,-9.997094055330008,-9.998891093166815,-0.0002021334740252216,-9.998381258863814,-9.999594059707965,-4.353067211666833e-05,-9.999467522871985,-9.999902829593152,3.201020586009253e-07,-9.999958521591834,-9.999950999193457
0,Fp2-F4,-0.0004252122822445599,-9.997977220272233,-9.998933947907283,-0.0003495019322953726,-9.995429449734191,-9.997526461327963,8.22641964098685e-05,-10.000003249555755,-9.999180607591656,-1.9857520092679586e-05,-9.999405516621016,-9.999872168343193
0,F4-C4,-8.159525308626464e-05,-9.998152452447176,-9.99833604176662,3.198703648143158e-05,-9.99848163421187,-9.998289711992982,0.00011629897927717343,-10.000326071071404,-9.999163081278633,-1.7100276852939356e-05,-9.999490796310234,-9.999892652816278
0,C4-P4,-0.0012961743953944986,-9.995153510038516,-9.998069902428155,-0.0001218767152100455,-9.998927795855,-9.99965905614626,8.316019807241728e-06,-10.000019903374058,-9.999936743175986,-1.8232510329474337e-06,-9.999937513442827,-9.999980359842102
0,P4-O2,-0.002009485778419395,-9.99192576656922,-9.996447109570664,-7.641474393255398e-05,-9.999253707119303,-9.999712195582898,-1.1614102921312616e-06,-9.999979977052016,-9.999991591154938,-2.577807852781396e-06,-9.999901718839125,-9.999962297323664
0,Fp1-F3,-5.785117514094791e-05,-9.999714538499502,-9.99984470364357,-9.600650847848402e-06,-9.999841162471691,-9.999898766376779,1.8475809724257776e-05,-10.000041594243083,-9.99985683614584,-2.4504898000073196e-06,-9.999906414018941,-9.999964000529241
0,F3-C3,-0.0025919854039539417,-9.990944006290256,-9.996775973449152,-0.0002416500230488176,-9.997812541191639,-9.999262441329932,5.033162784720951e-06,-9.999795518788224,-9.999745187160377,-2.9482201027524235e-06,-9.999897148190124,-9.99996643136254
0,C3-P3,-0.006794535493830619,-9.975172742861199,-9.990460447722318,-0.00042534620754400884,-9.995229714635645,-9.997781791880909,-1.7625753461207388e-05,-9.99978345997674,-9.999959717511352,-2.9664652017860535e-06,-9.999887680448834,-9.999957392381077
0,P3-O1,-0.0004229576371849693,-9.998455822869438,-9.999407477553104,-5.940592238696523e-05,-9.999316781221948,-9.99967321675627,-4.756951486577878e-05,-9.999454590379258,-9.999930285527917,-1.1245891114571778e-06,-9.99995039639007,-9.999976824234189
0,Fp2-F8,-0.1725295522695767,-9.31652560762738,-9.704717100233928,-0.01843406362785557,-9.693621365251888,-9.804225747019021,0.0012290479981365249,-9.935025461638652,-9.922734981657287,-0.0015093575039929535,-9.92215635242345,-9.957626253767284
0,F8-T4,-0.18768955143139981,-9.269277954441097,-9.691579445161747,-0.01772037586400393,-9.682525354977411,-9.788847610161435,0.0010865650355581366,-9.926606630441892,-9.91574098008631,-0.001689970462203178,-9.917904285883335,-9.95761859174511
0,T4-T6,-2.86822361942367e-05,-9.9998249644733,-9.999889499504738,-9.486086213150385e-06,-9.999849493369402,-9.99990640988668,-2.6186648384519452e-05,-9.99965418086493,-9.999916047348774,-5.035971348497546e-06,-9.999827899688624,-9.999946245015314
0,T6-O2,-0.001526867941771505,-9.993999786106293,-9.99743523897528,-8.748143918280011e-05,-9.998702677485545,-9.999227566120641,-4.26608358621213e-06,-9.999912041019893,-9.999954701855755,-1.962667894817262e-06,-9.999931066689797,-9.999977189385325
0,Fp1-F7,-0.00026043048642389446,-9.999063407424636,-9.99964937601909,2.561369164700735e-06,-9.999903348991952,-9.999887980776963,2.132123079757456e-06,-9.999950053871311,-9.999928732640514,-1.4663819703542792e-06,-9.999926273664707,-9.99996073364101
0,F7-T3,-6.913453942380949e-05,-9.999414824645992,-9.999570377359696,-4.6751136136842474e-05,-9.99963102105739,-9.999911527874211,-4.207321066814817e-06,-9.999946849545717,-9.999988922756385,-2.9637387242374503e-07,-9.999984928413998,-9.999991893199999
0,T3-T5,-2.1889018294245442e-05,-9.999903979618988,-9.999953229910151,-5.2354314302454763e-05,-9.999336222753795,-9.99965034863961,-1.0969890847208e-05,-9.999793405926473,-9.999903104834946,-1.1651948506365802e-06,-9.99993393037851,-9.9999613124575
0,T5-O1,-0.0001924517401781759,-9.999200916183844,-9.999633932599245,9.70424058988213e-07,-9.999978145681514,-9.99997232313716,-1.0097212609563712e-06,-9.999853038858559,-9.999863136071168,1.416790337915037e-06,-9.999997749100732,-9.999964454527792
0,Fz-Cz,-0.00045736659104950075,-9.997451565367559,-9.998480640197421,-0.0001782246176870101,-9.99857542786377,-9.999644775569893,2.2270787937988105e-05,-10.000126012844108,-9.999903304964729,-1.6358894166514656e-06,-9.999942010877161,-9.999980454278452
0,Cz-Pz,-0.0016854049870444936,-9.993482425617795,-9.997274586838646,1.3970474404393526e-05,-9.999943676052416,-9.99985985320599,-7.905775108337788e-07,-9.999840021706797,-9.999847927481905,-1.604950543437895e-06,-9.999933252393527,-9.999970968731297
0,Fp2-F4,-0.00015898400434293588,-9.999016207572668,-9.999373921582439,-4.568360472284901e-05,-9.999640717890665,-9.999914819519002,-6.850594912801172e-07,-9.999976102290365,-9.999982952885277,-1.506586344781977e-08,-9.999990943645276,-9.999991297693066
0,F4-C4,-0.00021904001748549812,-9.999214161775791,-9.999707001815134,-4.0626141360350245e-05,-9.999651851767906,-9.999895608616068,1.119239422133455e-05,-10.000051783741677,-9.999939859799463,-4.6810350172622705e-07,-9.999976989810348,-9.999987990242639
0,C4-P4,-0.0017979014514111816,-9.993444364010406,-9.997489642276081,-4.2281859873178605e-05,-9.999655401679972,-9.99990909283921,-7.050939506028756e-06,-9.99990466687263,-9.999975176267691,-6.219710345853948e-07,-9.999974813649805,-9.999989429969117
0,P4-O2,-0.0015481654704301798,-9.994384354481305,-9.997867726789773,-4.472485969511291e-05,-9.999630920470542,-9.999899269628713,1.7532143202098042e-06,-10.00000655914147,-9.999989026998268,-7.008673164962414e-07,-9.99996326501543,-9.999979735397368
0,Fp1-F3,-0.0004813541250656577,-9.998031894893861,-9.99911494167526,-7.707192054496325e-07,-9.999989966331253,-9.999994590646486,-1.3212210459869228e-05,-9.999842485400604,-9.999974607505203,-7.343660126095527e-07,-9.999955056467185,-9.999972314068481
0,F3-C3,-0.0005869723224215863,-9.997189725196089,-9.998510412921537,2.2788350088156265e-05,-10.000078206706432,-9.999941476605903,2.9419369050519288e-05,-10.000162155902471,-9.999867962211965,-6.889061134096038e-07,-9.999966030697637,-9.999982219991303
0,C3-P3,-0.0008805200080519,-9.996512192834556,-9.998493362852674,5.6537337273580264e-05,-10.000153912838611,-9.99981468881497,2.2678682861169073e-06,-9.999956614567497,-9.999933935884636,-1.3662046586384321e-06,-9.999952339267207,-9.999984445076684
0,P3-O1,-9.666002532749886e-05,-9.99948835237695,-9.999705837433938,-5.702865595946313e-05,-9.999488637754736,-9.999830809690492,-1.1214198593245926e-05,-9.999855286894958,-9.99996742888089,-6.275198730735998e-07,-9.999966878473815,-9.999981625190832
0,Fp2-F8,-0.00011308473767425888,-9.999451018389886,-9.999705459049652,-8.868112818985505e-05,-9.999345757477524,-9.999877844246663,3.1196923126124845e-06,-10.000010833637639,-9.999979636714512,-9.940699907491904e-08,-9.999979019405327,-9.999981355469805
0,F8-T4,-0.00022747554179835614,-9.998843846116992,-9.99935566608604,-0.00020433939206876352,-9.998472128467952,-9.999698164820364,5.370810766412688e-06,-9.999981172743148,-9.999927464635483,-1.1415398234013087e-06,-9.999941622083576,-9.999968448269426
0,T4-T6,-3.124202338479326e-05,-9.99982155871097,-9.999891853263586,-4.744150616972431e-07,-9.999956539148046,-9.999959385638416,-1.6820370433631426e-05,-9.999777787353523,-9.999945991057858,-1.0817808396960578e-06,-9.999953168208727,-9.99997859005846
0,T6-O2,-0.00013647917333127092,-9.999509854127329,-9.999816932267324,-3.0819542568304146e-05,-9.999760757469055,-9.999945674724465,1.0123975514911422e-05,-10.000057001126377,-9.999955761371227,-1.3045853187306647e-06,-9.999954104834469,-9.99998476258946
0,Fp1-F7,-7.426809247951417e-05,-9.999447647692422,-9.999614750900502,-2.4124080984693965e-05,-9.999785799156106,-9.999930543642014,-2.729306065331124e-06,-9.999960911624154,-9.999988204684808,-1.1579475385001668e-06,-9.999949009104864,-9.999976220872018
0,F7-T3,-0.00027851559377089444,-9.99830702032354,-9.998933680409525,-6.484059519191515e-05,-9.999505891446848,-9.999894935018,-7.420426060218559e-06,-9.999887850181285,-9.999962054441887,-1.148731916463276e-06,-9.999958614924134,-9.99998561012417
0,T3-T5,-0.000424383324065728,-9.998555100998482,-9.99950996347763,2.746499166897622e-05,-9.99993810816706,-9.999773318217045,0.0001104160217280046,-10.000765658958287,-9.999661498741007,-6.780082988941614e-06,-9.999726287885602,-9.999885619835842
0,T5-O1,-0.000579598290270949,-9.997881384444817,-9.999185480597927,-0.0001247500308391623,-9.99872790228549,-9.999476402470524,7.80415378525964e-05,-10.000483024782481,-9.999702609403956,-8.024540803714058e-06,-9.999707031311411,-9.999895608020298
0,Fz-Cz,-0.00032876795869695943,-9.998262609823882,-9.99900233773095,-8.787205749179345e-05,-9.999294851348179,-9.999822083693129,-2.666719827978891e-06,-9.999964537694538,-9.999991204892817,-3.005117262190498e-07,-9.99997965267377,-9.999986714699338
0,Cz-Pz,-0.007605571484400435,-9.972877266686355,-9.989989802526257,-0.00020817082448892972,-9.99813436272797,-9.999383387674904,-2.6744305708525314e-05,-9.99965868666744,-9.999926129724525,-3.325939284683844e-06,-9.999862726192015,-9.999940885765206
0,Fp2-F4,-3.209657763878523e-05,-9.999792224487061,-9.999864441786748,-8.467644139542813e-05,-9.999340718551723,-9.999848777200096,1.2757873094626421e-06,-10.000004872725889,-9.999992114852795,-9.413761390908578e-08,-9.999982416934886,-9.999984629168813
0,F4-C4,-0.0001410057958426286,-9.999409179168987,-9.999726442209633,-7.97028461206821e-05,-9.999416684476499,-9.999894901553223,-4.9395720847076775e-06,-9.999934206379466,-9.999983602100313,-3.033264649947826e-07,-9.999980994290175,-9.999988122462101
0,C4-P4,-0.0016314955606612604,-9.993695494123571,-9.997366359135059,-3.675285138375464e-05,-9.999691109429381,-9.999911626537685,-2.024724814073189e-06,-9.999973455338585,-9.999993702586726,2.4912092858902206e-08,-9.99999493315761,-9.999994347723428
0,P4-O2,-0.002990103563386872,-9.988807146527458,-9.995534879545078,-1.6797378165282053e-05,-9.999855690466738,-9.999956474735729,3.95713036259717e-07,-9.999980697522231,-9.999976740391869,4.713223657681674e-08,-9.999983455337969,-9.999982347730409
0,Fp1-F3,-0.00018887920780545167,-9.999187964568542,-9.999612942786104,-6.321323118598882e-05,-9.999401939711007,-9.999781219098123,-4.623812958191664e-06,-9.99992140199097,-9.999967640120552,-1.155298755545127e-06,-9.999935791092947,-9.999962940613703
0,F3-C3,-0.0007331027871841164,-9.996826826522222,-9.998476307793386,-3.724359625750611e-05,-9.999674773222385,-9.999898234799929,4.364866863265706e-06,-10.00001451623573,-9.999970867567097,-4.04099445373436e-07,-9.999978206653326,-9.999987702990293
0,C3-P3,-0.001207988677937513,-9.995650609207981,-9.99836858373334,-7.21465743479847e-05,-9.999419754994781,-9.999852634440868,-1.2101942638105312e-05,-9.99982509151604,-9.999946110942421,-1.7397406433576253e-06,-9.999939633285141,-9.99998051719026
0,P3-O1,-0.00039486669014457296,-9.998348845146882,-9.999237295199707,-6.236954898278723e-05,-9.999327979546004,-9.999702196839902,2.4515399448686435e-06,-10.000012621114239,-9.99998810571479,-1.0697358526278155e-06,-9.999949015651163,-9.9999741544437
0,Fp2-F8,-0.00036517201778120607,-9.998691010829084,-9.999512647869093,-8.476738270897414e-05,-9.999367326492626,-9.99987593078888,1.4628779056569863e-06,-9.999999121986455,-9.999984493207398,-2.1965793505506108e-07,-9.999976295113164,-9.999981457074638
0,F8-T4,6.734186815125469e-05,-9.99999960099833,-9.999848081794989,-0.00010905541224886271,-9.999149304654246,-9.999803637127739,-1.2543236861599054e-06,-9.999978845254905,-9.999991388491766,2.1313765244762326e-07,-9.999980162619947,-9.999975153885114
0,T4-T6,-0.00021027656095268593,-9.999200614854063,-9.999673737116206,-5.413016487605395e-06,-9.999956748948463,-9.999989227047388,-1.6213147732301593e-05,-9.999812586558196,-9.999974718035519,-1.223727725601596e-06,-9.999949425494744,-9.999978183096296
0,T6-O2,-0.0008727524918689018,-9.996644913599567,-9.998608606706272,-4.551226962397684e-05,-9.99964668184355,-9.999919755461294,-1.402897576028145e-05,-9.99982714450611,-9.999967434263713,-7.204459676560132e-07,-9.999961291100742,-9.999978221580982
0,Fp1-F7,-0.0002554620722946846,-9.999098412897048,-9.99967320255971,-1.8851423893489377e-05,-9.999788119723585,-9.999901228266946,1.0515425506732946e-06,-9.99996281517406,-9.999952299748553,-1.8611830888663753e-06,-9.999925149563165,-9.999968887365753
0,F7-T3,2.419396997832622e-05,-10.000013251690714,-9.999958815258262,-2.2110085816642604e-06,-9.999948759536618,-9.999962025588108,6.969632249138809e-06,-10.000056417890562,-9.999986721568071,-5.988358896593737e-07,-9.999976098081508,-9.999990170724914
0,T3-T5,-5.594643812352185e-05,-9.999611100355175,-9.999736979840952,-1.2867656772549517e-05,-9.999887801975103,-9.999965007915737,-7.962143862761735e-06,-9.999896151047949,-9.999975772486577,2.0060865154847517e-07,-9.999974113025,-9.999969398721689
0,T5-O1,-0.00016145530289153034,-9.999371075548517,-9.999734349980022,-6.994748085160273e-05,-9.999342808808729,-9.999762493693838,-1.3101588900324677e-06,-9.999923757552882,-9.999936859141782,-1.6379019789698294e-06,-9.999924570881651,-9.999963061578157
0,Fz-Cz,-0.0005190473908380358,-9.998046037258854,-9.99921389388824,-4.036563091769255e-05,-9.999539571845567,-9.999781765631074,3.2351641033569103e-06,-10.000003691354763,-9.99997133971373,-4.163895290969082e-07,-9.999981504243648,-9.999991289397581
0,Cz-Pz,-0.0004075472093034289,-9.998576658662815,-9.999493639883747,-0.0001519229156752797,-9.998746329604153,-9.999657867098204,-5.852957101402357e-06,-9.999915598424062,-9.999974127995076,7.156982164698693e-07,-9.999997934304686,-9.999981115396599
0,Fp2-F4,-0.0005090204266429068,-9.998057065468672,-9.999202361428619,-5.554251097622597e-05,-9.999549424656784,-9.999882679722642,-4.549009960171885e-06,-9.99993235286577,-9.999977842965372,-3.212778042990969e-07,-9.999982472789043,-9.999990022817444
0,F4-C4,-0.0002274630263959225,-9.998859992948564,-9.999371784757955,-0.00010583520548433451,-9.999216930358813,-9.999851941591718,-5.095998188458269e-06,-9.999886961544226,-9.99993792152611,-7.36921586597755e-07,-9.99997292402189,-9.999990241679175
0,C4-P4,-0.0007735340764979259,-9.997337189316692,-9.999077640988812,-1.511641275169863e-06,-9.999923525947978,-9.999932595795629,7.303511985997547e-07,-9.999989598344666,-9.99998229483268,-4.3513069818729264e-07,-9.999981393253726,-9.999991618825135
0,P4-O2,-0.001976834948936707,-9.992902571684759,-9.997350450319866,-1.2495861478505885e-05,-9.999865332431922,-9.999940307600793,-5.2997499488051715e-06,-9.999928454472176,-9.999981451971664,-2.2529205960883182e-06,-9.999918189569732,-9.99997113320374
0,Fp1-F3,-1.9008088807953736e-05,-9.999752574544248,-9.999795342744065,-1.9149993393421927e-05,-9.99984621866911,-9.99996111862947,1.1676962627584483e-05,-10.000094602601672,-9.999977832975397,7.153277551373803e-07,-9.999995154309573,-9.999978344107328
0,F3-C3,-0.0006831304636922199,-9.997447529442587,-9.998984572985893,-4.67564752421075e-05,-9.999593865859625,-9.999874404711077,-8.283667400153209e-06,-9.99986931878514,-9.999952155459143,3.4191639072471447e-07,-9.99999565954807,-9.999987624512888
0,C3-P3,-0.0003262016727033973,-9.998247897285841,-9.998981851049423,-1.531918319748937e-05,-9.999824312289004,-9.999916227388189,-2.242307129063042e-05,-9.999695473569803,-9.999919704282709,-1.3593242421714093e-06,-9.999948286412394,-9.999980230532085
0,P3-O1,-1.4659963138154137e-06,-9.999941031217473,-9.999944329709178,-8.375921187267688e-06,-9.999896706451851,-9.999946961978974,-1.0853851267277723e-05,-9.999791859095733,-9.999900397608407,-3.4907558795251963e-06,-9.999880966705385,-9.999962999468554
0,Fp2-F8,-0.0005269927511754372,-9.998078866562372,-9.999264600252516,-1.874766267763755e-05,-9.999835143982677,-9.999947629958744,-2.1752537491671716e-05,-9.999742368620995,-9.99995989399591,-1.6818641555502369e-06,-9.999927777259202,-9.999967301066858
0,F8-T4,-0.0004092119915638512,-9.998435771616926,-9.999356498597944,-1.9707561574570936e-05,-9.99979040085701,-9.999908646226459,7.916449511621832e-06,-10.000025333559174,-9.999946169064058,2.0263147589844344e-07,-9.99997196815019,-9.999967206310506
0,T4-T6,-0.00019496821131361952,-9.999121774326895,-9.999560452802351,-2.435827723049947e-06,-9.999972368100977,-9.999986983067314,2.5845894666856964e-06,-10.000012035836727,-9.99998618994206,-1.8105070548484458e-06,-9.999936619660339,-9.999979166576129
0,T6-O2,-0.00102527880211745,-9.996430373454881,-9.998737250759646,7.748199793151833e-06,-10.000005799969674,-9.999959310770915,3.5388880562590463e-07,-9.999987385159377,-9.999983846271322,-1.2203118551444302e-06,-9.999947060674863,-9.999975738003458
0,Fp1-F7,-0.00025176323225071064,-9.999127422046367,-9.999693889318932,-7.251700596529193e-06,-9.999931260616316,-9.999974770819895,-4.15424972793596e-06,-9.999943234723723,-9.999984777221002,-2.0894902866508595e-06,-9.999915797957852,-9.999964900979588
0,F7-T3,-2.8647823579284464e-05,-9.999862010522028,-9.999926468125082,-2.8451036726679633e-05,-9.999754262361915,-9.999924968582274,1.3226839337898075e-05,-10.000083206686215,-9.999950938292836,-6.47937671949554e-07,-9.999974896496164,-9.999990123031456
0,T3-T5,-0.000530405294274674,-9.998136042432556,-9.999329454344673,-9.11833255161061e-06,-9.999920505569833,-9.999975215565142,-1.9160048796549466e-06,-9.999966866026902,-9.9999860260757,-3.255372000956482e-08,-9.999976363912975,-9.999977128925394
0,T5-O1,-0.00030537403090718476,-9.998724141481997,-9.999411233051537,-1.6867353907197943e-05,-9.999790590226198,-9.99989179434964,2.324183507694979e-06,-9.999989505128024,-9.999966263292947,-2.6987126511865598e-06,-9.999880952471699,-9.999944372219002
0,Fz-Cz,-0.00014729532772645855,-9.998951043135664,-9.999282457623048,-0.00023365368817599057,-9.99814883922374,-9.999550761352795,1.6193794342463465e-05,-10.000099345520859,-9.999937407577434,-4.268486647646666e-07,-9.999973368341838,-9.99998339928546
0,Cz-Pz,-0.007134549482331337,-9.97081334780849,-9.986866084143735,8.491696252958678e-05,-9.997500470298977,-9.9969909685238,-7.079790661269294e-05,-9.998821550813295,-9.999529529879421,-2.8975312345702613e-05,-9.998995822432407,-9.99967674227253
0,Fp2-F4,0.00010773460448910289,-9.999638138734726,-9.999395735874625,-6.47466121644829e-05,-9.999502710647992,-9.999891190320978,-9.012295240217896e-06,-9.99988719244645,-9.999977315398851,-1.3549968673419383e-07,-9.999981826823522,-9.99998501106616
0,F4-C4,-0.0003420662877137551,-9.998535451382102,-9.999305100529458,-9.137652034590823e-05,-9.999287542560667,-9.999835801682742,-6.664758364362473e-06,-9.99989579867764,-9.999962446261284,-1.0812898431591484e-07,-9.99999015877853,-9.999992699809662
0,C4-P4,2.740584128019859e-05,-9.999892035282388,-9.999830372139508,-7.553859979678094e-06,-9.999918199637552,-9.99996352279743,-1.4673817433348271e-06,-9.999981224541164,-9.999995898358598,-8.131368558764014e-07,-9.99997025071686,-9.999989359432973
0,P4-O2,-0.00040931565130879487,-9.998154054918754,-9.9990750151342,-7.937878008562568e-06,-9.999901266894524,-9.999948894162575,1.5102717330977465e-05,-10.000091998326612,-9.999940971153302,-1.1692110420629093e-06,-9.999961707416714,-9.999989183876203
0,Fp1-F3,-0.0005024309151374636,-9.998131101095185,-9.999261570654244,-2.638353240010009e-06,-9.999941022134342,-9.999956852253781,-1.5218673986390274e-06,-9.99997908419735,-9.999994302871336,-1.1756990191689256e-06,-9.99993121776961,-9.999958846696561
0,F3-C3,-0.0001028357747849499,-9.998575630846863,-9.99880701134013,-5.191604965839438e-05,-9.99959517652478,-9.99990667282273,1.9883492549342547e-06,-9.99999549597348,-9.99997561248093,-7.82058580456419e-08,-9.999986874967524,-9.999988712805187
0,C3-P3,-0.000620086114256985,-9.997333878433553,-9.998729072190631,2.975032675568322e-07,-9.999933463938763,-9.999931678919157,-7.178280611316934e-07,-9.999984419335494,-9.999991597616106,-6.390229450232445e-07,-9.999971386379286,-9.999986403418495
0,P3-O1,5.201706316325629e-05,-9.999512614943196,-9.999395576551079,-1.806645001596461e-05,-9.999833043031469,-9.999941441731565,-1.2933358555781589e-05,-9.999845312254143,-9.999974645839702,-1.2832643589825256e-06,-9.999944246035229,-9.999974402747664
0,Fp2-F8,-0.0004716840297124696,-9.998223659352949,-9.9992849484198,-2.8973542184086485e-05,-9.99978139838906,-9.999955239642166,4.972649643447455e-07,-9.99998931025342,-9.999984337603777,3.959398570049575e-07,-9.999995952026234,-9.999986647439595
0,F8-T4,0.00010898507308484803,-9.999986570985401,-9.99974135457096,-5.189787142297178e-05,-9.999497677691185,-9.999809064919722,-1.6058876173663405e-06,-9.999944354473685,-9.999960413349859,-1.8094801171241994e-06,-9.999928617433248,-9.999971140216001
0,T4-T6,3.515582528043025e-05,-9.999744315211819,-9.999665214604939,-1.2486461030975952e-05,-9.999893771926251,-9.999968690692437,2.404639171207111e-06,-10.000013242679568,-9.999989196287856,-1.2621810814750123e-06,-9.999939745009685,-9.9999694062651
0,T6-O2,-2.576467946409015e-05,-9.999737177581956,-9.999795148110751,-7.945012060268902e-07,-9.999973036033543,-9.99997780304078,1.0132473945674407e-05,-9.999986903461425,-9.999885578721967,-1.2751089486445655e-06,-9.999948107454731,-9.999978072515024
0,Fp1-F7,-3.7404219449678954e-06,-9.999932678529522,-9.999941094478897,2.4235886553799026e-05,-10.000099531678313,-9.999954116358989,3.5013929130800405e-06,-10.000001514609513,-9.999966500680383,-2.516049583090385e-07,-9.999977021264458,-9.999982933980979
0,F7-T3,-1.8801115272557404e-05,-9.999277131374688,-9.999319433884052,-6.62696545817779e-05,-9.99951125557468,-9.99990887350217,-1.3673374578169668e-05,-9.999825054749506,-9.999961788495288,-8.000780420968473e-07,-9.999964736217096,-9.999983538051085
0,T3-T5,-0.0008130644136546968,-9.99632246482482,-9.998151859755543,-6.101864581757274e-06,-9.999799591497075,-9.999836202684566,-1.1741302291368268e-05,-9.999838011518671,-9.999955424541584,-5.797396091930571e-07,-9.999949306585899,-9.999962930466715
0,T5-O1,-0.0001419607019695905,-9.998964567286906,-9.999283978866337,-1.814435912941741e-05,-9.999774004262967,-9.999882870417744,-4.7333636009926524e-05,-9.999396523311015,-9.999869859671113,-9.263867085489947e-08,-9.999878555666948,-9.999880732675713
0,Fz-Cz,-0.000710446579545591,-9.996917593833993,-9.998516098637971,-0.0003495666801123612,-9.997359983902921,-9.999457383983595,-2.0964964659195113e-07,-9.999971683155938,-9.999973779652404,-3.036017421161638e-07,-9.999981606348207,-9.999988740989147
0,Cz-Pz,-0.0001418058789014743,-9.999368396550977,-9.999687459778507,7.971639419224293e-06,-9.999958042819246,-9.999910212982732,9.47457040415531e-06,-10.000002118291398,-9.999907372587357,-3.4053725067154744e-06,-9.999876875966667,-9.999956902220575
0,Fp2-F4,-0.0007791111562018744,-9.996516915226943,-9.998269915328397,2.484741512910627e-05,-9.999740657385358,-9.999591572894584,9.305445878503273e-06,-10.000057032101214,-9.999963977642429,-7.407141431403286e-07,-9.999970808894043,-9.999988215676407
0,F4-C4,-8.784690247882901e-05,-9.999404287863552,-9.99960194339413,3.209120941392153e-05,-9.999969697827293,-9.999777150570809,-7.511085591656361e-05,-9.999109525512182,-9.999860634071348,-6.615777044078322e-07,-9.999969786122941,-9.999985333198994
0,C4-P4,-9.649401911243662e-05,-9.99955145330944,-9.999768564852443,-2.4037356355944733e-05,-9.999723014458377,-9.999867238596513,-8.708904102392609e-06,-9.999889160917466,-9.99997624995849,-3.229466102527277e-07,-9.999985676712443,-9.999993265957784
0,P4-O2,-0.0026805159593377066,-9.98965939311501,-9.99569055402352,5.2279401360790346e-05,-10.000122159471426,-9.99980848306326,2.155281650675615e-05,-10.000182003963964,-9.999966475798896,-1.0910463600053868e-06,-9.99994625104645,-9.99997189063591
0,Fp1-F3,-0.00015717689012404118,-9.998132773258503,-9.998486421261282,-3.001850489802909e-05,-9.99954945429294,-9.999729565322328,1.9491522840116725e-05,-10.00007183256136,-9.999876917332958,-1.7356340056320833e-06,-9.999907186675596,-9.999947974074729
0,F3-C3,2.679628607742267e-08,-9.999022337704647,-9.999022277413003,-2.5841489574372784e-05,-9.999657184334213,-9.999812233271658,5.136846000717408e-06,-10.000014333070052,-9.999962964610045,1.261626907469262e-08,-9.999991175345066,-9.999990878862743
0,C3-P3,-0.0003381222602755847,-9.998514014607512,-9.999274789693132,2.6525318792446327e-05,-9.999940512580983,-9.999781360668228,-1.57461941951122e-05,-9.999813355938947,-9.999970817880898,-8.517605395838858e-07,-9.999954598547314,-9.999974614919994
0,P3-O1,-0.0002562045879737238,-9.997913994462396,-9.998490454785337,0.0002659644736267676,-10.001063306712327,-9.999467519870567,-8.712951274445954e-07,-9.999892780198634,-9.999901493149908,-3.0596101457564785e-06,-9.999897794642461,-9.999969695480885
0,Fp2-F8,-0.0008905974721499588,-9.996298695129047,-9.998302539441385,-3.5727277264828425e-05,-9.999662246375722,-9.999876610039312,4.6889008723210576e-06,-10.000030437587393,-9.999983548578669,-9.768508163869687e-07,-9.999943274302746,-9.99996623029693
0,F8-T4,-0.00017851403704015632,-9.999273726609134,-9.999675383192475,-1.3094193909607257e-05,-9.999719563184943,-9.9997981283484,9.094378093575282e-06,-10.000030648594233,-9.999939704813297,-4.1204160671381354e-07,-9.999950261311218,-9.999959944288976
0,T4-T6,-0.00027134340571556087,-9.998823652217856,-9.999434174880717,-4.477754384457859e-05,-9.999515091983403,-9.99978375724647,-5.55947412212507e-05,-9.99921716825029,-9.999773115662503,-1.0063646771070117e-06,-9.999957115229831,-9.999980764799743
0,T6-O2,-0.0005270196873167512,-9.997712447661169,-9.998898241957631,-4.8929847132300274e-05,-9.999490339149139,-9.999783918231932,1.5260761654799692e-05,-10.000117418839237,-9.99996481122269,-1.8825194225557753e-06,-9.999923648337813,-9.999967887544242
0,Fp1-F7,-0.00014530244054737545,-9.998914550539853,-9.999241481031085,-5.622245847837877e-05,-9.999491167882761,-9.999828502633632,-2.904519741663843e-06,-9.999799912468033,-9.99982895766545,-6.818289336516367e-06,-9.9997547594281,-9.99991498922751
0,F7-T3,1.7315972796459597e-05,-9.999160015547734,-9.999121054608942,2.8220270953167242e-05,-10.000054668297166,-9.999885346671446,1.2916087319317014e-05,-9.999895578001656,-9.999766417128463,-9.23630212329761e-06,-9.999695304278555,-9.999912357378452
0,T3-T5,-0.0006130311061077119,-9.997573769334366,-9.998953089323109,4.444742155054089e-07,-9.999833181865089,-9.999830515019797,6.50675619390938e-05,-10.000218450780356,-9.999567775160964,-1.1341790548854912e-05,-9.99960258823337,-9.999869120311269
0,T5-O1,5.059100920730822e-05,-9.99899422134985,-9.998880391579133,-0.00012940696950038767,-9.99871542204113,-9.999491863858132,-7.453732789858522e-05,-9.998981650899022,-9.999727024178009,-2.084827958528084e-05,-9.999326828041415,-9.999816762611669
0,Fz-Cz,-0.0003270022806410698,-9.996546409230127,-9.99728216436157,-0.00012194504464489367,-9.998854812425815,-9.999586482693685,-9.523554914608435e-06,-9.999818469140147,-9.999913704689293,1.0513227266139081e-08,-9.99998087772145,-9.999980630660609
0,Cz-Pz,-4.993079599498097e-05,-9.999232013042626,-9.999344357333614,-4.941042755336926e-05,-9.999554799531637,-9.999851262096957,6.89576664470095e-06,-9.999984036795729,-9.999915079129282,-3.1134395568884497e-07,-9.999939965714448,-9.999947282297407
0,Fp2-F4,-0.0005901801560690655,-9.997842403797534,-9.99917030914869,-1.1533675676746629e-05,-9.999902503260987,-9.999971705315048,5.8981923252414685e-06,-10.00003035688959,-9.999971374966337,8.452730097566235e-08,-9.999988004884528,-9.999986018492956
0,F4-C4,-0.0005523001247065013,-9.997806174148044,-9.999048849428634,-7.28317405726164e-05,-9.999422806245835,-9.999859796689272,-3.9418611564943035e-06,-9.999950536426109,-9.999989955037673,-2.488309932906052e-07,-9.999982322020438,-9.99998816954878
0,C4-P4,-0.00043731857751035005,-9.998317000693975,-9.999300967493372,-2.329584897225104e-05,-9.99978679591523,-9.999926571009063,1.7667360130153023e-06,-9.999994955509393,-9.999977288149264,-3.4776713380771143e-07,-9.999984470001605,-9.99999264252925
0,P4-O2,-8.046472605132934e-05,-9.999678168040829,-9.999859213674444,-9.693091771694837e-08,-9.999963893225834,-9.99996447481134,-1.498427272510691e-06,-9.999969552303895,-9.999984536576621,-8.199362092876339e-07,-9.999960188166707,-9.999979456667624
0,Fp1-F3,0.00011267629931179286,-10.00008804670832,-9.999834525034869,-5.17243076229771e-05,-9.999387728479613,-9.999698074325352,2.315365349856588e-05,-10.00004627781652,-9.999814741281533,-2.2179567547115354e-06,-9.99991837917045,-9.999970501154186
0,F3-C3,-0.0006656517922785397,-9.997365436066753,-9.99886315259938,2.5633177441541014e-05,-9.999874309188032,-9.999720510123382,7.596469115617565e-05,-10.000509258865755,-9.999749611954194,-4.6555386522188417e-07,-9.999973120433726,-9.999984060949558
0,C3-P3,-0.0019743137919237996,-9.991964186710367,-9.996406392742196,3.0904041868197976e-05,-9.999869283352501,-9.999683859101292,1.1576290877981436e-05,-10.00004958848789,-9.99993382557911,-6.97959344686907e-07,-9.999972402042257,-9.999988804086858
0,P3-O1,0.0005955194982922051,-10.000053440786377,-9.99871352191522,-2.2440728513235237e-05,-9.999668684632354,-9.999803329003434,4.0515143154713053e-05,-10.000195197402322,-9.999790045970775,-2.799929093408604e-06,-9.99990443414976,-9.999970232483456
0,Fp2-F8,-0.0008977107927745595,-9.996761867170715,-9.998781716454458,-7.2536670585047845e-06,-9.999917354728579,-9.99996087673093,5.865426775511218e-06,-10.000033213294738,-9.999974559026983,-9.25635917848834e-07,-9.999962650440205,-9.999984402884275
0,F8-T4,-0.00021174592881161624,-9.99855034935462,-9.999026777694446,-5.103857080414509e-05,-9.999607637550358,-9.999913868975183,-4.998240318857663e-06,-9.999926906483616,-9.999976888886804,-3.2492316754863957e-07,-9.999948545969703,-9.99995618166414
0,T4-T6,-6.369926599467346e-05,-9.999708290536196,-9.999851613884685,-1.822516680435989e-05,-9.99980061595592,-9.999909966956746,9.491676780300285e-06,-10.000056698664364,-9.99996178189656,-6.094209121384332e-07,-9.999962031027465,-9.9999763524189
0,T6-O2,-8.225293722485199e-05,-9.99940147135243,-9.999586540461186,-3.4215137347000415e-05,-9.999696249158369,-9.999901539982451,2.5351617523867057e-06,-9.999983772605187,-9.999958420987664,-1.7716821493623557e-06,-9.999933126209955,-9.999974760740464
0,Fp1-F7,-3.883489007925271e-05,-9.999710014445986,-9.999797392948665,6.882663172450091e-05,-10.000230676681056,-9.999817716890709,6.80836551122545e-05,-10.000402849576833,-9.99972201302571,-5.98744073705701e-06,-9.999795711270622,-9.999936416127943
0,F7-T3,0.00019311421084892334,-9.999666863327732,-9.999232356353323,-5.602299880831592e-06,-9.999644741498976,-9.999678355298261,8.868048874995316e-05,-10.000497083414999,-9.999610278527499,-6.885145367744074e-06,-9.999758840342817,-9.99992064125896
0,T3-T5,-2.7630032931973214e-05,-9.99914995120731,-9.999212118781406,0.00010561072289863707,-10.000369934661936,-9.999736270324545,2.8831510974845595e-05,-9.999866268262172,-9.999577953152423,-7.491723950571718e-06,-9.999730406111352,-9.99990646162419
0,T5-O1,-0.0007313449567421102,-9.997049958282284,-9.998695484434954,0.0002005860135873723,-10.000498149316252,-9.999294633234728,-0.00011192388828697343,-9.998377874736832,-9.999497113619702,-4.05680763149555e-06,-9.999810529207146,-9.999905864186486
0,Fz-Cz,-8.903607536219464e-05,-9.99956347544784,-9.999763806617404,-0.00016560203048574098,-9.998751121081858,-9.999744733264773,-6.373323879503739e-06,-9.999885501448212,-9.999949234687007,-3.548891716597704e-07,-9.999976483064817,-9.99998482296035
0,Cz-Pz,-0.00028878730328217475,-9.998965638746984,-9.99961541017937,-0.00011555064081178428,-9.999106681310431,-9.999799985155303,1.7897796441633332e-05,-10.000120795540596,-9.999941817576179,-2.431799625453792e-06,-9.999916815017949,-9.999973962309147
0,Fp2-F4,-0.00016371759835010814,-9.999293060134779,-9.999661424731066,-7.118774767576651e-05,-9.999439136274956,-9.99986626276101,1.4213388292720407e-06,-10.000006309147897,-9.999992095759605,6.538573405512878e-08,-9.999990703803608,-9.999989167238857
0,F4-C4,-0.001034241608868809,-9.994991285915797,-9.997318329535752,-1.9919963570818252e-05,-9.999825108692288,-9.999944628473713,6.370725648915294e-07,-9.999964326057684,-9.999957955332036,2.1340449220538698e-08,-9.999990369619994,-9.999989868119437
0,C4-P4,-0.0020830001501593496,-9.992544780292528,-9.997231530630387,9.197268387533022e-06,-10.000026921800242,-9.999971738189917,2.6085851910866265e-06,-10.000011114605165,-9.999985028753255,-3.061444060591332e-07,-9.999983380328507,-9.99999057472205
0,P4-O2,-0.002926619946935069,-9.988105873455194,-9.994690768335797,-4.733815213301243e-05,-9.999608497531487,-9.999892526444285,-2.509869640324486e-05,-9.999661432409837,-9.999912419373869,-6.682716794936902e-07,-9.999972289826598,-9.999987994211066
0,Fp1-F3,0.00033420120355856313,-9.99972981892688,-9.998977866218874,-0.00020388887945828576,-9.998421139496887,-9.999644472773637,3.009959813928712e-05,-10.000246138964414,-9.999945142983021,-3.83447681343865e-06,-9.999843081469894,-9.99993319167501
0,F3-C3,-0.00055289845625347,-9.996220392870553,-9.997464414397124,-0.0002403569816041647,-9.99800264542227,-9.999444787311894,-1.0906144019909271e-05,-9.999826466398558,-9.999935527838756,-1.1865361204128287e-07,-9.999984430714449,-9.999987219074331
0,C3-P3,-0.001651416134895696,-9.990751198936293,-9.994466885239808,-3.8898814275132686e-05,-9.99929153119439,-9.99952492408004,-1.5962520191703332e-05,-9.999796893838596,-9.999956519040513,-3.181018671581748e-07,-9.999980392505014,-9.999987867898893
0,P3-O1,-0.0028597252400591063,-9.988339849529837,-9.994774231319969,-0.00041174892485082085,-9.996492757891062,-9.998963251440166,5.712468111186181e-06,-9.999977729306867,-9.999920604625755,-1.8452303250965515e-06,-9.999928009747276,-9.999971372659916
0,Fp2-F8,-0.00022224948441742988,-9.998749595083675,-9.999249656423615,-8.292864129511171e-06,-9.99984384031186,-9.999893597496637,4.1564957362145404e-06,-10.000020904093594,-9.999979339136232,-1.087847931666729e-06,-9.9999517877051,-9.999977352131495
0,F8-T4,-0.00017553647054895476,-9.999111023000586,-9.99950598005932,-7.627489303293572e-05,-9.99940680740856,-9.999864456766758,-6.6826255634176955e-06,-9.999875258978241,-9.999942085233876,-1.6635263402833227e-06,-9.999937200851795,-9.999976293720792
0,T4-T6,-0.0009014390451246233,-9.99680534989829,-9.99883358774982,-1.1736709231710552e-05,-9.999858383930498,-9.999928804185888,-6.191364788298062e-06,-9.999925456248908,-9.999987369896791,-1.0668788930347752e-06,-9.999949320091222,-9.999974391745209
0,T6-O2,-0.0011270227471635197,-9.99520846064172,-9.997744261822838,-0.00013815620778792647,-9.998780601109315,-9.999609538356042,-5.0238016139731996e-05,-9.9993583241418,-9.999860704303197,-1.4053712520098491e-06,-9.999949776627453,-9.999982802851875
0,Fp1-F7,0.0002464347674196446,-10.00015276618764,-9.999598287960945,-4.766888856769416e-05,-9.999452887037279,-9.999738900368685,2.8832677965821434e-05,-10.000211401568615,-9.999923074788956,-2.870897808453758e-06,-9.99988124808003,-9.999948714178528
0,F7-T3,0.00036206106656592313,-9.999760195108795,-9.998945557709021,3.17860726025584e-05,-9.999896495756067,-9.999705779320452,0.00011860409706906171,-10.000938076436727,-9.999752035466036,-8.587913938165317e-06,-9.99973208275527,-9.999933898732817
0,T3-T5,-0.0008184254035427739,-9.996105743255749,-9.99794720041372,9.84019523926456e-05,-10.00029351093126,-9.999703099216903,1.972159607636852e-06,-9.999025262804857,-9.99900554120878,-4.965996720813402e-06,-9.999822897361467,-9.999939598284406
0,T5-O1,-0.0021858728983633058,-9.990781742548053,-9.995699956569371,-3.8433358107558394e-05,-9.999310343846272,-9.999540943994917,-6.132441228386354e-05,-9.999085299543175,-9.999698543666014,-2.225641742175019e-05,-9.999294613300282,-9.999817639109693
0,Fz-Cz,7.413320231746492e-05,-9.999015735817366,-9.998848936112152,-0.0001094659185168456,-9.998942671290973,-9.999599466802074,-3.781030488539816e-06,-9.999940914599348,-9.999978724904233,-7.401062020712334e-07,-9.999968667482122,-9.999986059977871
0,Cz-Pz,-0.001985116585336779,-9.99100003234722,-9.995466544664227,-0.0011075205883185038,-9.990870408602362,-9.997515532132272,1.497278407144188e-05,-10.000058143157428,-9.999908415316714,-4.534168082176778e-06,-9.999837811965328,-9.99994436491526
0,Fp2-F4,-0.0004430610509854972,-9.998009349209276,-9.999006236573994,-2.656777633172437e-05,-9.999734563995522,-9.999893970653513,-7.922956999095414e-06,-9.999869582548019,-9.99994881211801,-1.410094463479576e-07,-9.999990985141435,-9.999994298863424
0,F4-C4,-0.004406268365539973,-9.984530363704126,-9.994444467526591,-6.420726480586391e-05,-9.999509020309592,-9.999894263898428,-1.553723725058285e-05,-9.999791917584645,-9.99994728995715,-1.8568618567257144e-08,-9.99998894942581,-9.999989385788346
0,C4-P4,-0.008358381907009339,-9.970516175075991,-9.989322534366762,2.9944049700088474e-06,-9.999984809020093,-9.999966842590274,-5.845500958170584e-06,-9.999923086746065,-9.999981541755647,-2.2324039437905167e-07,-9.999985813359952,-9.99999105950922
0,P4-O2,-0.0026672530147726884,-9.99052725491469,-9.99652857419793,-5.642684155890832e-05,-9.999549684232754,-9.999888245282108,-8.82112181908376e-06,-9.99984312533837,-9.99993133655656,-2.119546207918473e-06,-9.999919360679229,-9.999969170015115
0,Fp1-F3,-6.667988616137517e-05,-9.999589166233323,-9.999739195977186,-7.585638788087428e-05,-9.999437224137973,-9.999892362465257,8.66562387638019e-07,-9.999998431917593,-9.999989766293716,-2.4187637521738144e-06,-9.999897313346292,-9.999954154294468
0,F3-C3,-0.0017288943077557006,-9.993598063351342,-9.997488075543792,-7.768629252406286e-05,-9.999340455824264,-9.999806573579407,-4.5293227500470524e-05,-9.999316286698404,-9.999769218973409,-7.292105455431655e-07,-9.999964311500369,-9.999981447948189
0,C3-P3,-0.0025136490371812517,-9.990082599287136,-9.995738309620794,-1.867202298115339e-05,-9.999754790032751,-9.999866822170638,-3.6464625470069104e-05,-9.999362776609555,-9.999727422864256,-1.3433322494925369e-06,-9.999949772620544,-9.999981340928407
0,P3-O1,-0.0005763215223008795,-9.997834242792418,-9.999130966217596,5.004783465532042e-05,-10.000191161843908,-9.999890874835977,-4.2493506769917643e-05,-9.999499891291931,-9.99992482635963,-6.209251398917054e-07,-9.999965584455966,-9.999980176196754
0,Fp2-F8,2.0576645747895183e-05,-9.999775841334314,-9.999729543881381,-2.7815228552753807e-05,-9.999751082408558,-9.999917973779874,5.590533849800242e-06,-10.000016780212754,-9.999960874874256,4.4738925300490615e-07,-9.99999944143636,-9.999988927788914
0,F8-T4,-0.0006338476596372826,-9.997442435010887,-9.99886859224507,-3.8258618918228265e-06,-9.999948619376175,-9.999971574547526,1.3127434851352667e-06,-9.99998361251825,-9.999970485083399,-1.5878367674673497e-06,-9.999937483280082,-9.999974797444118
0,T4-T6,-0.0005409942204270097,-9.99796530722687,-9.999182544222831,1.986186807746992e-05,-10.000047760134168,-9.999928588925703,-8.052269405544963e-06,-9.999899114265306,-9.999979636959361,-1.698276431933122e-06,-9.99993410798785,-9.999974017484
0,T6-O2,-0.0011848563124392134,-9.994689010163752,-9.99735493686674,-1.1874850652609757e-06,-9.999960004800755,-9.999967129711147,-1.3579503957757e-05,-9.999801846449051,-9.999937641488629,-3.9435852207614614e-06,-9.999871756166367,-9.999964430419055
0,Fp1-F7,-1.2815306594144133e-05,-9.999831492160485,-9.999860326600322,-1.8313932505821437e-05,-9.999848363897327,-9.999958247492362,-3.6174957676530176e-06,-9.9999545712445,-9.999990746202176,-2.2155159420713064e-06,-9.999906737093978,-9.999958801718616
0,F7-T3,-8.509334961229683e-05,-9.99967581773883,-9.999867277775458,1.4986991369331445e-05,-9.999970808139524,-9.999880886191308,-9.571727602527142e-06,-9.999856908072783,-9.999952625348808,-4.1739294343079777e-07,-9.99997878384447,-9.99998859257864
0,T3-T5,-0.0009243921997317281,-9.995763645924274,-9.997843528373672,-0.0001946833269622903,-9.998531651433865,-9.999699751395639,-2.5059423348392595e-05,-9.999618854846915,-9.999869449080398,-4.39330467215017e-06,-9.999840425996432,-9.999943668656227
0,T5-O1,-0.00046170417413897164,-9.997373771421104,-9.998412605812916,-0.00019937047774056226,-9.998341021958703,-9.999537244825147,-7.958440025736965e-05,-9.999041649637494,-9.999837493640067,3.491909229701049e-08,-9.99997336886012,-9.999972548261452
0,Fz-Cz,-0.0016053745994893077,-9.994251726805569,-9.99786381965442,-8.995933240099804e-05,-9.999310374343727,-9.999850130338134,-2.773002451971066e-07,-9.999992611298653,-9.999995384301105,-8.863402460368293e-07,-9.99996723046207,-9.999988059457852
0,Cz-Pz,-0.003358915839723068,-9.986594035815456,-9.994151596454833,-2.6581577051298813e-05,-9.999757556861342,-9.999917046323649,-3.140319404657848e-05,-9.999605846961177,-9.999919878901643,-3.1166952485969777e-06,-9.9998901313051,-9.999963373643443
0,Fp2-F4,-0.0017430580515314582,-9.992882104499555,-9.996803985115502,-0.0002821822628168177,-9.997764117294514,-9.999457210871414,0.00010093616357389814,-10.000652608375399,-9.999643246739659,-5.9358693756332365e-06,-9.999807881492632,-9.999947374422959
0,F4-C4,-0.0037714207558444636,-9.984100339228135,-9.992586035928785,-0.001356179040855102,-9.989151311948799,-9.99728838619393,0.00017534042316442932,-10.001197622938726,-9.999444218707081,-1.3914231891250537e-05,-9.99955698948933,-9.999883973938774
0,C4-P4,0.00033633004474618996,-9.986042373314117,-9.985285630713438,-0.01316985606593195,-9.875441018522855,-9.954460154918447,0.002479143656279606,-9.989285578985125,-9.96449414242233,-0.00031372086215198774,-9.983918465011834,-9.991290905272406
0,P4-O2,0.0010640469868749797,-9.985594274571962,-9.983200168851493,-0.013156520739435153,-9.875795090257439,-9.95473421469405,-7.879681094107663e-05,-9.965875933677987,-9.966663901787397,-0.000270676189304834,-9.984572433018576,-9.990933323467239
0,Fp1-F3,-0.004459994945045188,-9.981754294697414,-9.991789283323765,-0.0010327672014815061,-9.991535071050375,-9.997731674259263,0.0002519827921364388,-10.0014427716725,-9.998922943751134,-2.4040734638979807e-06,-9.99990963276433,-9.999966128490732
0,F3-C3,-7.887995138180458e-05,-9.979583799554044,-9.979761279444654,-0.031224981068355414,-9.713099919925488,-9.90044980633562,0.007691719423429178,-10.033772477450416,-9.956855283216123,-0.0001154543620571041,-9.99643172686465,-9.999144904372992
0,C3-P3,-0.017339747918767214,-9.921934406320705,-9.96094883913793,-0.034897461498813384,-9.675534265597765,-9.884919034590645,0.008971706652387905,-10.04059116085742,-9.950874094333543,-0.00016109763154828567,-9.995044029571346,-9.99882982391273
0,P3-O1,-0.0016946911232195727,-9.989362117199654,-9.993175172226898,-0.0002205478917629481,-9.997136955274646,-9.998460242625224,-6.8990465603732805e-06,-9.99965588865985,-9.999724879125454,-6.891068148751282e-06,-9.999762929708773,-9.999924869810268
0,Fp2-F8,-0.0014358867028915851,-9.991365309114203,-9.994596054195709,-4.603859772815101e-05,-9.999604925521968,-9.999881157108337,1.5063382832523496e-05,-10.000011312582687,-9.999860678754363,-3.5606577402998523e-06,-9.999873109065431,-9.999956784522329
0,F8-T4,-0.0003167038813271848,-9.99603902969334,-9.996751613426326,-0.0004574898229746876,-9.996304010135953,-9.999048949073801,7.656878074592425e-05,-10.00048258595757,-9.999716898150112,-1.756982712632634e-05,-9.999438225124674,-9.999851116062143
0,T4-T6,-0.0015245893029808358,-9.98379146072878,-9.987221786660486,-0.0005986602071462204,-9.995244608057657,-9.998836569300535,0.00023008601231130297,-10.001106154763848,-9.998805294640736,-4.3697048215082285e-06,-9.999810686974753,-9.999913375038059
0,T6-O2,-0.0025906197372816205,-9.987153238514088,-9.992982132922972,-0.0016206751306839426,-9.987326781216588,-9.997050832000692,-1.5910270146846206e-05,-9.999710099276141,-9.99986920197761,-1.3508612240194243e-05,-9.999555695688569,-9.999873148076214
0,Fp1-F7,-0.0011791713725375732,-9.994994824737534,-9.997647960325743,-0.00014544581382808163,-9.998631727383628,-9.999504402266597,2.219584862851721e-05,-10.000169253552777,-9.999947295066491,-8.682917821665642e-07,-9.999915272999433,-9.999935677856314
0,F7-T3,-0.02604038431568646,-9.8773783935094,-9.935969258219695,0.0006013148771385912,-9.99931105047684,-9.995703161214008,-0.00016153450196394314,-9.99798293074727,-9.999598275766909,-9.01567909159333e-06,-9.999715270389617,-9.99992713884827
0,T3-T5,-0.038600139168395546,-9.826542337066153,-9.913392650195043,-0.003544114380122431,-9.969126458666514,-9.990391144947248,0.0005398317212749257,-10.001500660174049,-9.996102342961299,-3.876904895994538e-05,-9.998828585739796,-9.999739658390354
0,T5-O1,-0.00876099004146442,-9.96689947964477,-9.986611707238065,3.725335727715561e-05,-9.999540059337173,-9.99931653919351,-1.6516100044829252e-05,-9.999319026057075,-9.999484187057522,-9.592771738814254e-06,-9.99965676456552,-9.999882194701382
0,Fz-Cz,-0.011505481572667281,-9.955488305363696,-9.981375638902197,-0.0004430066375853852,-9.995696387466458,-9.99835442729197,2.9389285373548932e-05,-10.000079749341031,-9.999785856487296,-2.7347390990842017e-06,-9.999899935191728,-9.999964201560557
0,Cz-Pz,-0.03195658781989733,-9.874597194614516,-9.946499517209284,-0.003786480398980887,-9.96334355466838,-9.986062437062266,-8.906646023476029e-05,-9.991715290757089,-9.992605955359437,-0.0002785038990638891,-9.991330982975006,-9.997875824603007
0,Fp2-F4,-0.003219693984727619,-9.987879211041507,-9.995123522507145,-0.0002337603976869849,-9.998077715092792,-9.999480277478915,5.459795381883063e-05,-10.000384548628602,-9.999838569090414,-8.285276329831574e-07,-9.999956771116038,-9.999976241515412
0,F4-C4,0.0003118718277880162,-9.999713154684423,-9.9990114430719,-0.00018611522026647245,-9.99832029638346,-9.999436987705058,-1.0637876527224116e-05,-9.999696290724737,-9.999802669490009,-1.084621910381045e-05,-9.999661769324955,-9.999916655473895
0,C4-P4,-0.0007308265439091501,-9.996417676619709,-9.998062036343505,-0.0006116155904714917,-9.994306515290745,-9.997976208833574,0.00023150986539262363,-10.001480750862246,-9.999165652208319,-6.26503790191282e-06,-9.9995178566805,-9.999665085071195
0,P4-O2,-0.00022481273655733337,-9.997084348631148,-9.997590177288401,-0.0008919427910482337,-9.992659594958036,-9.998011251704325,7.374020421266965e-05,-10.000411052864866,-9.99967365082274,-2.8814449814988028e-05,-9.998826765747651,-9.999503905318303
0,Fp1-F3,-0.0006658937550238555,-9.997676869272311,-9.999175130221115,-0.0004565112134774794,-9.996279085255017,-9.999018152535882,2.4453099138201976e-05,-9.999983089637992,-9.999738558646609,-5.599188189081312e-07,-9.999929062683977,-9.999942220776221
0,F3-C3,-0.013621299083678805,-9.952079147244431,-9.982727070182708,-0.015353836510585266,-9.859637269790374,-9.951760288853885,0.00882601577155815,-10.064945302288558,-9.976685144572977,-0.0001372247616332887,-9.995891315521632,-9.999116097420014
0,C3-P3,-0.025160440901191634,-9.914087701221659,-9.97069869324934,-0.017285777718562212,-9.842056900388803,-9.945771566700177,0.010886213778194327,-10.079564975441508,-9.970702837659566,-0.0001913264757761893,-9.99427754005233,-9.99877371223307
0,P3-O1,-0.00024412897143194715,-9.999132749049357,-9.99968203923508,-6.511000845190536e-06,-9.999605310194996,-9.999644376200067,4.697182332218528e-05,-10.000278227761841,-9.99980850952862,-8.543482736780017e-07,-9.999932215515718,-9.99995229270015
0,Fp2-F8,-0.0017975323332081444,-9.993067053743312,-9.99711150149303,-8.457967808422662e-05,-9.999311245093145,-9.999818723161649,2.1336445917420336e-05,-10.000141380744006,-9.999928016284832,-9.894560906902454e-07,-9.999948650617048,-9.99997190283518
0,F8-T4,7.996626288060762e-05,-9.999593662026903,-9.999413737935422,-4.10199821730373e-05,-9.999558016901863,-9.999804136794902,6.2361460016865e-05,-10.000438859932075,-9.999815245331906,-1.7080040913663908e-05,-9.999445545810469,-9.999846926771939
0,T4-T6,-6.466414680177263e-05,-9.999123137174317,-9.999268631504622,-0.0005794930339754434,-9.994642001418004,-9.998118959621857,0.00030334361631293696,-10.002128698213934,-9.999095262050805,-6.300936875133167e-06,-9.999765528690851,-9.999913600707417
0,T6-O2,-0.0024010022259974262,-9.990706410819374,-9.996108665827869,-0.0009530967582870173,-9.992164997384736,-9.997883577934457,-7.493603807865934e-05,-9.99906622419303,-9.999815584573817,-1.830528496897305e-05,-9.999398542837232,-9.999828717034003
0,Fp1-F7,-4.8312179866765736e-05,-9.999810675780376,-9.999919378185076,-2.7768610406666154e-05,-9.999631165716195,-9.999797777378635,-1.101448199686135e-05,-9.999865680869993,-9.999975825689962,-1.0858576639093827e-06,-9.999932157142357,-9.999957674797459
0,F7-T3,-0.0007351569429465393,-9.997363126784162,-9.99901722990579,-8.208360359018783e-05,-9.999276046487733,-9.999768548109273,9.698865245753319e-06,-10.000041163845534,-9.999944175193077,-1.8524784907959132e-06,-9.99993506061132,-9.999978593855854
0,T3-T5,-0.0005920771528778331,-9.997485616354805,-9.99881778994878,-0.0005824303748766442,-9.993999703699965,-9.997494285949225,0.0008566591154388968,-10.006290970365336,-9.997724379210947,-2.5362558226472383e-05,-9.999199368790144,-9.999795388908467
0,T5-O1,-0.0032988849765119566,-9.988037477375816,-9.995459968572968,6.20799845227698e-05,-9.99990959672414,-9.999537116817002,0.0002143769235648958,-10.00134353931929,-9.99919977008364,-6.352161906563318e-06,-9.999741972255505,-9.999891248060308
0,Fz-Cz,-0.0012803344255989473,-9.993312500776698,-9.996193253234296,-0.0002479237686138681,-9.998026030520464,-9.999513573132147,6.458545605432691e-06,-9.999983574340598,-9.999918988884545,-1.4953712405788653e-06,-9.999952202689753,-9.999987343913906
0,Cz-Pz,-0.02153694219551387,-9.91778155468872,-9.966239674628627,-0.000868901081225593,-9.990385645098558,-9.995599051585911,0.0018596671648356343,-10.011216851136668,-9.992620179488311,-0.00015005217934798283,-9.993923448627985,-9.997449674842663
0,Fp2-F4,-0.0001868754757657902,-9.999260123001282,-9.999680592821754,-0.00018439904253182306,-9.997920205930308,-9.999026600185498,6.608508284069042e-05,-10.000379467319519,-9.999718616491112,-3.614401375921384e-06,-9.999887497403764,-9.999972435836098
0,F4-C4,-0.0004764368751467762,-9.998127700806952,-9.999199683776032,-7.019242626901952e-05,-9.999308375329061,-9.999729529886675,0.00010505480726312902,-10.000641841339508,-9.999591293266876,-2.689752968906802e-05,-9.999175309823746,-9.99980740177144
0,C4-P4,-0.01334842141578173,-9.947923009801029,-9.977956957986537,-0.003863052004585291,-9.964526632634408,-9.98770494466192,0.0003858544045829944,-9.996752149150746,-9.992893605104916,-5.590338683900914e-05,-9.998099108067851,-9.999412837658568
0,P4-O2,-0.006413149492065927,-9.973827979928195,-9.988257566285343,-0.0028861148484864885,-9.973121710650915,-9.990438399741834,-0.0004214519592598536,-9.99202212403839,-9.99623664363099,-6.512361327995032e-05,-9.997768928287288,-9.999299333199367
0,Fp1-F3,-0.0002553980273592043,-9.998987996084056,-9.999562641645614,-0.0004354047183135804,-9.995439423650497,-9.998051851960378,2.9407564727561197e-05,-9.999993722634121,-9.999699646986846,-6.880423068810987e-06,-9.999762117430599,-9.999923807372715
0,F3-C3,-0.0012962488164122664,-9.993276614771313,-9.99619317460824,-0.01808641368723184,-9.81210612561896,-9.92062460774235,0.0004446673967904738,-9.98474351640878,-9.980296842440875,-0.0002254640058688872,-9.993450246432007,-9.998748650569926
0,C3-P3,-0.0015624637597435678,-9.991352385183378,-9.994867928642801,-0.02097157630652159,-9.786009997569304,-9.911839455408433,0.0016626000436372364,-9.992814755044943,-9.97618875460857,-0.00030378792058280527,-9.991158015523386,-9.998297031657081
0,P3-O1,-0.001045680947144327,-9.996206196028844,-9.998558978159918,-0.00010588210442167014,-9.997489524120773,-9.998124816747303,4.664309878556526e-05,-10.000097424079335,-9.999630993091479,-3.575865597781631e-06,-9.999863959699653,-9.9999479925412
0,Fp2-F8,-0.00048696988030643817,-9.998134579314238,-9.999230261544927,-1.886653655484576e-05,-9.999821068475699,-9.999934267695028,-4.640111425743982e-06,-9.999887671187862,-9.99993407230212,-2.8340083773138317e-06,-9.99989241483289,-9.999959014029757
0,F8-T4,-0.00046009392356201795,-9.998278034907495,-9.99931324623551,-2.5307592635415335e-07,-9.999929621261465,-9.999931139717024,6.550462239986e-05,-10.000405622300994,-9.999750576076995,-2.687608262407515e-05,-9.999163402126937,-9.999794990068603
0,T4-T6,-0.0005602326478167652,-9.998042509698019,-9.999303033155606,-0.0001417339408940719,-9.998581185000527,-9.99943158864589,5.8548604686908444e-05,-10.00009692999346,-9.99951144394659,-4.135744186260624e-06,-9.999815360103863,-9.99991255009224
0,T6-O2,-0.0002023444306461003,-9.99903980826823,-9.999495083237184,-0.00022744758549283505,-9.997671328750364,-9.999036014263321,-4.53080497457431e-05,-9.999305784313737,-9.999758864811195,-2.2051570942705995e-05,-9.999290774547756,-9.99980898646491
0,Fp1-F7,5.47082173872513e-05,-10.000023724170827,-9.999900630681706,1.1533636867772172e-05,-10.00002384973288,-9.999954647911673,1.07576501051696e-05,-10.000080871948782,-9.999973295447731,-1.237487718030964e-06,-9.999933395340916,-9.99996247630229
0,F7-T3,-4.9437106201419594e-05,-9.999761232350112,-9.999872465839065,-5.117924433493726e-06,-9.999943872938696,-9.999974580485297,-1.6655705103402832e-05,-9.999735495933194,-9.999902052984229,-3.619052241767086e-06,-9.999885090229604,-9.999970137957286
0,T3-T5,-0.0009524988250423692,-9.99662671442666,-9.998769836783005,-0.0007585977904049535,-9.988819826889005,-9.993371413631435,0.0004520510280428458,-10.001132197192968,-9.996611686912539,-5.09041064365865e-05,-9.998477170893604,-9.999673417394865
0,T5-O1,-0.00012940049482933558,-9.998834468443203,-9.999125619556569,9.412078252354107e-05,-9.996522214682457,-9.995957489987315,-0.00019005967268665968,-9.9976099438322,-9.999510540559067,-1.5016579269582842e-05,-9.999484707241836,-9.99983759685467
0,Fz-Cz,-0.002514777303467857,-9.990615095052293,-9.996273343985095,-1.603741818191464e-05,-9.999583896063854,-9.999680120572945,4.550110163065496e-05,-10.000266454475577,-9.99981144345927,-3.1194886512425864e-06,-9.99989194258255,-9.999965250565856
0,Cz-Pz,0.0002670157931161763,-9.996554719680953,-9.995953934146442,-0.0035536336469839235,-9.964615273315713,-9.985937075197617,-0.0015470626505461953,-9.974929360226003,-9.990399986731465,-0.0004425730266592511,-9.985750598621511,-9.996151064748004
0,Fp2-F4,-0.00039571524479177993,-9.99842597296936,-9.99931633227014,-4.474414220561807e-05,-9.999215784756071,-9.999484249609305,5.511745981829695e-05,-10.000188211871126,-9.999637037272944,-1.2866802435929291e-06,-9.999958699552094,-9.999988936537818
0,F4-C4,-0.0005599396752261239,-9.997559899326841,-9.9988197635961,-0.0015308158593689018,-9.987475598955244,-9.996660494111458,-0.00013654273970107496,-9.998307403337655,-9.999672830734665,-2.4343788358908855e-06,-9.999905666862086,-9.999962874764728
0,C4-P4,0.0005496964731193235,-9.999809889545308,-9.99857307248079,-0.0002740911217646378,-9.994349916535036,-9.995994463265625,-0.00027567431763631537,-9.9951690716006,-9.997925814776963,-1.4488406292243546e-05,-9.999334251159151,-9.999674728707019
0,P4-O2,-0.003234574041620162,-9.985820987060235,-9.99309877865388,-0.0017286867684142841,-9.982755316126795,-9.99312743673728,-0.0005898901479473775,-9.991505316408226,-9.9974042178877,-2.355703368192743e-05,-9.999121261408268,-9.999674851699794
0,Fp1-F3,-0.0019004681497975008,-9.992572040150792,-9.996848093487836,-0.00015459937596856273,-9.997658300802685,-9.998585897058497,9.237241589329615e-05,-10.000605249951779,-9.999681525792846,-3.5039575033856866e-06,-9.999877775282172,-9.999960118283502
0,F3-C3,-0.015383702624132543,-9.932799416908047,-9.967412747812345,-0.015263600899418656,-9.796481793755394,-9.888063399151905,0.004729628132264145,-10.022930574253676,-9.975634292931035,-9.762025881972835e-05,-9.997125170893591,-9.999419246975854
0,C3-P3,-0.011102941927264756,-9.94262384881313,-9.967605468149475,-0.016381914523009036,-9.774374182817283,-9.872665669955337,0.005830240540586908,-10.028491275485752,-9.970188870079884,-0.00011188717935012241,-9.996776925519308,-9.999406274234035
0,P3-O1,-0.0011505570546006209,-9.995840943455251,-9.998429696828103,1.6536266805263425e-05,-9.998434064093443,-9.998334846492611,1.328501666179942e-06,-9.999555469814574,-9.999542184797912,-1.122348814602447e-06,-9.99994877059341,-9.999975145790552
0,Fp2-F8,0.00030217594959510677,-9.999774836701357,-9.999094940814768,-0.0001070077377704607,-9.998900394226148,-9.999542440652771,-2.521385970399555e-05,-9.999680066888647,-9.999932205485687,-4.204267212355878e-07,-9.999975090906869,-9.999984970934818
0,F8-T4,-0.0007311874164563949,-9.996961437191981,-9.998606608879008,-0.00010821952285475845,-9.998963711637744,-9.999613028774872,0.0001249080052522096,-10.000555595832141,-9.999306515779619,-3.0451800612314967e-06,-9.999887966498573,-9.999959528230011
0,T4-T6,-0.00031892089323909965,-9.998219956244839,-9.998937528254627,-0.0011572254994223282,-9.988634529941116,-9.995577882937651,7.288887556627925e-05,-9.999618444591118,-9.998889555835454,-5.783252570047506e-06,-9.999783917611433,-9.99991982404683
0,T6-O2,-0.0005561999374737707,-9.99746126639287,-9.998712716252186,-0.0009882810007153585,-9.989989622163407,-9.995919308167698,-0.0003331906278724847,-9.99609698336286,-9.999428889641583,-6.651567373387082e-06,-9.999751671303798,-9.999907983137073
0,Fp1-F7,-0.0005904956876906415,-9.997502658904104,-9.998831274201407,-3.030782557199041e-06,-9.999960082008343,-9.999978266703685,-1.5760744485027926e-08,-9.999981292267918,-9.999981449875364,-2.119562411806578e-06,-9.999914151034066,-9.999963960750744
0,F7-T3,-5.718515887324363e-06,-9.999869447562299,-9.999882314223045,-5.043899354086855e-06,-9.999955491828409,-9.999985755224534,1.457399108964601e-05,-10.000104471616929,-9.999958731706032,-1.4395195277966499e-06,-9.999949569579423,-9.999983398288325
0,T3-T5,-0.0018730833576043496,-9.992942881751217,-9.997157319305828,-0.0008082943329097007,-9.989653507806477,-9.994503273803934,0.0008761236749687051,-10.006041935465973,-9.997280698716287,-1.468589296526902e-05,-9.999522453716624,-9.999867572201309
0,T5-O1,-0.0017605755084501864,-9.992868232123083,-9.996829527017097,-0.00022548182067568573,-9.996778399660004,-9.998131290584057,0.0002541686904892518,-10.001245805201297,-9.998704118296404,-9.724398296355502e-06,-9.999680820034023,-9.999909343393988
0,Fz-Cz,-0.00032392992329713827,-9.99804447523118,-9.9987733175586,-0.00019486316137944765,-9.998250632282595,-9.999419811250872,1.3556532619593599e-05,-10.000016395381564,-9.999880830055368,-7.180487953201327e-07,-9.999971760998504,-9.999988635145193
0,Cz-Pz,-0.006475737514436833,-9.97183780070567,-9.986408210113153,-0.017731759107721134,-9.814457776349801,-9.920848330996128,0.009372514939757744,-10.059881224958431,-9.966156075560853,-0.00016256374054644842,-9.99239440990463,-9.996214657807473
0,Fp2-F4,-0.0004110943757158125,-9.998166164640972,-9.999091126986333,-7.123046695385484e-05,-9.999424197955223,-9.999851580756946,3.6839175652421344e-05,-10.000127476086723,-9.999759084330199,-1.0669282924459226e-06,-9.99995420401604,-9.999979276830913
0,F4-C4,-0.0005321496874369721,-9.99793644050914,-9.999133777305873,-0.000369927921379674,-9.996974994038803,-9.999194561567082,-9.525169333186314e-06,-9.999551132158135,-9.999646383851466,-1.2324287901870934e-05,-9.999610754094716,-9.99990037486041
0,C4-P4,0.0006694476147260474,-9.99919359868371,-9.997687341550577,0.0002497993621507827,-9.998614542436481,-9.997115746263576,0.0007625836942090758,-10.004510513937108,-9.996884676995016,-5.476363523569105e-05,-9.998091652859037,-9.999378598287075
0,P4-O2,-0.00017281338681417614,-9.996152493436599,-9.996541323556931,0.00020104890655188342,-9.998905533232245,-9.997699239792933,0.00026361582681207695,-10.001015560174672,-9.99837940190655,-3.155054213844027e-05,-9.99878869247884,-9.999530130219092
0,Fp1-F3,-0.0008256126719188269,-9.996900978310157,-9.998758606821974,-0.0009826048760956823,-9.992402636464373,-9.998298265720948,4.403296290762753e-05,-10.000100366366834,-9.999660036737756,-5.042052952824133e-07,-9.999947152438542,-9.999959001262981
0,F3-C3,-0.010728617957647714,-9.961373497434028,-9.985512887838736,-0.04480272235906191,-9.642493311828478,-9.911309645982849,0.002927604958227679,-10.008107185856002,-9.978831136273724,-5.5304351468560294e-05,-9.998165860539107,-9.999465512798619
0,C3-P3,-0.009925164531127588,-9.964910004845619,-9.987241625040657,-0.04728167397933018,-9.62362889906451,-9.907318942940492,0.0033332486759374224,-10.00925510021063,-9.975922613451257,-6.994944903681246e-05,-9.997717954369708,-9.999361766422073
0,P3-O1,-0.001281334780348817,-9.995039584995416,-9.997922588251202,-0.0006568880647508943,-9.99479878595896,-9.998740114347465,-0.00014412297146850089,-9.99806163675964,-9.999502866474325,-2.447263008990098e-07,-9.999977109386142,-9.999982860454214
0,Fp2-F8,-7.070641795952819e-05,-9.999647068196088,-9.999806157636497,-1.3102615137294667e-05,-9.999792492847389,-9.999871108538212,2.1664182961915486e-05,-10.000161419762074,-9.999944777932456,-7.198524922639433e-07,-9.99996765986278,-9.999984576396347
0,F8-T4,-0.00010919474064832456,-9.999466360106704,-9.999712048273162,4.0783672893037926e-07,-9.9998999717923,-9.999897524771926,-5.341551209885029e-05,-9.999108786481317,-9.999642941602305,-5.7657687559683045e-06,-9.99978146968665,-9.999916965252414
0,T4-T6,-4.3733587352969745e-09,-9.999663182785712,-9.99966319262577,-2.5393874194090532e-05,-9.999469007854582,-9.999621371099746,8.912062830704829e-05,-10.000343397483189,-9.999452191200119,-2.3403707472095474e-06,-9.999908777940453,-9.999963776653013
0,T6-O2,-0.0002283529594739889,-9.998537587428244,-9.99905138158706,-9.817274509980845e-05,-9.999246610818684,-9.999835647289283,-5.095607600026471e-05,-9.999387103525686,-9.99989666428569,-7.676771629625871e-06,-9.999740644538953,-9.999921048672249
0,Fp1-F7,1.6943219907881368e-05,-9.999856214788425,-9.999818092543633,-5.145394699664875e-05,-9.99950398808062,-9.999812711762601,-1.773033259934664e-05,-9.999784631740527,-9.99996193506652,-3.7705814188338977e-07,-9.999962504159729,-9.999971365026063
0,F7-T3,-1.2930528383858175e-05,-9.999641334399303,-9.999670428088168,-0.0001517657086489954,-9.998858271727766,-9.999768865979659,3.483226530522175e-06,-10.000006580123726,-9.999971747858421,-1.0508456464747911e-06,-9.99996240375683,-9.999987098629523
0,T3-T5,-0.001087866879733193,-9.996067159120589,-9.998514859599988,-0.001617900176887157,-9.98721803621312,-9.996925437274443,0.00024661720021100606,-10.000641967470575,-9.998175795468464,-8.33647674588412e-06,-9.999705071492125,-9.999900978695653
0,T5-O1,-9.449963098638631e-05,-9.999138390606113,-9.999351014775833,-0.0010756493604692802,-9.991280514222948,-9.997734410385764,-5.801506621881873e-06,-9.999836830778063,-9.999894845844283,-2.7113993065955495e-06,-9.999885188850609,-9.999948906734314
0,Fz-Cz,1.5759526984688962e-05,-9.999072745723792,-9.999037286788077,-7.443060560069342e-05,-9.999342381199257,-9.999788964832861,-4.109283317063897e-06,-9.999877555189801,-9.999918648022971,-2.2038826602242244e-06,-9.999929587491824,-9.99998137873434
0,Cz-Pz,-0.004421505104076401,-9.983510464447491,-9.993458850931663,-0.002867158699386761,-9.976386246459967,-9.993589198656288,0.0005226679067932043,-9.999161323764739,-9.993934644696807,-0.00014940366166384448,-9.994602435680825,-9.998113421729926
0,Fp2-F4,8.060978034807557e-05,-9.999853410328319,-9.999672038322535,-3.295639099206024e-05,-9.999654495574857,-9.999852233920809,4.307048680160319e-05,-10.000295219113807,-9.999864514245791,-4.8671896194822695e-06,-9.999841139273009,-9.999955518229067
0,F4-C4,-0.0033733894232348713,-9.987616429303783,-9.995206555506062,-0.0003916265479781226,-9.99644126812088,-9.998791027408748,3.9834433619510393e-05,-10.000238712668304,-9.999840368332109,-7.886265366730653e-06,-9.999749597648742,-9.99993492488486
0,C4-P4,0.00028843228960453787,-10.000066554560187,-9.999417581908576,0.0005552639150310319,-10.000271416456666,-9.99693983296648,0.0004091601951686098,-10.002180160762002,-9.998088558810316,-2.5404152464493802e-05,-9.998771008558387,-9.999368006141303
0,P4-O2,-0.0013669511543520387,-9.994482819832852,-9.997558459930143,0.00022972671950290965,-9.999820035723365,-9.998441675406347,0.00018209508422119549,-10.000327849308391,-9.998506898466179,-3.57276499095738e-05,-9.998379485152283,-9.999219084925159
0,Fp1-F3,-0.0012826991562697075,-9.995398251494498,-9.998284324596105,-1.0063235811700789e-05,-9.999708023112474,-9.999768402527344,5.0074654501454765e-05,-10.00036222704661,-9.999861480501595,-2.1488185241960466e-06,-9.999905514813877,-9.999956012049196
0,F3-C3,-0.0208205469238357,-9.927982609742047,-9.974828840320678,-0.01568320911071031,-9.858793477258798,-9.95289273192306,0.007890109803518336,-10.056315468125451,-9.977414370090267,-0.0001064590385337056,-9.996631063611192,-9.999132851016734
0,C3-P3,-0.010549843515959454,-9.963361296306466,-9.987098444217375,-0.017727181005868002,-9.840238463509186,-9.946601549544393,0.009573679993011595,-10.068861744040518,-9.973124944110403,-0.000163620686514171,-9.99495279388784,-9.998797880020923
0,P3-O1,-0.0009526147365057135,-9.996146344737214,-9.998289727894353,-9.505348049071937e-05,-9.999205210880628,-9.999775531763573,-0.00010005738132449285,-9.99878067083685,-9.999781244650094,-9.177095895939485e-07,-9.99993831999963,-9.999959886174986
0,Fp2-F8,-3.923653543759543e-05,-9.999622096155942,-9.999710378360676,8.695307440798844e-07,-9.999988022730543,-9.999982805546079,-9.077859842793396e-06,-9.999881344693057,-9.999972123291485,-1.6513591429276516e-06,-9.999934524941462,-9.999973331881321
0,F8-T4,-0.00022899530349504971,-9.998930969621384,-9.999446209054248,-9.76552483084981e-06,-9.999814207332363,-9.999872800481349,3.043723706921745e-05,-10.000130716862188,-9.999826344491495,-9.707611012477575e-06,-9.999668815081053,-9.999896943939847
0,T4-T6,-0.0033166628246727725,-9.988438727362398,-9.995901218717911,-0.00014900103999389503,-9.99828881358314,-9.999182819823103,0.0001038649445229341,-10.000685269506828,-9.999646620061599,-5.7565492773205035e-06,-9.9997789643413,-9.999914243249316
0,T6-O2,-0.00021715900579792532,-9.999033595172042,-9.999522202935088,6.260270032328174e-05,-9.999909374234951,-9.999533758033012,3.4042870117387425e-06,-9.999971223370672,-9.999937180500554,-6.341801591101239e-06,-9.999753325267578,-9.999902357604968
0,Fp1-F7,-0.0006793864743125123,-9.997137679684112,-9.998666299251315,-4.122975228001563e-05,-9.999596988544676,-9.999844367058357,4.577357609994979e-06,-10.000024486871215,-9.999978713295116,5.200777874505713e-07,-9.999986670348328,-9.999974448520323
0,F7-T3,-0.00013971711326568687,-9.999424643878298,-9.999739007383145,-3.9219142376206946e-05,-9.99967809660801,-9.999913411462266,-2.085773298521137e-06,-9.999947150028179,-9.999968007761163,-2.3917895403385594e-06,-9.999923140034324,-9.999979347088523
0,T3-T5,-0.001120287223269609,-9.995827257813863,-9.99834790406622,-0.0005462130246222426,-9.995292241697436,-9.99856951984517,0.0011382405994252388,-10.008154455318302,-9.996772049324049,-2.8313393977798158e-05,-9.999115189482094,-9.999780554240573
0,T5-O1,-0.0016884253002788087,-9.993522872473172,-9.997321829398798,-0.00036031811499957344,-9.99716754014932,-9.999329448839317,3.587700676900654e-05,-9.999722511104327,-9.999363741036637,-9.986041376651317e-06,-9.999598840861374,-9.999833512833725
0,Fz-Cz,-0.0014515101449973432,-9.99466831923256,-9.997934217058804,-4.631789213652369e-05,-9.999557291771932,-9.999835199124751,1.7043178874956198e-05,-10.000115372266713,-9.999944940477963,-2.077123589322415e-06,-9.999928045431657,-9.999976857836007
0,Cz-Pz,-0.004095772575046892,-9.985886537863184,-9.99510202615704,-0.00012029160535211214,-9.998521225458083,-9.999242975090196,5.401900790543559e-05,-9.999858297921618,-9.999318107842564,-1.224916792712317e-05,-9.999592064426539,-9.999879919872827
0,Fp2-F4,-0.004381829043962116,-9.979482083985332,-9.989341199334246,-1.511776920907242e-06,-9.999795105825877,-9.999804176487402,-5.504934672826726e-05,-9.999291762144148,-9.999842255611432,-2.5035875730643654e-06,-9.999916808447194,-9.999975642755162
0,F4-C4,-0.013041831120594713,-9.953332845430872,-9.98267696545221,-4.930475696360851e-06,-9.99919502911212,-9.999224611966298,-8.974718202223808e-05,-9.998857298437843,-9.999754770258065,-3.2021197277746124e-06,-9.999889281682737,-9.99996453149634
0,C4-P4,-0.01715433841444872,-9.931744674424534,-9.970341935857043,4.607911840652503e-05,-10.000055605605375,-9.999779130894936,-1.4737538734501272e-05,-9.999727726322307,-9.999875101709652,-4.4690945477835795e-07,-9.999981724966574,-9.999992227338762
0,P4-O2,0.00028933762111601894,-9.9986036628198,-9.99795265317229,1.758182559079241e-05,-9.999561635714754,-9.99945614476121,4.4458248841362406e-05,-10.000251686898052,-9.999807104409639,-1.404237430199787e-06,-9.999942207173445,-9.999975206753055
0,Fp1-F3,0.00023658780942739278,-9.997613486195057,-9.997081163623845,8.695301154041782e-05,-9.99937769319239,-9.998855975123147,-0.00010211891232000712,-9.998745182147916,-9.999766371271116,-3.936658212397942e-06,-9.999845613982384,-9.999938125450376
0,F3-C3,-0.03228634444021262,-9.885561700432707,-9.958205975423185,-0.0024223436928968818,-9.97546497382501,-9.989999035982391,-2.6179701094610404e-05,-9.999549054433846,-9.999810851444792,-8.538993678284702e-06,-9.999731819219152,-9.999932485570591
0,C3-P3,-0.019225238689424377,-9.928053408582501,-9.971310195633706,-0.0004122183831689412,-9.993982172372528,-9.996455482671541,-7.436877388121764e-05,-9.998935180043173,-9.999678867781984,-5.3763982772792594e-06,-9.999826626677876,-9.999952972037393
0,P3-O1,-0.0051994235438580045,-9.98094367992344,-9.99264238289712,-0.00034216474352466827,-9.997243316306951,-9.9992963047681,-5.094071965624133e-05,-9.999389414632674,-9.999898821829236,-7.523110227241579e-07,-9.99994366920899,-9.999961348518024
0,Fp2-F8,-0.012349532115262987,-9.940332769149867,-9.968119216409209,0.000974449779439655,-10.002578475030395,-9.996731776353757,-0.0002733517767407946,-9.996549796277591,-9.999283314045,-1.045578012202714e-05,-9.99968295643067,-9.999928667263537
0,F8-T4,-0.007554061620115869,-9.961952195807328,-9.978948834452588,-0.0006993394876369759,-9.990705449002046,-9.994901485927869,1.768681469832627e-05,-9.999747395081725,-9.999570526934741,-1.8083987847222374e-05,-9.999454761765703,-9.999879735480112
0,T4-T6,-0.0006356176239708944,-9.994203233850884,-9.995633373504818,-0.0017415092229890537,-9.986434628852601,-9.996883684190536,-6.80134777486733e-05,-9.99883679363594,-9.999516928413426,-1.1020057504458383e-05,-9.999654444499178,-9.999913415850534
0,T6-O2,-0.0015006658904527903,-9.994604556404564,-9.997981054658084,-9.613743001001374e-05,-9.99906328509297,-9.99964010967303,6.539439641544106e-06,-10.00001800620314,-9.999952611806725,-5.100081603761289e-07,-9.999959571922993,-9.999971557114762
0,Fp1-F7,-0.0003886010943467721,-9.998369970859702,-9.999244323321982,7.326072310102131e-05,-9.99955735571124,-9.999117791372633,-2.1606334941067213e-06,-9.999947054597948,-9.99996866093289,-1.904913827085415e-06,-9.999919281327966,-9.999964046802901
0,F7-T3,-0.0050523832029110574,-9.980651575799516,-9.992019438006066,-0.0012778701502183544,-9.988950390394638,-9.996617611295948,-0.00023610615856529737,-9.997300561006536,-9.999661622592189,-6.54830667262291e-06,-9.999795285010622,-9.999949170217429
0,T3-T5,-0.0010686752977734745,-9.991519665290818,-9.993924184710808,-0.0005741731025928562,-9.992668156009994,-9.996113194625552,-7.026354116552946e-06,-9.999310854815292,-9.999381118356457,-9.397621481843239e-06,-9.99968261366705,-9.999903457771874
0,T5-O1,-0.002553447106289997,-9.987763303453093,-9.993508559442246,4.330983584843502e-05,-9.99985012982908,-9.99959027081399,-2.1739624230279208e-06,-9.999720699199042,-9.999742438823272,-4.826918301012221e-06,-9.999757434400532,-9.999870866980606
0,Fz-Cz,-0.17901677359827867,-9.252925324517342,-9.655713065113469,0.007473655448133871,-10.022748862718716,-9.977906930029913,-0.0032785995880720005,-9.957624788175417,-9.990410784056138,-1.6529168315811508e-05,-9.999497206819107,-9.99988564227453
0,Cz-Pz,-0.1430982540230991,-9.37878163745477,-9.700752709006743,0.00574970217622884,-10.018878145761231,-9.984379932703858,-0.0026579231581731542,-9.965242583351209,-9.99182181493294,-1.260650474322314e-05,-9.999611195145873,-9.999907448007338
0,Fp2-F4,-0.017024523094789943,-9.925259923290865,-9.963565100254142,0.0016834187396880566,-10.002845479803183,-9.992744967365054,-0.0009629857490258686,-9.98553239517609,-9.995162252666349,-5.72862896026092e-05,-9.998288191484228,-9.99963441928989
0,F4-C4,-0.02019883365399159,-9.835071416508887,-9.880518792230369,-0.015128129030406261,-9.843366667716138,-9.934135441898576,-0.002554663994839637,-9.966567433030654,-9.992114072979051,-4.0165891716169355e-05,-9.9987458764868,-9.999689774942128
0,C4-P4,-0.011036113802958018,-9.952204570951123,-9.977035827007779,0.0005055550594134361,-10.000818526965828,-9.997785196609348,0.00036459596639173167,-10.000653886501174,-9.997007926837258,-7.551871309180429e-05,-9.996965093737415,-9.998739783495074
0,P4-O2,-0.005728412749667105,-9.965457827093626,-9.978346755780377,-0.0066277571749479725,-9.946500028746197,-9.986266571795884,-0.00045926338204995066,-9.99391650257792,-9.998509136398418,-4.5201100973340735e-05,-9.997707990347381,-9.998770216220255
0,Fp1-F3,0.005284430714028404,-9.976602117152368,-9.964712148045804,-0.0009760070854487968,-9.983584579676423,-9.989440622189116,-0.003571215265371537,-9.9555750942947,-9.991287246948415,-6.719420998470826e-05,-9.99789546562248,-9.999474529557121
0,F3-C3,-0.01465859028566206,-9.809165224703078,-9.842147052845817,0.007341506138405514,-9.807377568582718,-9.763328531752284,0.000402692228031111,-9.96352395583428,-9.95949703355397,-0.001347895170705963,-9.959471854529008,-9.991147391040599
0,C3-P3,0.007035345188411529,-9.799461650630068,-9.783632123956142,0.01485746394490977,-9.942964132605047,-9.853819348935588,0.00822761463819316,-10.062946637047906,-9.980670490665975,-0.0013560689124581156,-9.959965176601214,-9.99183279604398
0,P3-O1,-0.001172682921455689,-9.995333157765163,-9.997971694338439,0.00028739896628139964,-9.999141075518349,-9.99741668172066,2.6935622026369667e-05,-9.999735983898141,-9.999466627677878,-2.384566427257717e-05,-9.99925810914949,-9.999818482259895
0,Fp2-F8,-0.031809735766210226,-9.873434130362586,-9.94500603583656,0.0002476200301816734,-9.992585076137257,-9.991099355956166,-0.0022763291215818606,-9.971885884423829,-9.994649175639648,-3.3590028075222955e-05,-9.998910272728356,-9.999699638388124
0,F8-T4,-0.06108847249978759,-9.71812351754478,-9.855572580669303,-0.0006537395535508814,-9.96784117685721,-9.971763614178515,-0.004364950130452831,-9.945266217443361,-9.98891571874789,-0.00013057047137264997,-9.996131598079973,-9.999200004157231
0,T4-T6,-0.007215349619861862,-9.956822361499464,-9.973056898144153,-0.0006467779683909313,-9.994075693486803,-9.997956361297149,-0.0001384046359744439,-9.998345827429372,-9.999729873789116,-1.40767033263457e-05,-9.999560366441052,-9.99989116896922
0,T6-O2,0.0002731022832129153,-9.999293770364215,-9.998679290226987,-0.0005066756517306165,-9.99567519062403,-9.998715244534415,-6.613386678407712e-05,-9.999172780911268,-9.99983411957911,-1.511888699299612e-05,-9.99952812252082,-9.999883416365154
0,Fp1-F7,-0.0013732432958460108,-9.99208736313147,-9.995177160547122,-6.043901067726779e-05,-9.998377620962636,-9.9987402550267,-0.0003382181887962224,-9.99591420931848,-9.999296391206443,-3.3565060593295814e-06,-9.999874993895812,-9.999953871788206
0,F7-T3,-0.022629858714244937,-9.910632923369446,-9.961550105476498,-0.006191713881306037,-9.94273509383239,-9.979885377120226,-0.00019706025129444374,-9.996300968057659,-9.998271570570603,-2.5212342690206844e-05,-9.99920462722595,-9.99979711727917
0,T3-T5,-0.00920238304199428,-9.954711808613716,-9.975417170458202,-9.780982748609441e-05,-9.997897445753903,-9.99848430471882,-0.0003221550061250884,-9.994518738049097,-9.997740288110348,-9.144751388997503e-05,-9.997288157766947,-9.999437174343361
0,T5-O1,-0.002697230069386756,-9.981945588066244,-9.988014355722365,-0.0019494398238758869,-9.985051263062438,-9.996747902005692,-4.202403840790931e-05,-9.999356855462096,-9.999777095846175,-3.070565731275993e-05,-9.999023844256582,-9.999745427203433
0,Fz-Cz,0.00910061116701394,-9.708978892644389,-9.688502517518607,-0.06908163434756694,-9.360400257077517,-9.774890063162918,-0.014950281926919716,-9.802046387927602,-9.951549207196798,-0.0007118732890408569,-9.976218014710675,-9.992947037003136
0,Cz-Pz,0.038827099916902745,-9.792855010676426,-9.705494035863396,-0.05794499192296429,-9.495711791558914,-9.8433817430967,-0.009849554035315237,-9.867209039603642,-9.965704579956794,-0.0005322257055734384,-9.982362783436413,-9.99487008751739
0,Fp2-F4,-0.19274389521669325,-8.812660717190361,-9.24633448142792,-0.010754025989259442,-9.836123960725159,-9.900648116660715,-0.0005256963177609854,-9.992523652012046,-9.997780615189656,-0.00019642645285518432,-9.993849517992293,-9.99846553963439
0,F4-C4,-0.17435752575632527,-9.112207460625775,-9.504511893577508,-0.012702558796047887,-9.89109279899422,-9.967308151770508,0.0012232203853611767,-10.004764110137984,-9.992531906284372,-0.00017693370235709538,-9.994718062032934,-9.998876004038326
0,C4-P4,-0.03440668917681864,-9.83622806322784,-9.91364311387568,0.0014815268655886816,-10.00057493855476,-9.991685777361228,-0.0005230501499255198,-9.992905720424702,-9.998136221923957,-4.033546376775087e-05,-9.998814165736144,-9.999762049134686
0,P4-O2,-0.044144666989231016,-9.818255233426797,-9.917580734152567,-0.0015056102204375561,-9.982590043384624,-9.99162370470725,-0.000682643869463379,-9.988596069274474,-9.995422507969108,-7.384527105488123e-05,-9.997827683856494,-9.999563047726284
0,Fp1-F3,-0.0097497648486546,-9.962841504592891,-9.984778475502363,-0.03798699320718509,-9.670453775794716,-9.898375735037826,0.0007202866127604204,-10.00340910272979,-9.996206236602186,-0.00021946829071172328,-9.993477619009022,-9.998635123840748
0,F3-C3,0.023339697136225558,-9.990599979919038,-9.93808566136253,0.0030209114958512835,-9.99335233998361,-9.975226871008504,0.0006093578732402187,-9.997972627736077,-9.991879049003675,-0.00017571214554285434,-9.99444123280936,-9.998570468229616
0,C3-P3,-0.006405784967026642,-9.899542306225475,-9.913955322401286,-0.01806863845731501,-9.80122540950226,-9.90963724024615,0.004139195959117655,-10.020136728281148,-9.978744768689971,-0.0002880104455372431,-9.991223821155405,-9.99799206662553
0,P3-O1,-0.09382837602192748,-9.657579393699615,-9.868693239748952,-0.001651872316421215,-9.983189972753612,-9.99310120665214,9.303959789947135e-05,-10.000737005306751,-9.999806609327758,-1.1239608561710917e-05,-9.999653795957995,-9.999917926759196
0,Fp2-F8,-0.11170269152020697,-9.047717110597192,-9.299048166517657,0.03048976743972769,-10.095964173098768,-9.913025568460402,0.013235005912426373,-10.100435118644029,-9.968085059519765,-0.000467848324944394,-9.985713014980817,-9.996707450617011
0,F8-T4,-0.05141304395691095,-9.536593920174617,-9.652273269077666,-0.012697650468475338,-9.86308570110711,-9.939271603917962,0.0076729325365105525,-10.064001436473925,-9.987272111108819,-0.0002034954306302793,-9.993392686659828,-9.99817482927964
0,T4-T6,-0.1788320339519768,-9.169018506248825,-9.571390582640774,-0.01808523581177181,-9.85761251163335,-9.96612392650398,0.00034790221248094265,-10.001154079294697,-9.997675057169888,-7.474882247552522e-05,-9.997753249617825,-9.999509846946
0,T6-O2,-0.05110674998464555,-9.799878050101483,-9.914868237566935,-0.004107413422928998,-9.96168343997433,-9.986327920511904,0.0006243874063814338,-10.000432476718006,-9.99418860265419,-7.933707839602768e-05,-9.997694577904417,-9.999558999246723
0,Fp1-F7,-0.12266023621392048,-9.470205758547612,-9.746191290028934,-0.05646973392982211,-9.57031423596704,-9.909132639545971,-0.006927782227218515,-9.910937002091572,-9.980214824363758,-0.0004037086627179227,-9.98826609443045,-9.997753248004322
0,F7-T3,0.022494019577986246,-9.865502015212668,-9.8148904711622,-0.04081612527019759,-9.654606614137133,-9.899503365758319,-0.00016655702713475284,-9.978424123768114,-9.980089694039462,-0.0003128527435130726,-9.990813834723662,-9.99816587419622
0,T3-T5,-0.1354052709828572,-9.51789899361085,-9.822560853322278,-0.013166768302634465,-9.883166067927506,-9.962166677743314,-0.0013379211854513808,-9.981046200886466,-9.994425412740979,-7.165821990107196e-05,-9.997867537480648,-9.999551505648324
0,T5-O1,-0.11311964240356952,-9.497084988066106,-9.751604183474138,-0.01619136154617995,-9.869639436455683,-9.966787605732764,0.0003436530127871482,-9.994852094644623,-9.991415564516752,-7.07363669109983e-05,-9.997893450013098,-9.999555754635507
0,Fz-Cz,-0.04325572665415651,-9.692435991583421,-9.789761376555273,-0.1189941951264298,-9.108914466767013,-9.822879637525592,-0.016202221244658217,-9.797326081757006,-9.959348294203588,-0.0010252745168759757,-9.967765210424648,-9.991859161571234
0,Cz-Pz,-0.12454124263581276,-9.526867477201025,-9.807085273131603,-0.009306431616090247,-9.87202860164563,-9.927867191342171,-0.004963494524118763,-9.917860843626714,-9.967495788867902,-0.00043941289336054426,-9.986612860344358,-9.996939063338331
0,Fp2-F4,-0.039250674744895804,-9.78028415071282,-9.868598168888836,-0.028844093853031928,-9.784618486853697,-9.95768304997189,0.00014268837915873102,-9.999978527676253,-9.998551643884666,-4.6936353540489296e-05,-9.998591248609701,-9.999694252917903
0,F4-C4,-0.0757307780725385,-9.687785156127509,-9.85817940679072,-0.022916127416089428,-9.823985278480071,-9.961482042976607,-8.425318726089811e-05,-9.997716774224868,-9.998559306097476,-2.09420298476958e-05,-9.999327426511448,-9.999819564212869
0,C4-P4,-0.022037527770907367,-9.784478333548181,-9.834062771032723,-0.010285572042368823,-9.919107433827088,-9.9808208660813,0.006493333309064725,-10.048556670312605,-9.983623337221958,-0.0007015825992124869,-9.95856458823266,-9.975051779314153
0,P4-O2,-0.17605647264661042,-9.24693707457485,-9.643064138029724,-0.006836755583271057,-9.936488550466953,-9.977509083966579,0.008240497460749676,-10.059461584298091,-9.977056609690594,-0.0007515699505716993,-9.95614381394236,-9.973805707780794
0,Fp1-F3,-0.02505871118325669,-9.904111704021956,-9.960493804184283,-0.00025671470537709577,-9.996244260505264,-9.997784548737528,-0.0007472955708702964,-9.990185535412774,-9.997658491121477,-3.32432110591109e-06,-9.999876915905352,-9.999955037451342
0,F3-C3,-0.08172128743594871,-9.64385393458862,-9.827726831319504,0.005437146468003723,-10.004042560759459,-9.971419681951437,-6.651197908000835e-05,-9.99214079796067,-9.992805917751468,-4.31500630071902e-05,-9.998734533938528,-9.999748560419198
0,C3-P3,-0.09313169089138695,-9.648300837261463,-9.857847141767083,0.011199648401408817,-10.038752308035994,-9.97155441762754,0.00012062937343689984,-9.994703449409998,-9.99349715567563,-4.7581548039850125e-05,-9.998592964810506,-9.999711131189443
0,P3-O1,-0.27032424988106435,-8.988310786223964,-9.59654034845636,-0.0013680201483696557,-9.986862601050932,-9.99507072194115,-5.347766448541727e-05,-9.998651389028028,-9.999186165672882,-8.628711316563995e-07,-9.99995949971236,-9.999979777183954
0,Fp2-F8,-0.050813732908436625,-9.750600964906848,-9.864931863950831,-0.0062943316218803435,-9.928420189175059,-9.96618617890634,-8.120874540771327e-05,-9.996620199381493,-9.99743228683557,-4.65908462003027e-05,-9.99860359325963,-9.999698478145339
0,F8-T4,-0.07755005262399758,-9.667961213402856,-9.84244883180685,-0.0015862181774731862,-9.971170492658732,-9.98068780172357,-0.0003307144931742567,-9.995225906745372,-9.998533051677114,-1.3124875568125555e-05,-9.999549210011383,-9.999857644587234
0,T4-T6,-0.11790789621172029,-9.562309627853393,-9.827602394329764,-0.0010592360715310236,-9.98362715593065,-9.989982572359835,-0.0012516723556839815,-9.98371989351428,-9.99623661707112,-0.00011104242239435567,-9.996715438909842,-9.999324935836109
0,T6-O2,-0.0876333004447585,-9.667521814891296,-9.864696740892002,-0.002432072162783812,-9.978289061309965,-9.992881494286667,-0.0017101895413547245,-9.97814641306962,-9.995248308483168,-1.248808421707012e-05,-9.999499980938,-9.999793450917101
0,Fp1-F7,-0.003658101582382809,-9.953985924373637,-9.962216652933998,-0.0013050967219890178,-9.989769302980807,-9.997599883312741,-5.864838903439071e-06,-9.999279062974242,-9.999337711363276,-2.1642483218884857e-06,-9.999906120600137,-9.999956980435702
0,F7-T3,-0.02392996921120197,-9.893049799556726,-9.94689223028193,-0.00026035680808894363,-9.992409128453366,-9.9939712693019,-0.00014589068341964832,-9.99775562419888,-9.999214531033077,-2.4331461910268844e-06,-9.999913142735522,-9.999970321671011
0,T3-T5,-0.0448003828652399,-9.831813229125485,-9.932614090572274,-0.0021091293781626956,-9.976648246674467,-9.989303022943442,-0.0011520634923501327,-9.983650816308797,-9.995171451232299,-8.20904379530198e-05,-9.997652192113213,-9.99958131740511
0,T5-O1,-0.061389179794974644,-9.754436954872748,-9.89256260941144,-8.98360396614087e-05,-9.992762678934389,-9.993301695172358,-0.0004025516486739526,-9.992332191737653,-9.996357708224393,-7.495033704749283e-05,-9.997857016831626,-9.999618349752241
0,Fz-Cz,-0.09390883563871757,-9.622686179847038,-9.833981060034153,-0.0019644137525371354,-9.983803840519407,-9.99559032303463,-0.0003769659825196321,-9.995676936051572,-9.999446595876767,-2.724554241490882e-06,-9.999898533611765,-9.99996256063644
0,Cz-Pz,-0.10613578259371899,-9.619491244794755,-9.858296755630622,0.00046713802762505846,-9.996111120381629,-9.993308292215879,-0.0004622065600118445,-9.985407053910928,-9.990029119511046,-0.0002432056500261662,-9.992520984722148,-9.998236317497764
0,Fp2-F4,-0.05289237872841254,-9.444455191631048,-9.563463043769977,-0.03891270728890538,-9.677003034104667,-9.9104792778381,0.00046567362770963145,-9.984930965602267,-9.98027422932517,-0.0002312556257000953,-9.993240258016058,-9.998674765220011
0,F4-C4,-0.11033771890105813,-9.567062092346692,-9.815321959874073,-0.0002860934399417627,-9.994462087347658,-9.996178647987309,0.0010141359291001124,-10.0071505903944,-9.997009231103398,-2.7084231986997785e-05,-9.99912008877777,-9.999756568229465
0,C4-P4,-0.06030163147980628,-9.497195951630335,-9.6328746224599,-0.00244054416468398,-9.936002587466364,-9.950645852454468,-0.003218975913598647,-9.956516746210758,-9.988706505346745,-8.691986706950568e-05,-9.996560794896457,-9.99860341177259
0,P4-O2,-0.07930254689546937,-9.439713498265693,-9.6181442287805,-0.0012669416790008026,-9.949891663077741,-9.957493313151746,-0.0016986182054209878,-9.97466554958778,-9.991651731641989,-8.2813369035429e-05,-9.996624718911907,-9.998570833084239
0,Fp1-F3,-0.04664459456441827,-9.79586971306648,-9.90082005083642,-0.0008920711896554649,-9.991429099722568,-9.9967815268605,-3.0188622903931205e-06,-9.999826606436717,-9.999856795059621,-6.80276852109025e-06,-9.999753686263025,-9.99991355132327
0,F3-C3,0.01553730946840789,-9.976217602651285,-9.941258656347367,-0.0026618980561674555,-9.950667813849616,-9.96663920218662,-0.004256671700433652,-9.950807850143272,-9.993374567147608,-1.396193589187097e-05,-9.999573241030099,-9.999901346523558
0,C3-P3,-0.007439983798223005,-9.866772677721015,-9.883512641267016,-0.0027405480240112537,-9.934200288110773,-9.95064357625484,-0.004039464153787453,-9.952604144942534,-9.992998786480408,-7.88678714452301e-06,-9.999741837298302,-9.999927176796199
0,P3-O1,-0.011730201507117285,-9.952002834081194,-9.978395787472207,-9.262956247512065e-05,-9.998570974071072,-9.999126751445923,1.6121987626732316e-05,-10.000074622885466,-9.999913403009199,-5.5734082546397e-07,-9.999961864441937,-9.999974961951336
0,Fp2-F8,-0.16691356564482532,-9.033393687613753,-9.40894921031461,-0.04458212272681276,-9.629101624716116,-9.896594361076993,-0.001968588495988242,-9.954051116785616,-9.973737001745498,-0.0005157078813225707,-9.984858587955328,-9.996977723166408
0,F8-T4,-0.02396891005822469,-9.90496064123991,-9.958890688870916,-0.0010661427222559286,-9.987928495465551,-9.994325351799088,-0.0022739140566556864,-9.970558720549638,-9.993297861116195,-5.481236734110895e-05,-9.998383851767125,-9.99967194239964
0,T4-T6,-0.0668070593778899,-9.7621309150483,-9.912446798648551,0.0009776748600606746,-10.002767695324637,-9.996901646164273,-0.00010811752485207862,-9.997192611083673,-9.998273786332193,-1.3353740922598291e-05,-9.999575058777806,-9.999888871689487
0,T6-O2,-0.025950746975494793,-9.905402550299163,-9.963791730994027,-0.000671109608577617,-9.994813822097097,-9.998840479748562,7.819255791737017e-05,-10.000497122312249,-9.999715196733074,-4.434004002151642e-06,-9.999854414675818,-9.999958613769868
0,Fp1-F7,-0.10467516370701875,-9.605578391590145,-9.841097509930936,-0.0012414623488977848,-9.989127486553123,-9.99657626064651,-3.520381916054006e-05,-9.999409993011476,-9.999762031203081,-4.291022372325301e-06,-9.999840213111723,-9.999941052137473
0,F7-T3,-0.17464789439807396,-9.38360066048664,-9.776558422882307,-0.0024360692451235047,-9.978015154123527,-9.992631569594268,-0.00014809998961416544,-9.998224459307762,-9.999705459203904,-1.994110585968741e-05,-9.999416476160562,-9.999885092148265
0,T3-T5,-0.00100536944644149,-9.994329037580554,-9.996591118835047,-0.00012469003661302612,-9.998573721784126,-9.999321862003804,3.9139278163138417e-05,-9.999841731506352,-9.99945033872472,-8.937122188437051e-06,-9.999701666728736,-9.999911689100164
0,T5-O1,-0.014366913058862679,-9.943306897004486,-9.975632451386927,6.781885990574097e-05,-9.998602719601033,-9.998195806441599,-0.00011456378345232235,-9.997902612985868,-9.999048250820392,-6.833215106688015e-06,-9.99974115602575,-9.999901736580759
0,Fz-Cz,-0.0004446321352477499,-9.976911816515395,-9.977912238819703,4.397668050363096e-05,-9.998260916016854,-9.997997055933832,-5.483989209115468e-05,-9.999102334493752,-9.999650733414663,-4.6346356642721215e-06,-9.999855094052709,-9.999964007990819
0,Cz-Pz,-0.010022510419762074,-9.943544822178355,-9.96609547062282,-0.0017039011745754221,-9.974989932076799,-9.985213339124252,-0.0019371572453138128,-9.971532536953623,-9.990904109406761,-8.114319967258513e-05,-9.99716924534781,-9.999076110540114
0,Fp2-F4,-0.003930036881788178,-9.984321510544085,-9.993164093528108,-7.899852138767397e-05,-9.998712542302938,-9.999186533431264,8.227809644530115e-06,-9.99999024557372,-9.999907967477276,-1.5140723043898852e-06,-9.999942355968171,-9.999977936667324
0,F4-C4,-0.002206902412914565,-9.991260211927054,-9.996225742356112,-0.0011660453789396716,-9.990587369154055,-9.997583641427692,3.296734689002484e-05,-10.000251676596193,-9.999922003127292,-3.1263827689726475e-06,-9.99989156689291,-9.99996503688798
0,C4-P4,-0.025477087274194718,-9.762061773638667,-9.819385220005605,-0.01673701891695393,-9.87129172122555,-9.971713834727273,-0.00267608298693923,-9.966098535110689,-9.992859364980081,-0.00013851228699813213,-9.992887762703722,-9.996142801448178
0,P4-O2,-0.08351003425978218,-9.613275989795511,-9.80117356688002,-0.023609699143912803,-9.820491119875046,-9.962149314738522,-0.0022209724079976264,-9.970053465466908,-9.992263189546884,-0.00011888664588591147,-9.993119825363088,-9.995913661541406
0,Fp1-F3,-0.12189064740397106,-9.54491448400241,-9.819168440661345,-0.0025809668710006736,-9.972671658077862,-9.988157459303867,-0.0010569977166297708,-9.987962262149104,-9.998532239315402,-5.890191792418018e-06,-9.999811446444669,-9.999949865951791
0,F3-C3,0.009883575201901288,-9.954784531116655,-9.932546486912377,-0.01546202806071971,-9.865999117229679,-9.958771285593997,-0.00015331167522768013,-9.996630094390113,-9.99816321114239,-8.508020618285252e-06,-9.999725087908713,-9.999925026393242
0,C3-P3,-0.11569839826481941,-9.498322196284109,-9.758643592379952,-0.00785700596716291,-9.897386314030651,-9.944528349833629,-0.0010859081695453604,-9.985212734116534,-9.996071815811987,-1.2514918577870995e-05,-9.99963001010977,-9.99992411069635
0,P3-O1,-0.09280213891215315,-9.659803836995891,-9.868608649548236,-0.000981973853142561,-9.988716662954255,-9.99460850607311,-0.00039570837818854687,-9.994109216947608,-9.998066300729494,-8.629694788264385e-06,-9.99971196198849,-9.999914759816015
0,Fp2-F8,-0.007847403281738285,-9.972471720579977,-9.990128377963888,-0.0001268510504151318,-9.998964708866769,-9.99972581516926,8.201551750575379e-06,-10.000016392922356,-9.99993437740485,-2.811315573371057e-06,-9.99990861936361,-9.999974685279584
0,F8-T4,-0.006974208246430477,-9.97622632108816,-9.991918289642628,3.245657399454265e-05,-9.999943541043626,-9.999748801599658,-1.233226615287335e-05,-9.999725923150509,-9.999849245812037,-1.5975381466422e-06,-9.99991556514215,-9.999953107288595
0,T4-T6,-0.006587329961296031,-9.974926973559796,-9.989748465972712,-0.00017110217031074553,-9.998117770209657,-9.99914438323152,-9.962314838573417e-05,-9.998483955288261,-9.999480186772118,-4.92446442688694e-06,-9.999835165407953,-9.999950890321985
0,T6-O2,-0.020624390564567826,-9.912024590454138,-9.958429469224415,-0.0012200411048360145,-9.987252522115133,-9.994572768744149,1.718677859973584e-05,-10.000082444395218,-9.99991057660922,-2.9102084960943108e-06,-9.999900664880156,-9.999969054779815
0,Fp1-F7,-0.22403792177168635,-9.205348985829795,-9.70943430981609,-0.018004529938894724,-9.865955868959981,-9.973983048593348,-0.00028555375178795944,-9.993863514807925,-9.996719052325805,-2.3307799405292954e-05,-9.999300921234502,-9.999848654520527
0,F7-T3,-0.33659235296002965,-8.81336036074192,-9.570693154901987,-0.008678244507686396,-9.920026671516815,-9.972096138562934,-0.0013592224615134843,-9.980470761125034,-9.994062985740168,-4.613825775247619e-05,-9.998655383814121,-9.999739632871304
0,T3-T5,-0.03215528162706428,-9.869916220241759,-9.942265603902653,-0.001704055132420377,-9.983697960136917,-9.993922290931438,-0.0007919938858735981,-9.990528045703426,-9.998447984562162,-9.887342983630657e-06,-9.99964799732685,-9.999880349886965
0,T5-O1,-0.1039566107661804,-9.604485409019631,-9.838387783243537,-0.008853762094333124,-9.921312485625805,-9.974435058191803,-0.001073236797027688,-9.984629315899507,-9.995361683869785,-4.7535470741824744e-05,-9.998520228767948,-9.99963731233038
0,Fz-Cz,-0.004364435602585476,-9.982954813475692,-9.992774793581509,-0.0011414209723777558,-9.99006218033093,-9.996910706165197,-6.292360992299606e-06,-9.999870051905145,-9.999932975515067,-4.191979842076292e-06,-9.999868649608246,-9.999967161134535
0,Cz-Pz,-0.09454032695940043,-9.605825874027678,-9.81854160968633,-0.016934555340965003,-9.849790688996382,-9.951398021042172,-0.0008414432252375197,-9.988432532410926,-9.9968469646633,-0.00021703349268080562,-9.992988475636789,-9.998088762714788
0,Fp2-F4,-0.0009632311067929731,-9.99516036523977,-9.997327635230054,-6.479784665443884e-05,-9.999489941157359,-9.999878728237286,-3.091714556928539e-06,-9.999943716683786,-9.999974633829355,-2.2002020353608657e-06,-9.999926776560551,-9.999978481308382
0,F4-C4,-0.007929739031197635,-9.968694574185998,-9.986536487006193,-0.00016607497872098208,-9.9984270708946,-9.999423520766927,6.372072078415277e-07,-9.999949515485238,-9.999943143413159,-1.2717968900321813e-06,-9.999958757089653,-9.999988644316568
0,C4-P4,-0.19749960214686907,-9.272949731493048,-9.717323836323503,-0.004582399674127013,-9.958022566108937,-9.9855169641537,-0.0005057603624268858,-9.993653462221062,-9.998711065845331,3.5183861684828853e-06,-9.999704431048668,-9.99962174897371
0,P4-O2,-0.17307662719682135,-9.369052717266722,-9.75847512845957,-0.004614199464753003,-9.955693971691304,-9.983379168479821,-0.0006967062544996368,-9.991429689225654,-9.99839675177065,6.031416844629568e-06,-9.99978678044627,-9.999645042150421
0,Fp1-F3,-0.0022699944437646505,-9.99066396361186,-9.99577145111033,-1.653906346868361e-05,-9.99983435191665,-9.999933586297463,8.759278677671851e-07,-9.99999107890227,-9.99998231962359,-2.745237418035031e-06,-9.999907173828877,-9.9999716869082
0,F3-C3,-0.12750704857110856,-9.54327951774687,-9.830170377031864,-0.0021878673364673293,-9.980656145120584,-9.993783349139388,-0.0004216363434821793,-9.994778732104962,-9.998995095539783,-3.710588606728498e-06,-9.999879356769455,-9.999966555601713
0,C3-P3,-0.13808075107373136,-9.482270284606622,-9.792951974522518,-0.003443662559284441,-9.97225966910565,-9.992921644461356,-0.0008105399349983575,-9.990322778175893,-9.998428177525875,-4.58417015884144e-06,-9.999848194829047,-9.99995592282778
0,P3-O1,-0.01863563345966246,-9.926163347839765,-9.968093523124006,-1.0601495919571937e-05,-9.999665868575399,-9.999729477550916,3.0050143109300172e-06,-9.999941985397642,-9.999911935254532,-2.633219882943782e-06,-9.999910672635083,-9.999972553302333
0,Fp2-F8,-0.0014662272564978276,-9.994851312341236,-9.998150323668357,3.6429019720125044e-07,-9.999908965127428,-9.999906779386246,-7.105032030705576e-08,-9.999990285614418,-9.99999099611762,1.5771219295942108e-07,-9.999989640047177,-9.999985933810644
0,F8-T4,-0.00046563961920768215,-9.998282813914441,-9.999330503057658,-8.878106141362964e-05,-9.999286918726927,-9.999819605095409,7.203990382490631e-06,-10.000051873203686,-9.99997983329986,-4.575175875208364e-07,-9.999967191290372,-9.999977942953679
0,T4-T6,-0.007047502747351868,-9.972540102283045,-9.988396983464586,-7.886706524538669e-05,-9.999193999169643,-9.999667201561115,-2.0633322966871284e-06,-9.999961046805064,-9.99998168012803,-1.0347472598862381e-06,-9.999952280768662,-9.999976597329269
0,T6-O2,-0.0004929657890071913,-9.997155550271327,-9.998264723296593,-0.00032690504721690243,-9.997217205977789,-9.99917863626109,-8.18746116233994e-06,-9.999869780883634,-9.999951655495257,-1.7860322884857757e-06,-9.999941962403303,-9.999983934162083
0,Fp1-F7,-0.0008696972975989635,-9.99691639658624,-9.998873215505837,-6.381497252857159e-06,-9.999944919956862,-9.99998320894038,-1.3750065071459398e-05,-9.999798282214647,-9.99993578286536,-1.301399346843582e-07,-9.999979453967445,-9.99998251225591
0,F7-T3,-0.00023219775978767395,-9.998957183265729,-9.99947962822525,-7.256267216650104e-05,-9.999436410898161,-9.99987178693116,-9.224090547064369e-06,-9.999839863470264,-9.999932104375734,-1.1608660955994851e-06,-9.999956966904477,-9.999984247257723
0,T3-T5,-0.022483039199247327,-9.916277755324574,-9.96686459352288,-0.00019689309180782037,-9.998407882400421,-9.999589240951268,-6.534747999032918e-07,-9.999812547327332,-9.999819082075332,-5.736900732777973e-06,-9.999796112683423,-9.999930929850644
0,T5-O1,-0.005573817672133067,-9.979525401832078,-9.992066491594377,-9.591924783405357e-05,-9.998721524412224,-9.999297039899227,-2.3926363402628052e-05,-9.999444171560622,-9.99968343519465,-1.364128444292631e-05,-9.999558904931158,-9.999879475115566
0,Fz-Cz,-0.00010339316016103913,-9.998401102564527,-9.99863373717489,-0.00025240617841475296,-9.998076559325039,-9.999590996395527,2.2924256106124885e-06,-9.99999299254712,-9.999970068291015,-4.6033830881671055e-07,-9.99998042036159,-9.999991238311846
0,Cz-Pz,-0.10558559430005571,-9.566052739081096,-9.80362032625622,-0.0054045898199662195,-9.950705269748152,-9.98313280866795,-0.0013880136774100096,-9.979700362990467,-9.993580499764567,-4.5620659514741105e-05,-9.998478532676604,-9.999550618175201
0,Fp2-F4,1.1884034392722624e-05,-9.999959063780391,-9.999932324703007,-5.042743505711458e-05,-9.999534594259488,-9.99983715886983,-4.8651752398340285e-06,-9.999899772806618,-9.999948424559017,-2.2904008544750237e-06,-9.999923616821972,-9.999977441242052
0,F4-C4,-0.00015231598964689949,-9.998998166600417,-9.999340877577122,-0.0004234290122168142,-9.996869370958496,-9.999409945031797,-7.647808422695772e-05,-9.999120892787527,-9.999885673629796,-2.4526802066436673e-07,-9.99998828894331,-9.999994052741796
0,C4-P4,-0.02513054085366974,-9.868234299984918,-9.924778016905675,-0.028101151172067206,-9.790233531685924,-9.958840438718328,-0.0007932319869660374,-9.989909835822228,-9.997842155691888,-0.0001864740807263448,-9.993729856430688,-9.998111997327758
0,P4-O2,-0.020365885408567926,-9.891774217465294,-9.93759745963457,-0.02385193979956581,-9.820638910138934,-9.963750548936328,-0.0009381605322830244,-9.988358175435582,-9.997739780758412,-0.00016639179942987646,-9.994230356412181,-9.998140563698783
0,Fp1-F3,-0.0005872401735382213,-9.997751101362674,-9.999072391753135,-6.891786558258422e-05,-9.999478298814982,-9.999891806008478,1.4037588842446994e-05,-10.0000790890977,-9.999938713209275,-8.055499013912657e-07,-9.999953446597859,-9.99997237702054
0,F3-C3,0.003784246151683368,-9.999630116976112,-9.991115563134825,-0.001608176615111329,-9.98274602302069,-9.992395082711358,-0.0028339035732063544,-9.967057764252505,-9.995396799984569,-2.521191860141597e-05,-9.999267963309284,-9.999860443396418
0,C3-P3,0.005150063243031739,-10.003068208841562,-9.991480566544741,-0.0026171562437030753,-9.976094839211246,-9.991797776673465,-0.003212853588351785,-9.962461565758172,-9.99459010164169,-3.836526261883091e-05,-9.998906372069529,-9.99980795574107
0,P3-O1,-0.002524047054260026,-9.990479925510058,-9.996159031382144,-3.257358282504262e-05,-9.999748579876497,-9.999944021373448,1.8412505928161008e-05,-10.000109030382065,-9.999924905322784,-6.027959313817379e-07,-9.999963788159725,-9.999977953864112
0,Fp2-F8,-3.549258909322092e-05,-9.999546679057126,-9.999626537382586,-7.291687716744244e-06,-9.999883109709756,-9.999926859836057,9.010752487925203e-06,-10.000062038828997,-9.999971931304117,-3.3832853643191e-07,-9.999964200497626,-9.999972151218232
0,F8-T4,-0.00011768083826004448,-9.999485872584994,-9.999750654471079,-0.00011276255255134175,-9.999151453355912,-9.999828028671221,-1.8732159523264162e-05,-9.99976708267313,-9.999954404268363,-8.860242312448958e-07,-9.99995460994806,-9.999975431517495
0,T4-T6,-0.0001504301253878975,-9.998278762991598,-9.998617230773721,-0.0004487488044134238,-9.996414304911678,-9.999106797738158,-0.00024523459163079263,-9.997170706488014,-9.99962305240432,-7.790089805471186e-07,-9.999951665566952,-9.999969972277995
0,T6-O2,0.0003442331440426902,-9.998573684358425,-9.997799159784329,-0.0009986817532853368,-9.992442292755136,-9.998434383274848,-7.033220573742444e-05,-9.999158771979936,-9.99986209403731,-1.0626585334607066e-06,-9.999955841353666,-9.999980813829202
0,Fp1-F7,-0.002081026370168316,-9.9926520222562,-9.997334331589078,-2.734830873075114e-05,-9.999742657735093,-9.999906747587477,-1.6642096324926907e-05,-9.999788840241544,-9.999955261204795,1.0667747923513114e-08,-9.999978237072096,-9.999977986380019
0,F7-T3,-0.00032697214322516515,-9.998461280847124,-9.99919696816938,-2.9628832395179974e-06,-9.999909120888296,-9.999926898187733,-1.4411249380794223e-05,-9.999811901340335,-9.999956013834144,-1.0974193184498758e-06,-9.999961534795588,-9.999987324149572
0,T3-T5,-2.2304403803987618e-05,-9.999655825495493,-9.999706010404052,-0.00022168255223271828,-9.99822512536947,-9.999555220682865,-0.0002814832474356326,-9.99660686624637,-9.999421698720727,-4.3306711313681505e-06,-9.999846230059257,-9.999948000830845
0,T5-O1,-0.00013930854374098164,-9.997808296110824,-9.998121740334241,-6.178184513966968e-05,-9.99952566022467,-9.999896351295508,-4.270957977420963e-05,-9.999505257611482,-9.999932353409223,-3.2505275670695245e-07,-9.999926734731533,-9.999934373471316
0,Fz-Cz,-0.0006453006009528212,-9.997526674292315,-9.99897860064446,-1.2128300514310532e-05,-9.999862714321686,-9.999935484124773,-1.9794816395805228e-06,-9.999969108697758,-9.999988903514154,1.838461276259512e-07,-9.999996185802386,-9.999991865418387
0,Cz-Pz,-0.008138399371108058,-9.950399977953555,-9.968711376538549,0.00013831679728947,-9.982295713076459,-9.981465812292722,-0.0002758601167468018,-9.983789875448096,-9.986548476615564,-0.0002747037951116045,-9.991303730315984,-9.997759269501106
0,Fp2-F4,-0.00022579509883258428,-9.998940348750592,-9.999448387722966,2.544475860790464e-05,-9.999990347552968,-9.99983767900132,4.844617676203653e-05,-10.000267397896165,-9.999782936128545,-7.396484871993398e-07,-9.999967279871564,-9.999984661611013
0,F4-C4,-0.0009023005400024376,-9.994215656734875,-9.99624583294988,-0.0007627222820962091,-9.992898486982316,-9.997474820674894,-2.614687649296942e-06,-9.99976992084793,-9.999796067724423,-2.142420541573232e-06,-9.999921000729174,-9.9999713476119
0,C4-P4,-0.057022488040509633,-9.76563170527545,-9.893932303366597,-0.026801730843658056,-9.759175257249934,-9.919985642311882,-0.0006389646148888648,-9.991266515955946,-9.997656162104835,-9.358677228871644e-05,-9.995872238961342,-9.998071528110126
0,P4-O2,-0.0532403759639116,-9.784966352825585,-9.904757198744386,-0.021875068971647007,-9.800694209128036,-9.931944622957918,-0.0006459253394311629,-9.991073458441775,-9.997532711836087,-2.6445585771087308e-05,-9.9976876011169,-9.99830907238252
0,Fp1-F3,-2.184883697893635e-05,-9.999725813117017,-9.99977497300022,-5.238488007040806e-05,-9.999013507301795,-9.999327816582218,6.82953631850151e-05,-10.00035076447769,-9.999667810845839,4.4310663816320444e-07,-9.999947101271614,-9.999936688265617
0,F3-C3,-0.02445141314680024,-9.885907675432573,-9.940923355012874,-0.017281309577621168,-9.813767572536348,-9.917455430002075,0.0031488859777103824,-10.009844603672938,-9.978355743895834,-2.7691731864525654e-05,-9.999097939393735,-9.999748695092551
0,C3-P3,-0.026055193537444454,-9.882490343769412,-9.941114529228662,-0.020511693915114555,-9.781992468091481,-9.905062631582169,0.004535516221270379,-10.020088636196764,-9.97473347398406,-3.227605895935582e-05,-9.999001608440219,-9.999760095825764
0,P3-O1,-0.0007850404952245289,-9.996552013290835,-9.99831835440509,-0.00011528237954743421,-9.998773633035524,-9.999465327312809,9.029321072862866e-06,-9.999879611845431,-9.999789318634702,-1.4146492764395502e-06,-9.999943380846117,-9.999976625104114
0,Fp2-F8,-4.6787426923614114e-05,-9.99970228156928,-9.99980755327986,2.794454587198935e-06,-9.99996465798427,-9.999947891256747,9.419501532920114e-06,-10.000049088722221,-9.999954893706892,-1.3811666659319858e-07,-9.9999773404041,-9.999980586145766
0,F8-T4,-0.0006167807070509151,-9.997804124055117,-9.99919188064598,-1.5650225602421053e-05,-9.999830047526698,-9.999923948880312,8.194360577884677e-05,-10.000455625602523,-9.999636189544734,-1.3115366955107307e-06,-9.999935421534293,-9.999966242646638
0,T4-T6,-0.0005902059500435152,-9.99680669616172,-9.998134659549317,-0.0003499859403466838,-9.995298539539782,-9.997398455181862,3.915409049771279e-05,-9.999856971130098,-9.999465430225122,-2.620250799277726e-06,-9.999888705541336,-9.999950281435119
0,T6-O2,0.00010303455965183516,-9.99984505311019,-9.999613225350974,-0.0003413570936557636,-9.996909478197106,-9.99895762075904,-9.292418343364773e-06,-9.999840407395157,-9.99993333157859,-3.5715368033099783e-06,-9.999872149295788,-9.999956080410666
0,Fp1-F7,-9.855688697498574e-05,-9.99963350314325,-9.999855256138945,-5.2323220601892677e-05,-9.99948724843461,-9.999801187758221,-1.586433158959492e-05,-9.999810107904043,-9.999968751219939,4.2664383912779055e-07,-9.999972506330042,-9.999962480199823
0,F7-T3,-0.00012380877032664545,-9.999433053094263,-9.999711622827498,-1.9309139468147555e-06,-9.999938071320232,-9.999949656803913,-8.01578865257185e-06,-9.999802077731553,-9.99988223561808,-1.622086003595399e-06,-9.999944614916696,-9.999982733937781
0,T3-T5,-7.43858823257508e-05,-9.999333403349835,-9.999500771585069,-0.0003728239330412165,-9.994205786772726,-9.996442730370973,0.00035213827487222323,-10.001717539009547,-9.998196156260825,-4.551764653207734e-06,-9.999820526924733,-9.999927493394082
0,T5-O1,-0.0023213819469679294,-9.9907294221552,-9.995952531535877,-8.675179101328941e-05,-9.998806337326318,-9.999326848072398,0.00011483238436243995,-10.000741576957584,-9.999593253113959,-3.346051605739647e-06,-9.999816320770934,-9.99989495298367
0,Fz-Cz,-0.00033000569687288716,-9.997747926145976,-9.998490438963941,-1.5038269331934312e-05,-9.999852005135835,-9.999942234751828,2.260583353876134e-05,-10.000138758504217,-9.99991270016883,-5.628033397344838e-07,-9.999971971944277,-9.99998519782276
0,Cz-Pz,-0.015918149885007365,-9.929312082511201,-9.965127919752467,-0.011582807372181377,-9.869028764689304,-9.938525608922392,0.004735649443508805,-10.028375910618063,-9.981019416182976,-0.00010434775058085824,-9.995223557993672,-9.997675730132322
0,Fp2-F4,-7.107550641981425e-05,-9.999619999195032,-9.999779919084476,1.2191486967075629e-05,-10.000044962158105,-9.999971813236302,2.1017269510605164e-06,-10.00001485140586,-9.99999383413635,-4.437463465621977e-07,-9.999975664432046,-9.999986092471191
0,F4-C4,-0.0008487027880567004,-9.9968287130166,-9.998738294289726,4.080460554550356e-06,-9.99999062995619,-9.999966147192863,-4.069100244487732e-06,-9.999948424464963,-9.999989115467407,-3.4816143130502706e-07,-9.99998561710723,-9.999993798900865
0,C4-P4,-0.0066838304602952385,-9.975014052479962,-9.990052671015626,-0.00027771650069703056,-9.99753819636558,-9.999204495369762,-2.265291769262053e-05,-9.99960452024308,-9.999831049420006,-1.5414003254709027e-06,-9.999943860501988,-9.999980083409637
0,P4-O2,-0.0065531987286661444,-9.974725538619504,-9.989470235759002,-9.213662358423023e-05,-9.998446511500633,-9.998999331242139,-2.639205699538044e-05,-9.999395846878818,-9.99965976744877,-1.2284382719082505e-06,-9.999927566871007,-9.999956435170397
0,Fp1-F3,-0.0001932842250680226,-9.999253514988839,-9.999688404495242,-2.592128418418661e-05,-9.999780365422188,-9.999935893127294,-5.724473987277947e-06,-9.99992625008704,-9.999983494826912,-9.9962004899774e-07,-9.99994199707724,-9.999965488148392
0,F3-C3,-0.00200867190158085,-9.992911729588315,-9.997431241366872,4.13581639218449e-06,-10.00000275375495,-9.999977938856597,-1.5925862706035497e-07,-9.999957510386585,-9.999959102972856,-1.7038026888356218e-07,-9.999977299780012,-9.99998130371633
0,C3-P3,-0.003852593567567811,-9.985494676081577,-9.994163011608604,-5.845974465084908e-05,-9.999524809198308,-9.999875567666212,1.4589171490901995e-05,-10.000073129664244,-9.999927237949334,-5.440263992255946e-07,-9.999968725554835,-9.999981510175216
0,P3-O1,-0.0003879724860150997,-9.99855818177227,-9.999431119865804,2.3525237599708872e-05,-10.000003459157373,-9.999862307731775,-2.35910035552036e-05,-9.999689693415062,-9.999925603450615,-1.0545226381624586e-06,-9.99995395691842,-9.999978738200417
0,Fp2-F8,-0.0001860399275699684,-9.999298217591116,-9.999716807428149,-1.019056051044737e-05,-9.999900903367507,-9.99996204673057,7.202274513207651e-06,-10.000057255341925,-9.999985232596794,-9.835322630117299e-08,-9.999974788124375,-9.999977099425193
0,F8-T4,-2.014576332051626e-05,-9.999843517117638,-9.99988884508511,1.959654012667756e-06,-9.999971486305821,-9.999959728381745,-3.03342727448273e-06,-9.999946458744413,-9.999976793017158,-1.7765155758683739e-06,-9.999928002069261,-9.999969750185294
0,T4-T6,-0.00023813823032795597,-9.999004861189707,-9.999540672207946,-7.917129416021273e-05,-9.999394454520704,-9.999869482285666,-9.302952151086394e-06,-9.9998797025191,-9.99997273204061,-1.370258054667152e-06,-9.999938492071234,-9.999970693135518
0,T6-O2,-0.001251346570207171,-9.995575598827894,-9.99839112861086,1.4139940388464181e-05,-9.999827450090322,-9.999742610447992,5.113797913021675e-06,-9.999920847301746,-9.999869709322617,-2.361382276893112e-06,-9.999910377412897,-9.999965869896403
0,Fp1-F7,-0.0001552427134418762,-9.99939604153402,-9.999745337639263,-4.436711638524259e-05,-9.999616021411036,-9.999882224109347,-2.6694301272695796e-06,-9.999933900392659,-9.999960594693931,-4.3398398601767994e-07,-9.999968660379912,-9.999978859003583
0,F7-T3,-0.00023365420036362616,-9.999176527052462,-9.999702249003281,-3.7816365374279983e-05,-9.999708155745187,-9.999935053937433,-3.2639077026647256e-06,-9.999934489258594,-9.999967128335621,-6.85143493910529e-07,-9.999968907827817,-9.999985008699925
0,T3-T5,-0.0005603372975295175,-9.997829010726061,-9.999089769645503,-2.027493708667663e-05,-9.999824295122814,-9.999945944745333,6.3924164484214806e-06,-10.000046764246141,-9.999982840081657,-6.489311139621154e-07,-9.999958261674468,-9.999973511555647
0,T5-O1,-0.0001550709903685716,-9.999386910760368,-9.999735820488697,3.0790054960475226e-05,-9.999980892919178,-9.999796152589415,-3.373394662967469e-05,-9.99959768558315,-9.999935025049448,-3.4039638836984553e-07,-9.999948332037759,-9.999956331352886
0,Fz-Cz,-0.00033751382025691405,-9.998656635837055,-9.999416041932633,6.257566106788946e-06,-9.999968864146576,-9.999931318749935,-1.8563803873642028e-06,-9.999964679154902,-9.999983242958775,-3.169705743561718e-07,-9.999977845624215,-9.999985294432713
0,Cz-Pz,-0.0003407683538794513,-9.998411660617574,-9.999178389413803,-0.00010060550711447214,-9.999068648872083,-9.99967228191477,1.6308085433149254e-05,-9.999990068533382,-9.99982698767905,-4.796385726333333e-06,-9.999842611356424,-9.999955326420993
0,Fp2-F4,-0.000249167558394747,-9.99900323685918,-9.999563863865568,-2.3605226754540124e-05,-9.999808455125038,-9.999950086485565,1.5539443250835145e-06,-10.00000324464194,-9.99998770519869,-7.091266253356966e-07,-9.999972313472183,-9.99998897794788
0,F4-C4,-0.0005136703752976986,-9.997707003339825,-9.998862761684244,-1.3179342706336915e-05,-9.999867091846928,-9.999946167903166,3.1041943908791416e-07,-9.999971795823761,-9.99996869162937,-1.5525390217391845e-07,-9.999986468926958,-9.999990117393658
0,C4-P4,-0.0008926544756112365,-9.996758708488846,-9.998767181058971,-2.5916265572556734e-05,-9.99978833794058,-9.999943835534015,-1.1366675703109768e-05,-9.99986412265431,-9.999977789411341,-7.707938888723706e-07,-9.999974551672473,-9.999992665328861
0,P4-O2,-0.0011138405698650927,-9.996148905209626,-9.998655046491823,5.965093782582273e-06,-9.99979489122674,-9.999759100664045,-2.1881105265326996e-05,-9.99967473036383,-9.999893541416483,-2.8206209629003944e-07,-9.999970830909838,-9.9999774593691
0,Fp1-F3,-0.0003116126807230638,-9.9987545922373,-9.999455720768927,-2.5104852126919318e-05,-9.999814402136588,-9.99996503124935,1.6946567003282037e-05,-10.000118700974513,-9.99994923530448,-3.866731031369419e-06,-9.99986325647365,-9.999954124652888
0,F3-C3,-0.0018633719520516929,-9.993473535080984,-9.9976661219731,-0.00012977750262922486,-9.99903918734793,-9.999817852363707,4.479751286265214e-05,-10.000307470692174,-9.999859495563548,-2.919576194639289e-07,-9.999983882822491,-9.99999074382655
0,C3-P3,-0.0013267946695060802,-9.99529386487976,-9.998279152886148,-5.091824729664899e-05,-9.99957317227234,-9.99987868175612,2.8161714406026473e-05,-10.000177458735562,-9.999895841591503,3.016920319523338e-07,-9.999996148761397,-9.999989058998647
0,P3-O1,-0.00029713448579169567,-9.998802245668154,-9.999470798261186,1.965111065503148e-05,-10.000025526799956,-9.999907620136025,2.7655641069053527e-06,-10.00000788853822,-9.999980232897151,-1.1829331874667494e-06,-9.999951954508479,-9.999979753438383
0,Fp2-F8,7.4748734511787135e-06,-9.999892263570684,-9.999875445105419,-1.120962994822659e-05,-9.99989897153889,-9.999966229318579,2.0864814625185286e-05,-10.000161157079132,-9.99995250893288,-1.5153009544438478e-06,-9.999943890180003,-9.999979499752433
0,F8-T4,3.483574673371582e-05,-9.999995227297417,-9.999916846867265,-4.585709503549197e-07,-9.999979238627263,-9.999981990052966,-1.573802584347702e-06,-9.999963374658854,-9.999979112684699,-4.893030743529428e-07,-9.999967717117242,-9.99997921573949
0,T4-T6,-0.0001365234321777801,-9.999362629199739,-9.999669806922139,2.3046795091946982e-05,-10.000048716456169,-9.999910435685617,-1.4847545194149083e-06,-9.999957332716274,-9.999972180261468,-9.72476571214543e-07,-9.999958375015444,-9.999981228214867
0,T6-O2,-4.461626245691338e-05,-9.999580846136654,-9.999681232727182,3.885226954490773e-06,-9.999945869779136,-9.99992255841741,-4.391438520238011e-05,-9.999443107225668,-9.999882251077691,-9.596175572799856e-07,-9.999952024923008,-9.999974575935605
0,Fp1-F7,-6.92412455490819e-05,-9.999720745771315,-9.999876538573801,8.410067554461004e-06,-9.99999776848748,-9.999947308082154,-3.735695781737895e-06,-9.999952554838394,-9.999989911796211,-3.05907839002173e-06,-9.999896555459596,-9.999968443801762
0,F7-T3,-0.00023634784646201732,-9.999015839736513,-9.999547622391052,-9.255246814065754e-06,-9.999912760494347,-9.99996829197523,4.195914268463555e-07,-9.99997940494382,-9.999975209029552,-1.0973423269124017e-06,-9.999955542422756,-9.999981329967438
0,T3-T5,-0.00020314716057978334,-9.999253584392031,-9.999710665503336,-1.4601533609104429e-05,-9.99988888807762,-9.999976497279276,-3.9583126647409565e-06,-9.999862999893338,-9.999902583019985,6.00946891636976e-07,-9.999962043085926,-9.999947920833973
0,T5-O1,-0.00013509047960084963,-9.999397129789592,-9.999701083368695,-6.3501154698534675e-06,-9.999936032296969,-9.999974132989788,1.939003912893406e-05,-10.000127103670952,-9.999933203279662,-8.306837351798012e-07,-9.999914666182935,-9.999934187250712
0,Fz-Cz,-0.0003285645843694768,-9.998660294890081,-9.999399565204913,-8.21093158725998e-05,-9.999320899590813,-9.99981355548605,-3.977145739331047e-06,-9.999946056070542,-9.999985827527935,-6.047176065699283e-07,-9.99996380245369,-9.999978013317445
0,Cz-Pz,-0.0009030502449375531,-9.996553902522527,-9.998585765573637,-0.0001539549956410768,-9.998717809627028,-9.999641539600875,3.4768190578649024e-07,-9.99991957670776,-9.999916099888702,-1.8956245908170674e-06,-9.999903836707398,-9.999948383885283
0,Fp2-F4,-0.0006787708409511084,-9.997525316928597,-9.999052551320737,-2.542140060359153e-05,-9.99980316323316,-9.999955691636782,-4.7181470328398985e-06,-9.999939769509778,-9.999986950980107,-7.889680767920255e-07,-9.999966070327355,-9.99998461107716
0,F4-C4,-4.713451404851522e-05,-9.999566760968928,-9.999672813625537,-4.6094342554023e-05,-9.999634292690697,-9.999910858746022,-7.252364020405336e-07,-9.999989162075543,-9.999996414439563,-7.67836573506847e-07,-9.99997173159072,-9.999989775750198
0,C4-P4,-0.0003703851211273534,-9.998517116968568,-9.999350483491105,-2.184634420956734e-05,-9.999811166284697,-9.999942244349954,3.922005714097953e-07,-10.000000723750844,-9.99999680174513,-3.9385035180883367e-07,-9.99998166343268,-9.999990918915946
0,P4-O2,-0.0005826781630013363,-9.997570718280631,-9.998881744147385,-2.1391140722256258e-05,-9.999825750467174,-9.999954097311507,2.006897381650619e-07,-9.99999686472573,-9.999994857828348,8.326584855633748e-08,-9.999968833216105,-9.999966876468664
0,Fp1-F3,-9.926061686515552e-05,-9.999538474291159,-9.999761810679106,-1.5759619454138618e-05,-9.999828833493014,-9.99992339120974,5.5903198315899035e-06,-10.000036618059676,-9.99998071486136,-4.545580781334297e-06,-9.999840842341996,-9.999947663490357
0,F3-C3,-0.0018391913308687222,-9.993077904205242,-9.997216084699696,1.2539940215307758e-05,-10.00004335403794,-9.999968114396648,2.1365362370417454e-06,-9.999968222546746,-9.999946857184376,-5.960310196874472e-07,-9.999973068656608,-9.99998707538557
0,C3-P3,-0.0011485570683640294,-9.995629191929266,-9.998213445333086,-1.3792212659005e-05,-9.999847148413204,-9.999929901689159,-8.815678122189923e-08,-9.999991494289114,-9.999992375856927,-4.909158203116119e-07,-9.99997119123524,-9.999982727757017
0,P3-O1,-0.00015186340744476534,-9.999259578728932,-9.999601271395683,-1.881215527750399e-05,-9.999840157601058,-9.999953030532723,1.5036115327019946e-08,-9.99998695856076,-9.999986808199607,-5.189715524549968e-07,-9.999971411536126,-9.999983607367609
0,Fp2-F8,-0.0002809916653217697,-9.998932066335426,-9.9995642975824,3.5241846438006735e-06,-9.999989089535841,-9.99996794442798,-4.2488485236447545e-06,-9.999935861904712,-9.999978350389949,7.268725338716597e-08,-9.999979368678824,-9.99997766052837
0,F8-T4,-3.061768284344337e-05,-9.999860855393063,-9.999929745179461,-1.0905484851226052e-05,-9.999908791097564,-9.999974224006671,-3.221234780288749e-05,-9.999605837077437,-9.999927960555466,-5.575648809022764e-07,-9.999951360649398,-9.9999644634241
0,T4-T6,4.416422357796159e-05,-9.999876022622468,-9.999776653119417,-2.382841956224613e-05,-9.999777022883295,-9.999919993400669,-6.2970796435672344e-06,-9.99991022282315,-9.999973193619585,4.711819235607126e-07,-9.999991394920917,-9.999980322145714
0,T6-O2,-0.0004117187016978596,-9.998375228292263,-9.999301595371083,1.5159716059307402e-05,-10.000018291617216,-9.99992733332086,-1.0921052962173471e-05,-9.999863060808634,-9.999972271338256,-2.0137974857081252e-06,-9.99992557039073,-9.999972894631643
0,Fp1-F7,-0.00010176054866860873,-9.999607483013754,-9.99983644424826,1.8899413545602729e-06,-9.999917370159826,-9.9999060305117,-2.380758815172439e-06,-9.999955770681558,-9.99997957826971,-4.313262963541649e-06,-9.99986374076263,-9.999965102442273
0,F7-T3,-0.0001451717636174705,-9.99931578256104,-9.999642419029179,-3.052020426484047e-05,-9.999769834485578,-9.999952955711167,-4.976737983665632e-06,-9.999934521218124,-9.999984288597961,-5.961676264603733e-07,-9.999978044384516,-9.999992054323737
0,T3-T5,-0.00013972865349843157,-9.999407277107835,-9.999721666578207,-4.147557344934984e-06,-9.999947978311926,-9.999972863655996,2.645319785855632e-07,-9.999996491421323,-9.999993846101537,2.5111646309914767e-08,-9.999907862223186,-9.999907272099497
0,T5-O1,-0.0002805822037053087,-9.998724928003725,-9.999356237962061,-2.822415240723921e-05,-9.999750646234368,-9.999919991148811,-1.3799741127434017e-06,-9.999980960143429,-9.999994759884556,4.4941179283981367e-07,-9.999971227300897,-9.999960666123766
0,Fz-Cz,-5.08911609766903e-05,-9.999498889240979,-9.999613394353176,-6.215213254262679e-05,-9.999510911771825,-9.99988382456708,4.742428988860469e-06,-9.999990316316126,-9.999942892026237,-1.056443138149261e-06,-9.999959797707731,-9.999984624121478
0,Cz-Pz,-0.00807713485983799,-9.97220899201103,-9.990382545445666,-0.0009573835268417345,-9.99304687277991,-9.99879117394096,-7.16707965275335e-05,-9.99899431296184,-9.999711020927114,-5.226695828113581e-07,-9.999955485586034,-9.99996776832123
0,Fp2-F4,-0.0005817758547171117,-9.99765002377382,-9.998959019446934,-9.799700205351566e-06,-9.999910134236456,-9.999968932437689,-4.5281647565930575e-06,-9.999937244158374,-9.99998252580594,-4.870381602884328e-07,-9.999971577202098,-9.999983022598865
0,F4-C4,-3.608713613595317e-05,-9.99983015206096,-9.999911348117266,-2.2674355303450005e-05,-9.99981625827948,-9.999952304411302,1.0569270058591398e-06,-10.000002178592123,-9.999991609322064,-2.1244570364047423e-07,-9.999981404388798,-9.999986396862834
0,C4-P4,-0.0008273344423603348,-9.99669850592968,-9.998560008424992,-7.400140167902419e-06,-9.999931285167746,-9.999975686008753,-6.669130769740115e-07,-9.999976750835676,-9.999983419966446,3.3330707300471225e-09,-9.999993620673035,-9.999993542345873
0,P4-O2,-0.0014279076193538902,-9.994531163587801,-9.997743955731348,1.0130281124049247e-05,-10.00001775486407,-9.999956973177325,-2.2467316817506058e-05,-9.999691625283171,-9.999916298451346,-1.1546612420467022e-06,-9.999948741904035,-9.999975876443223
0,Fp1-F3,-0.000475339791573455,-9.998327042877094,-9.999396557408135,-2.5909509942974283e-05,-9.999765118863179,-9.999920575922836,6.7401825428608945e-06,-10.000009655654956,-9.999942253829527,-1.1077010768467664e-06,-9.999937476732933,-9.99996350770824
0,F3-C3,-0.0005158691142311319,-9.998184685292268,-9.999345390799288,-0.00015922064155901138,-9.998725920784013,-9.999681244633367,1.5402905590167877e-05,-10.000013169580418,-9.999859140524517,-5.28259546371245e-07,-9.999973515621662,-9.999985929721001
0,C3-P3,-0.0013634628389843188,-9.994846557546374,-9.997914348934088,-3.865501331105862e-05,-9.999650348756994,-9.99988227883686,5.9884635887480995e-06,-10.00000089771203,-9.99994101307614,-1.0467797839566897e-06,-9.999957898426638,-9.999982497751562
0,P3-O1,-1.1250440943787475e-05,-9.999848426366455,-9.999873739858579,1.1758729375535404e-05,-10.00001094622447,-9.999940393848217,-5.204010698327094e-06,-9.99991367375589,-9.999965713862872,-1.1941462816960144e-06,-9.999956758258627,-9.999984820696247
0,Fp2-F8,-3.706422411942299e-05,-9.99980830608692,-9.999891700591188,-1.802933224470304e-06,-9.999845030106435,-9.999855847705781,-3.4158477668393176e-06,-9.999958728003664,-9.999992886481332,1.4250644006993409e-08,-9.999985710178436,-9.999985375288302
0,F8-T4,5.447864862602588e-06,-9.999962582893616,-9.999950325197675,-1.5992891536271927e-05,-9.999784741101385,-9.999880698450601,3.7612557578852784e-06,-10.0000180748597,-9.999980462302121,-1.337502295290107e-06,-9.999927195086027,-9.999958626389967
0,T4-T6,-5.546701043488007e-05,-9.999786150119279,-9.999910950892758,-3.1240020937438037e-06,-9.999963816689984,-9.999982560702547,-2.0701345259287133e-06,-9.999955945046048,-9.999976646391307,5.488111509098264e-07,-9.999992803462051,-9.999979906400005
0,T6-O2,-9.100100992546143e-05,-9.999530442323048,-9.99973519459538,-1.1046936532326676e-05,-9.999788568347682,-9.999854849966876,-1.5826512066864223e-05,-9.999809949052503,-9.999968214173172,-2.2080573625049974e-06,-9.999929460148694,-9.999981349496712
0,Fp1-F7,-0.0002934479195779488,-9.998940710292274,-9.999600968111324,-2.203611635680272e-05,-9.999743445894902,-9.999875662593043,3.3583279551523366e-07,-9.999971848871867,-9.999968490543912,-1.696885747427367e-06,-9.999923660274629,-9.999963537089693
0,F7-T3,-2.501120894988645e-05,-9.999890739621067,-9.999947014841204,-5.939592211345724e-05,-9.999532730151492,-9.999889105684172,-8.269938067612e-06,-9.999898976081651,-9.999981675462328,-4.7319796777033937e-07,-9.999972583627668,-9.999983703779911
0,T3-T5,1.1929074592871405e-05,-9.99976272676026,-9.999735886342426,-2.5073356340679693e-06,-9.99996969814038,-9.999984742154183,-1.1110798912103368e-06,-9.999982669335115,-9.999993780134027,-5.96784650721324e-07,-9.999915642815546,-9.999929667254838
0,T5-O1,-5.584888476180262e-05,-9.999530466996069,-9.999656126986782,-2.1257909356080073e-06,-9.999790292027663,-9.999803046773277,3.559546409037868e-06,-9.999980204542721,-9.99994460907863,-2.0242001924600493e-06,-9.99991911880337,-9.999966687507891
0,Fz-Cz,-2.440697298463659e-05,-9.999681752418711,-9.999736668107927,-0.00015544836378611737,-9.998774462175879,-9.999707152358596,5.189869939094958e-07,-9.999934511922369,-9.99992932205243,-2.2016260416283068e-07,-9.999986471584824,-9.999991645406022
0,Cz-Pz,-0.0017631882534161823,-9.99270473713538,-9.996671910705567,-3.2774321626144535e-05,-9.999688497873047,-9.999885143802803,-5.0413536063157885e-06,-9.999888770394326,-9.99993918393039,-1.6638007438232316e-06,-9.999921063291989,-9.999960162609469
0,Fp2-F4,-0.0006860923404154422,-9.997664905303761,-9.999208613069696,-4.968896058715826e-05,-9.999533358349375,-9.999831492112898,2.983944587268141e-06,-10.000010722237612,-9.99998088279174,2.2079811439787747e-08,-9.999988558044924,-9.999988039169356
0,F4-C4,-0.001613643218443527,-9.993524079218382,-9.99715477645988,9.645836503141613e-06,-10.000033751328315,-9.999975876309296,-4.517049415416312e-07,-9.99997870762748,-9.999983224676896,-8.463662530816032e-07,-9.99996868392536,-9.999988573532308
0,C4-P4,-0.001605298862520331,-9.994318512717458,-9.997930435158128,-8.39239999629162e-06,-9.999928017214854,-9.999978371614832,1.3410709151539597e-06,-10.000009252796572,-9.99999584208742,-2.798554435697202e-07,-9.999987591057492,-9.999994167660416
0,P4-O2,-0.0012016910090768946,-9.995640110039592,-9.998343914810015,-2.601957471830941e-05,-9.999696235789369,-9.999852353237678,-3.474448594272864e-05,-9.999577289518516,-9.999924734377943,-9.013963523230708e-07,-9.999950656849935,-9.999971839664214
0,Fp1-F3,-0.0002666490798683156,-9.998732809152862,-9.999332769582566,-2.530144746750121e-05,-9.999766725989431,-9.999918534674237,-3.2624909331955788e-06,-9.99993122220941,-9.999963847118742,9.275846854699748e-07,-10.000005293638942,-9.999983495398833
0,F3-C3,-0.0011773361013477928,-9.994798327583066,-9.997447333811099,-2.1005428301007687e-05,-9.999580258135063,-9.99970629070487,2.9377951122515203e-05,-10.00020685578368,-9.999913076272456,-1.4533085131050007e-06,-9.999949521154589,-9.999983673904646
0,C3-P3,-5.250612239405874e-05,-9.999598327522603,-9.99971646629799,7.088770152091415e-06,-9.999842401814455,-9.999799869193541,4.086617212825199e-06,-9.99998412374886,-9.999943257576732,8.874047137081206e-08,-9.999983697131544,-9.999981611730467
0,P3-O1,-0.0006611676362130606,-9.997581710714892,-9.99906933789637,6.605137940346074e-05,-10.000152974524633,-9.999756666248212,-3.1381100186175494e-05,-9.999609406202472,-9.999923217204334,-3.6661812314681273e-07,-9.999972665984032,-9.999981281509926
0,Fp2-F8,-0.0009325135168242917,-9.996730431202263,-9.998828586615117,-3.6595263823730804e-05,-9.999710652730698,-9.99993022431364,-5.858744483016187e-06,-9.999914243513203,-9.999972830958033,-8.207256937143572e-07,-9.999963903662147,-9.99998319071595
0,F8-T4,-0.0002600459971652964,-9.998870202920102,-9.999455306413724,-1.6832594913773332e-05,-9.999865514510308,-9.99996651007979,-2.0692427381396377e-05,-9.99975913829199,-9.999966062565804,-2.450279200265882e-06,-9.999899003214173,-9.99995658477538
0,T4-T6,-0.0005017049494854557,-9.997974931867308,-9.99910376800365,-7.838913839196291e-06,-9.9999358610567,-9.999982894539736,-1.7513174729221043e-06,-9.999950230408581,-9.99996774358331,6.159504141248741e-07,-9.999979150193774,-9.999964675359042
0,T6-O2,-0.00027883338671739685,-9.998847101829531,-9.999474476949645,-3.263642587835706e-05,-9.999694026978116,-9.999889845533385,-1.6759688979326424e-05,-9.99978812493628,-9.999955721826074,-2.2253213282321908e-06,-9.999926267453391,-9.999978562504605
0,Fp1-F7,-0.0004318643466240813,-9.998272140659473,-9.999243835439378,-1.8953063916654392e-05,-9.999835472936182,-9.999949191319681,7.039979703573793e-07,-9.999992930642254,-9.99998589066255,7.198240370114101e-07,-9.999994957069758,-9.999978041204887
0,F7-T3,-0.0004113054690957285,-9.998484960446893,-9.999410397752358,-1.6409938005258302e-06,-9.99995906421384,-9.999968910176642,-1.2302387494194767e-05,-9.999840800110432,-9.999963823985373,-6.771880714896652e-07,-9.99997118325822,-9.9999870971779
0,T3-T5,-0.0002661126152256125,-9.998950962787465,-9.999549716171723,-2.4087056125735896e-05,-9.999737489356155,-9.99988201169291,-1.5607543175714414e-07,-9.99998412288964,-9.999985683643956,-1.2854942546136432e-07,-9.999972163748374,-9.999975184659872
0,T5-O1,-0.0001506188924248114,-9.998899557347835,-9.999238449855792,2.5853028315723777e-05,-10.000058044435898,-9.999902926266003,-1.6096952632193105e-06,-9.99994922584206,-9.999965322794694,-3.2462343556207653e-07,-9.999960962175328,-9.999968590826063
0,Fz-Cz,-0.0006165356790433045,-9.997370065536417,-9.998757270814265,-0.00012899534925374736,-9.998973522168276,-9.999747494263799,-7.69459287535497e-07,-9.999987745855526,-9.999995440448401,-1.0158617740341586e-06,-9.999960930412875,-9.999984803164566
0,Cz-Pz,-0.003391845024417634,-9.987221388040538,-9.994853039345477,-0.0001285364710212261,-9.998882108886349,-9.999653327712476,3.58215000812855e-06,-9.999981442900328,-9.999945621400247,-2.268519901538918e-06,-9.999916085579505,-9.99996939579719
0,Fp2-F4,-9.304484671796772e-05,-9.99957219945734,-9.999781550362455,-3.389279118069815e-05,-9.999712496105674,-9.999915852852759,-8.187287714366493e-06,-9.999899903830599,-9.999981776707742,-2.7760686139387795e-07,-9.999987702231369,-9.999994225992612
0,F4-C4,-0.0014921646210387333,-9.994623614971808,-9.997980985369145,-1.3108874468187156e-05,-9.999867373307943,-9.999946026554753,-3.8130661563439593e-06,-9.999953825690147,-9.99999195635171,-3.1466975930847153e-07,-9.999981426671317,-9.99998882141066
0,C4-P4,-4.160295132805038e-05,-9.999825459063075,-9.999919065703564,-3.2010540712399874e-06,-9.999955008749025,-9.999974215073452,-7.423781908330795e-06,-9.999900455306948,-9.999974693126031,-1.987298821525902e-07,-9.999990562260518,-9.999995232412749
0,P4-O2,-0.00027739769151909055,-9.998798094548592,-9.99942223935451,1.3077302770651343e-05,-9.999977345919527,-9.999898882102903,4.839847955873895e-06,-9.999964626882523,-9.999916228402965,4.950816148824356e-08,-9.999984534254162,-9.999983370812368
0,Fp1-F3,0.0001397381004186822,-9.999610435803866,-9.999296025077925,-0.00011211414990027205,-9.999036412488516,-9.999709097387917,-1.803938609933929e-05,-9.999778351748738,-9.999958745609732,-2.1319981467797827e-06,-9.99991310326067,-9.999963205217119
0,F3-C3,-0.00030550655127914856,-9.998120753259055,-9.998808142999433,-1.708669344129499e-05,-9.999756873655162,-9.99985939381581,1.5306816361122303e-05,-10.000101902108584,-9.999948833944973,-7.579292365619692e-07,-9.999965046350166,-9.999982857687225
0,C3-P3,-0.0017528293790119035,-9.993652014775035,-9.997595880877812,-3.398175014443082e-05,-9.999722146378696,-9.999926036879563,9.569385252955889e-06,-10.000061717438474,-9.999966023585944,-9.132787304308526e-07,-9.999957969513734,-9.999979431563899
0,P3-O1,8.07097240193522e-06,-9.999628805913837,-9.999610646225932,-6.1160695867183485e-06,-9.999918382078828,-9.999955078496349,8.111301929382508e-06,-10.00005204564174,-9.999970932622446,-9.248481897744176e-07,-9.999956595964413,-9.999978329896873
0,Fp2-F8,-0.0005411588147266277,-9.998017644734876,-9.999235252068011,4.013533327326697e-07,-9.999995447374925,-9.999993039254928,9.490814461481299e-07,-9.999998451753454,-9.999988960938992,8.294797187735538e-07,-10.00000140997974,-9.999981917206348
0,F8-T4,-0.00036546319327357066,-9.998565089565108,-9.999387381749974,-6.26550036706426e-07,-9.999976925922361,-9.999980685222582,-1.4076861677340605e-05,-9.999804343534608,-9.999945112151382,2.2102525211619132e-07,-9.99996879519908,-9.999963601105655
0,T4-T6,-0.000147578216532014,-9.999409244570671,-9.999741295557868,1.004640479119219e-06,-9.99998316011851,-9.999977132275635,-5.54126011914161e-06,-9.999903713742837,-9.999959126344029,1.1694479764345676e-07,-9.999974480158597,-9.999971731955853
0,T6-O2,-0.0004142201636597308,-9.998125502982102,-9.999057498350336,1.0608533440773947e-05,-9.99994862579629,-9.999884974595645,1.026988335947422e-05,-10.00006197685132,-9.999959278017725,-5.595486509009213e-07,-9.999970417060092,-9.99998356645339
0,Fp1-F7,-7.70729349245867e-05,-9.999441010649086,-9.999614424752666,-3.356451871838829e-05,-9.999658999562229,-9.99986038667454,-8.433929061507565e-06,-9.999851824350424,-9.999936163641038,-2.4187502116298397e-06,-9.999913154808484,-9.999969995438457
0,F7-T3,-0.0007558523305019778,-9.997053674838153,-9.998754342581782,-0.00017051673153908937,-9.998639749983393,-9.999662850372628,-4.112683118712041e-06,-9.999947197023282,-9.999988323854469,-6.880130787490901e-07,-9.999973939978874,-9.999990108286225
0,T3-T5,-0.0005560122621999335,-9.997734220966764,-9.998985248556714,6.625582716757765e-06,-9.999918185522796,-9.999878432026495,-1.423472747827616e-05,-9.99980907360176,-9.999951420876544,-2.204856704262888e-06,-9.9998691237569,-9.999920937889451
0,T5-O1,-0.00019154185403676824,-9.998823635800028,-9.999254604971611,-8.896095528829592e-05,-9.99928377792749,-9.99981754365922,-1.0079111753583819e-05,-9.99987320629725,-9.999973997414786,1.2752715044504962e-06,-9.999960604337273,-9.999930635456918
0,Fz-Cz,-0.0009071944407714545,-9.996564718392397,-9.998605905884133,-7.926689338939187e-05,-9.999366810996804,-9.99984241235714,2.42158715992173e-06,-9.999967826811908,-9.999943610940308,-3.9740920374700887e-07,-9.999976676687208,-9.999986015803495
0,Cz-Pz,-0.0033168710654283796,-9.987997754293689,-9.995460714190903,-3.165457427661296e-05,-9.99967410001155,-9.99986402745721,-1.0637557140023602e-07,-9.99990446817279,-9.999905531928505,-2.1428037237688425e-07,-9.999963478392063,-9.999968513980814
0,Fp2-F4,-0.0007924794182452589,-9.996379831235926,-9.998162909926977,-2.8067932574269307e-05,-9.9997482937774,-9.999916701372845,2.1372740884927194e-06,-10.000013550561999,-9.999992177821113,-9.2159935425986e-07,-9.999960662735528,-9.999982320320354
0,F4-C4,-0.00012962442013730407,-9.999491529550431,-9.99978318449574,-4.878799376962256e-07,-9.999971826915946,-9.999974754195572,3.703824110465867e-06,-10.000009304096888,-9.999972265855783,-1.7312684614208166e-07,-9.999988556711596,-9.99999262519248
0,C4-P4,-0.000271853281005142,-9.998925790321863,-9.999537460204124,5.6691815678436495e-06,-10.000001686044389,-9.999967670954982,-7.005041924472754e-06,-9.999915943404877,-9.999985993824122,-3.4936613564977133e-07,-9.999986376639939,-9.999994586744126
0,P4-O2,-2.7190393358242655e-05,-9.999604188635386,-9.999665367020443,-6.2278902497008e-06,-9.99973932251659,-9.999776689858088,4.19207172741626e-05,-10.000314554805762,-9.99989534763302,-2.070352116529147e-06,-9.999916981206106,-9.999965634480844
0,Fp1-F3,-0.0017932715913082996,-9.99328569657749,-9.997320557657932,-7.282965882900458e-05,-9.999377483566684,-9.999814461519659,3.9832113316919895e-06,-10.000023031909167,-9.999983199795851,1.254417734027241e-07,-9.99998167527705,-9.999978727395375
0,F3-C3,-0.0027351051756614214,-9.989008820997682,-9.99516280764292,6.873523974640877e-06,-9.999812577936467,-9.99977133679262,-0.00012300975186340917,-9.99841972019246,-9.999649817711095,-1.65852414072255e-06,-9.999945762568244,-9.999984737885551
0,C3-P3,-0.0009508806478052886,-9.996079655156057,-9.998219136613619,-3.42754858785461e-05,-9.99963303923624,-9.999838692151512,-9.751172533558422e-05,-9.998752222447981,-9.999727339701337,6.309006218943916e-08,-9.999990781725913,-9.999989299109451
0,P3-O1,-0.0018949315895037933,-9.99308734377994,-9.997350939856323,-7.936629879770088e-05,-9.999375231852852,-9.999851429645638,5.27845765308397e-06,-10.000019633835734,-9.999966849259204,-6.918342544676134e-07,-9.99996743478451,-9.99998369288949
0,Fp2-F8,-0.0004965281828386103,-9.997819437533503,-9.99893662594489,8.229460941631366e-06,-10.000014891890048,-9.999965515124398,2.0139334655975822e-07,-9.999983564856445,-9.999981550922978,2.789869612192027e-07,-9.999982739581906,-9.999976183388318
0,F8-T4,-0.0007128844138406436,-9.997507085830543,-9.999111075761684,-2.1139384304513556e-07,-9.999958034280807,-9.999959302643866,1.9958985305079163e-06,-9.999995843349224,-9.999975884363918,-7.7870337858753e-07,-9.999954011205617,-9.999972310735014
0,T4-T6,-0.0001606466276930253,-9.99925653656696,-9.999617991479269,3.423552380848585e-07,-9.999982958109523,-9.999980903978095,2.068681066104236e-07,-9.999981409704503,-9.999979341023437,-1.862279110864365e-06,-9.99993607407219,-9.999979837631296
0,T6-O2,-0.00032626683357478604,-9.99881347478271,-9.999547575158253,-7.59461702360381e-06,-9.999843143615069,-9.99988871131721,1.4885395396724802e-05,-10.000021964772994,-9.999873110819028,-2.7078437913034973e-06,-9.999901592160768,-9.999965226489863
0,Fp1-F7,-0.0037832547355175746,-9.98614533901616,-9.994657662171074,-5.536814865597958e-05,-9.999309716691082,-9.999641925583017,2.71983507625757e-06,-9.9999800161101,-9.999952817759338,-2.2608053706054958e-07,-9.999980485713893,-9.999985798606513
0,F7-T3,-0.0003837256223633744,-9.998381152464747,-9.999244535115064,-1.4097135161247894e-05,-9.999853240808104,-9.99993782361907,7.085311731862041e-06,-10.000052703900955,-9.999981850783637,-7.577390568041954e-07,-9.999972963965396,-9.99999077083323
0,T3-T5,-0.0003307789606274936,-9.99866241822782,-9.99940667088923,-7.556617094007214e-05,-9.99936788528161,-9.99982128230725,-1.0961751248159434e-05,-9.999866818927822,-9.999976436440305,-4.810389592579473e-07,-9.9999440272968,-9.999955331712343
0,T5-O1,-0.0005765288548888094,-9.997764291624517,-9.999061481548017,6.892452928209169e-06,-9.999974218496167,-9.999932863778598,-2.1711135114309914e-05,-9.999746638028347,-9.99996374937949,-8.632737568562032e-07,-9.99994595697564,-9.999966243908926
0,Fz-Cz,-0.0004053986164717314,-9.998357136520768,-9.99926928340783,-5.343327317664403e-05,-9.999561840913026,-9.999882440552087,6.126440568810966e-06,-10.000044394760147,-9.999983130354458,-4.5570950926729137e-07,-9.99998009296887,-9.999990802142339
0,Cz-Pz,-0.0014842079876303497,-9.994675208357561,-9.99801467632973,-0.00011309339610300064,-9.99911095686275,-9.99978951723937,-8.812510417437883e-07,-9.999949930297689,-9.999958742808106,-3.164457748699623e-06,-9.999886282473243,-9.999960647230338
0,Fp2-F4,-0.005864049977364682,-9.979547190322696,-9.992741302771767,-0.00013477345503727677,-9.99884264118037,-9.999651281910594,-7.500810988651122e-06,-9.999866144672435,-9.999941152782322,-1.0660646708743337e-06,-9.999954604251817,-9.999979656771583
0,F4-C4,-0.00033225695635603897,-9.995748922893846,-9.996496501045646,-9.570798315523502e-05,-9.999175189426946,-9.999749437325878,1.1396229419606189e-05,-10.00005782871995,-9.999943866425754,-9.193403216799082e-07,-9.999960248153727,-9.999981852651286
0,C4-P4,-0.00018464103301292248,-9.998108624243399,-9.998524066567677,-1.0307122155390817e-06,-9.99996545969461,-9.999971643967903,-1.19204645478353e-05,-9.999847792098562,-9.99996699674404,-8.745291428819603e-07,-9.999970395935774,-9.999990947370632
0,P4-O2,-0.00043534295118783636,-9.998017279932695,-9.998996801572867,-4.4231870317735676e-05,-9.99927494892104,-9.999540340142946,-3.486880579188421e-06,-9.99979566515618,-9.99983053396197,-2.754655934171969e-06,-9.999905976305262,-9.999970710719715
0,Fp1-F3,-0.0038183710300566283,-9.981280551748334,-9.989871886565961,-0.0008206573912405168,-9.993108328676943,-9.998032273024386,-1.990784532910844e-06,-9.999950586180113,-9.999970494025442,-1.4740335778954743e-06,-9.99992714281731,-9.99996178260639
0,F3-C3,-0.015183633531822104,-9.939293021978884,-9.973456197425483,-0.0005675564118857156,-9.995072815901137,-9.998478154372451,-0.00011757028446289081,-9.998568235204193,-9.999743938048821,-4.174299711129345e-06,-9.999869231871365,-9.999967327914577
0,C3-P3,-0.0038754463598019012,-9.983580925626766,-9.99230067993632,-0.0004479075565710478,-9.995672498837996,-9.998359944177421,-0.00012806388214229306,-9.99837461543516,-9.999655254256584,-2.7037650734103507e-06,-9.99991360674328,-9.999977145222505
0,P3-O1,-0.001948483322693826,-9.992555428297363,-9.996939515773425,-0.0005747099715130552,-9.995160249944492,-9.99860850977357,-2.494009720150423e-05,-9.999676785333397,-9.999926186305412,-1.5160097481372896e-06,-9.999940537450064,-9.999976163679145
0,Fp2-F8,-0.004346061229298609,-9.984303836015716,-9.994082473781638,-0.00014177634354218394,-9.99876640237272,-9.999617060433973,-5.324514748182298e-06,-9.999902235809135,-9.999955480956617,-9.754354751652441e-07,-9.999950917903195,-9.999973840636862
0,F8-T4,-0.00033064207201287805,-9.997219198354072,-9.9979631430161,-0.00012001085099886663,-9.998950824479063,-9.999670889585056,8.455379976312206e-06,-10.00004483793759,-9.999960284137828,-7.876630812491365e-07,-9.999951952929596,-9.999970463012005
0,T4-T6,-0.0003666797107829744,-9.998437604080125,-9.999262633429387,-0.00013598862153333248,-9.998914561684838,-9.999730493414038,-8.317542980275664e-06,-9.999826503727942,-9.999909679157744,-1.3892172837940302e-07,-9.999988112808365,-9.999991377468982
0,T6-O2,-0.0015754548327812346,-9.994180283721422,-9.99772505709518,-0.00018279302437429164,-9.997980208141914,-9.99907696628816,6.744091454493846e-06,-9.999918574337048,-9.999851133422503,9.685161864462978e-07,-9.999993977322324,-9.999971217191943
0,Fp1-F7,-0.002254197869922192,-9.984396363497606,-9.98946830870493,-0.0002771512387001436,-9.997589217506736,-9.999252124938936,-1.3914295921571407e-05,-9.999833470882068,-9.999972613841283,-8.009287146880825e-07,-9.999960590366927,-9.999979412191722
0,F7-T3,-0.009470269975541502,-9.966380903911132,-9.9876890113561,-2.0064647008624065e-05,-9.999727149053012,-9.999847536935064,-5.7801647630504835e-06,-9.999886046220718,-9.999943847868348,-8.733928261158031e-07,-9.999961511507289,-9.999982036238702
0,T3-T5,-0.03075901498342861,-9.887665790924533,-9.956873574637248,6.659207659992818e-05,-9.999893938421103,-9.999494385961503,7.160804173018445e-06,-10.000013487956377,-9.999941879914646,-1.1427903796992302e-06,-9.999927810094398,-9.999954665668321
0,T5-O1,-0.006473134794593974,-9.976504992333508,-9.991069545621345,-0.0005535420854586521,-9.995356773543694,-9.998678026056446,-1.8738844374951895e-05,-9.99972549791613,-9.999912886359878,-2.073746070656196e-06,-9.999905673391135,-9.999954406423795
0,Fz-Cz,-0.0006625460606559575,-9.992976458857509,-9.994467187493985,8.550610707739508e-05,-10.000283047694891,-9.999770011052426,-7.886727462185297e-06,-9.999844141522514,-9.999923008797136,-1.2010058237698253e-06,-9.999957449817865,-9.999985673454724
0,Cz-Pz,0.00026285127423992816,-9.999387030388865,-9.998795615021825,-0.0002769275114741854,-9.997936489707728,-9.999598054776573,-1.1928700264460325e-05,-9.999794329780022,-9.999913616782667,-1.7076636428232847e-06,-9.999916001115826,-9.999956131211432
0,Fp2-F4,-0.0002936286211122663,-9.995268979036021,-9.995929643433524,-0.001502516737075569,-9.981768457785194,-9.990783558207648,-5.714923221613349e-05,-9.998829133051583,-9.999400625373744,-5.087219508252431e-06,-9.999842206978775,-9.99996175663722
0,F4-C4,-0.007958390302137274,-9.941654880937794,-9.959561259117603,-0.002417847340457118,-9.97672402681327,-9.991231110856013,-0.0016215995005395645,-9.979956792991388,-9.996172787996784,-2.4338543359483658e-05,-9.999286272080491,-9.999858227849439
0,C4-P4,-0.02007177348238611,-9.916349935196791,-9.96151142553216,-8.534169208662942e-05,-9.99552471249814,-9.99603676265066,-3.3235370542821215e-05,-9.998815506937841,-9.99914786064327,-8.345239109824497e-06,-9.99973602539728,-9.99993213851636
0,P4-O2,-0.0006006693315458923,-9.991690191776177,-9.993041697772156,-0.0006264633027515609,-9.990116260885973,-9.993875040702482,-0.0001883087133674411,-9.997097556825883,-9.998980643959557,-8.146030975164168e-06,-9.999703429364107,-9.999894861092024
0,Fp1-F3,-0.0012399128347471283,-9.9702672297298,-9.973057033607981,-5.799546274738353e-05,-9.999290591940198,-9.999638564716683,-0.00048330031391788863,-9.993787001548608,-9.998620004687787,-2.7323906777845203e-05,-9.99912877609348,-9.99977088790276
0,F3-C3,-0.10271800190671443,-9.543848377121096,-9.774963881411203,0.01153611345529349,-10.043304596034703,-9.974087915302942,-0.008217537127564567,-9.898383957352145,-9.980559328627791,-0.00010754425146905082,-9.996657601387767,-9.99918489129729
0,C3-P3,-0.13282333201738622,-9.362148350516442,-9.661000847555561,0.00441854673269325,-10.01598226015279,-9.98947097975663,-0.002543853333066251,-9.967418192895234,-9.992856726225897,-6.1027121153114434e-05,-9.99812953225102,-9.99956366959812
0,P3-O1,-0.003777060209618013,-9.963105159756495,-9.971603545228135,0.0002765998216287957,-9.99926151478168,-9.997601915851906,5.5275507103083746e-06,-9.99860670605228,-9.998551430545177,-3.794024205978556e-06,-9.999858386226089,-9.99994754579493
0,Fp2-F8,0.003127181589304338,-10.000234619454872,-9.993198460878938,-0.0013654465779051042,-9.98184935791061,-9.990042037378041,0.00013996826833381665,-10.000805338104486,-9.999405655421148,-2.1901284285151188e-05,-9.99927253703986,-9.999787217220561
0,F8-T4,1.3432705381175504e-05,-9.989495799416527,-9.98946557582942,-0.0018595526245214812,-9.98123027841878,-9.992387594165908,-0.00034810921017142506,-9.993990722218001,-9.997471814319715,-9.735757990237956e-06,-9.99964699918078,-9.999875789493549
0,T4-T6,-0.00561845248639985,-9.959868594095422,-9.972510112189822,-0.0005288059650982958,-9.994700539396941,-9.997873375187531,-1.6037428877944608e-05,-9.999495625724256,-9.999656000013035,-5.874343180281966e-06,-9.999783920391073,-9.999921967455808
0,T6-O2,-0.003350289674231541,-9.972745525354375,-9.980283677121395,-0.00033879167854996824,-9.995058548088549,-9.997091298159848,-0.00022760406195691915,-9.997083784582825,-9.999359825202394,-3.7037327751523103e-06,-9.999866964723847,-9.999954002444063
0,Fp1-F7,-0.006318697703260881,-9.96911198934042,-9.983329059172757,-0.0018499083099670524,-9.983678776552274,-9.994778226412077,-0.00028078043319968706,-9.995996910948787,-9.998804715280784,-5.0559015020759195e-06,-9.999801273271114,-9.999920086956413
0,F7-T3,-0.010153148337941717,-9.951367160432715,-9.974211744193084,-0.000595519326659299,-9.987327534993803,-9.990900650953758,-0.0006017098578966101,-9.991605789693326,-9.997622888272291,-9.979164174880307e-06,-9.999635509794574,-9.999870020152684
0,T3-T5,-0.019412928397554104,-9.918726078712663,-9.962405167607159,-0.002647179234067,-9.967356246315807,-9.983239321720209,-0.001377860109308283,-9.983626378611376,-9.99740497970446,-3.351670628420914e-05,-9.998836008678348,-9.999623651276027
0,T5-O1,-0.012213138701190054,-9.950423695614438,-9.977903257692116,-0.00036038387540559473,-9.994085429867436,-9.99624773311987,-0.00015238914993783806,-9.99763200570604,-9.999155897205418,-1.042515554005176e-05,-9.999598711399932,-9.999843702555124
0,Fz-Cz,-0.10522052957105126,-9.46228427826706,-9.699030469801924,0.0002544953478468005,-9.945576675170525,-9.944049703083444,-0.006679485348619093,-9.900101153248068,-9.96689600673426,-0.00033723432941613955,-9.98998622215819,-9.99791122889947
0,Cz-Pz,-0.05110448723944551,-9.71703770308526,-9.832022799374013,-0.002460904668572051,-9.944292055421611,-9.959057483433044,-0.001457470977913557,-9.971367770952698,-9.985942480731834,-0.00015711864478121397,-9.995292407585145,-9.998984695737503
0,Fp2-F4,-0.0021451352437639824,-9.991153162771393,-9.995979717069863,-0.0013451305053523844,-9.984696117241139,-9.992766900273253,0.0006284666247823497,-10.003014778035142,-9.996730111787318,-2.070969743854512e-05,-9.999352951146234,-9.999839629036039
0,F4-C4,-0.0020179391012989695,-9.98095738342219,-9.985497746400112,-0.0023232054592087843,-9.969459794480732,-9.983399027235984,0.0007978743626371103,-10.00390517883343,-9.995926435207059,-5.721537062077607e-05,-9.998231092439863,-9.999575653649451
0,C4-P4,-0.0022308541822488267,-9.990561577206904,-9.995580999116964,-0.0009305603244722683,-9.988619163841676,-9.99420252578851,-0.0001512210106224136,-9.994619678549205,-9.996131888655428,-4.787556898091511e-05,-9.998544839359385,-9.999669915230436
0,P4-O2,-0.007380015169193645,-9.962664911930561,-9.979269946061248,-2.0627206322109355e-05,-9.996424286166373,-9.996548049404305,0.00015403023781851115,-10.000372043125918,-9.998831740747733,-1.6525878017417075e-05,-9.999488205750135,-9.999876563883545
0,Fp1-F3,0.00032295258383037087,-9.992732679492802,-9.992006036179184,-0.005813389125872488,-9.939901972078497,-9.974782306833731,0.0015868041198914815,-10.010477149391726,-9.99460910819281,-4.491003121088388e-05,-9.998592669973434,-9.999648055706889
0,F3-C3,0.011344414092925414,-10.007205114827217,-9.981680183118135,-0.001763365700364349,-9.916414427882312,-9.926994622084498,0.004222785073948292,-10.023992270979763,-9.98176442024028,-0.0004819620060763904,-9.985602820532648,-9.996928927675443
0,C3-P3,0.028733287042779842,-10.022811070055315,-9.95816117420906,-0.011869578357194903,-9.901006714754605,-9.972224184897774,0.005986916735005923,-10.038720663808473,-9.978851496458413,-0.0003862562183117362,-9.98861066819032,-9.997687689320646
0,P3-O1,-0.010146261607730389,-9.96183780830491,-9.984666896922304,-0.000799374362435982,-9.992148808050606,-9.996945054225222,0.0008739921278342284,-10.006726828608128,-9.997986907329786,-1.6859815411855796e-05,-9.99946034900922,-9.9998565546714
0,Fp2-F8,-0.004638583380348884,-9.980665885707536,-9.991102698313322,-0.0003634869172133498,-9.994281481437286,-9.996462402940566,0.0005213595414483829,-10.002754855014306,-9.997541259599823,-5.410076157585278e-06,-9.999805171932252,-9.999932308721956
0,F8-T4,0.0007951151206594011,-9.98959173239559,-9.987802723374106,0.0004653948964791352,-9.99481009313846,-9.992017723759584,-0.00042488029548195454,-9.992902728864012,-9.997151531818831,-2.9062983014407766e-05,-9.999070411119186,-9.999753391220025
0,T4-T6,0.00015431819001799802,-9.993023658820597,-9.992676442893057,-0.0017001790786850802,-9.978150562512226,-9.988351636984337,-0.00017162891060446865,-9.9971814615945,-9.998897750700545,-1.9606935989985222e-06,-9.999910101844277,-9.999956178143853
0,T6-O2,-0.0038453085775291317,-9.971800459121678,-9.980452403421118,-8.014269388140708e-05,-9.997631359576424,-9.998112215739713,0.0001233363031775821,-10.000936743106545,-9.999703380074768,-9.58117454580216e-06,-9.999693933224972,-9.999919090826799
0,Fp1-F7,-0.00825333897000987,-9.970698359870028,-9.98926837255255,-0.0002405728293720391,-9.996216069447144,-9.997659506423377,0.00032447640974849677,-10.002434829916538,-9.999190065819054,-6.536262922778428e-06,-9.999759140801688,-9.999912742980372
0,F7-T3,-0.020962882101814333,-9.925181502170753,-9.972347986899836,0.0004704422830331578,-9.99651156759372,-9.99368891389552,-0.00010756491442196771,-9.998361297873883,-9.999436947018102,-1.56855419649487e-05,-9.999492964236152,-9.999861574472328
0,T3-T5,-0.02769498280318681,-9.896928311256854,-9.959242022564025,-0.0009619053964298086,-9.989425269528475,-9.995196701907053,-0.0002396451631906127,-9.996982519887942,-9.999378971519848,-2.9695038272105136e-05,-9.99904457169591,-9.999742405095304
0,T5-O1,-0.04964580606721188,-9.81981413898452,-9.931517202635748,0.0004518025031551712,-9.996297591709904,-9.993586776690973,0.0002966058501946819,-10.001982404039355,-9.999016345537408,-1.867050345489517e-05,-9.999369642804309,-9.9998083996355
0,Fz-Cz,-0.014265935786089794,-9.90508956734205,-9.937187922860751,-0.014037828247639234,-9.549416679025594,-9.633643648511429,0.00737630519577868,-10.049519772168063,-9.975756720210276,-0.0010963697305585267,-9.966205516494634,-9.99197020516276
0,Cz-Pz,-0.010582154608472541,-9.923389731817739,-9.947199579686803,-0.021853257846362745,-9.56427450056928,-9.695394047647456,0.012328330047672495,-10.091077342309056,-9.967794041832331,-0.0013146244879865862,-9.959613133967167,-9.990506809434851
0,Fp2-F4,-0.0020096014852932615,-9.870008114663275,-9.874529718005185,-0.028946676458824688,-9.767487133576973,-9.941167192329921,-0.001002805303473981,-9.984634290678613,-9.994662343713353,-0.00011379513475851002,-9.996508665598403,-9.999182851265228
0,F4-C4,-0.04240040333986578,-9.837296989696794,-9.932697897211492,-0.01870166514409482,-9.843647401477265,-9.955857392341834,0.00039879354005949207,-9.998867844056404,-9.99487990865581,-4.933596161955015e-05,-9.998532379106491,-9.99969177420455
0,C4-P4,-0.021515723663920735,-9.925215837604679,-9.9736262158485,0.00018258212783045955,-9.999473118627034,-9.998377625860051,0.00021543590979030485,-10.001563995346688,-9.999409636248785,-1.3372013573213903e-05,-9.999569925084458,-9.999884167403428
0,P4-O2,-0.04658298348623412,-9.82695771248981,-9.931769425333837,-0.0006347290136826612,-9.992579052507413,-9.996387426589509,1.4674093400266039e-05,-9.999180945476681,-9.999034204542678,-2.7357899978898188e-05,-9.99915569072709,-9.999798601376593
0,Fp1-F3,-0.026679886181735075,-9.805159465004587,-9.865189208913492,0.014503922123076609,-10.000814261338565,-9.913790728600105,-0.010575899947839432,-9.867572928625368,-9.973331928103763,-0.00011422582557053652,-9.996506797977446,-9.999191104878353
0,F3-C3,-0.10120005722152736,-9.583007374631299,-9.810707503379735,0.024232806676030273,-10.046145414695074,-9.900748574638893,-0.00809723874932778,-9.90386480865158,-9.984837196144857,-0.00034847374677512456,-9.989677376566426,-9.997866509615642
0,C3-P3,-0.11032661387924063,-9.5663077884202,-9.814542669648493,-0.002909066864310088,-9.962122684156444,-9.979577085342305,-0.00200135878813849,-9.96538915906527,-9.985402746946654,-5.994222166323545e-05,-9.998144592189652,-9.999553234398737
0,P3-O1,-0.0009102668048113663,-9.992516782976015,-9.99456488328684,-0.00013780386591887478,-9.997709629346646,-9.99853645254216,-6.212469374370349e-05,-9.998544889901527,-9.999166136838964,-5.359845866067114e-06,-9.99982275630771,-9.999948712685562
0,Fp2-F8,0.0029418945979106156,-9.88878781983844,-9.882168556993141,-0.034390473365186656,-9.721952325259144,-9.928295165450264,-0.003220253823488027,-9.956741157531964,-9.988943695766844,-0.00021286582359389538,-9.993696712561482,-9.998699059415939
0,F8-T4,-0.10306368532416531,-9.644235948842818,-9.87612924082219,-0.018034809741771313,-9.835578848892045,-9.943787707342672,-0.0028245728999326076,-9.950904709301861,-9.979150438301188,-0.00014134789843887955,-9.99570308610912,-9.999024761722435
0,T4-T6,-0.03314927518606239,-9.841389201461581,-9.915975070630221,-0.003432268217085032,-9.95552000026833,-9.97611360957084,0.00018183255560902143,-9.999165820639378,-9.997347495083288,-3.731022407547289e-06,-9.999824686513552,-9.99991236554013
0,T6-O2,-0.06338253291662997,-9.757286313921691,-9.899897012984109,-0.008951235291854058,-9.930314406059333,-9.984021817810458,5.8387072720176725e-05,-10.000130461479436,-9.999546590752235,-2.8358012249186574e-05,-9.999147722424688,-9.999814135712544
0,Fp1-F7,-0.002305879387106161,-9.948834130004714,-9.954022358625704,-0.005581732176328151,-9.955585913823683,-9.989076306881651,-0.000875629704288083,-9.988565780628628,-9.997322077671509,-1.1294718948550024e-05,-9.99953351736039,-9.999798943255682
0,F7-T3,0.11673153189980358,-9.942111203352722,-9.679465256578164,-0.02203811756378387,-9.717574769986644,-9.849803475369347,-0.00803616232481411,-9.900312070746516,-9.980673693994657,-0.0004280846601541796,-9.987058524987646,-9.997118514501269
0,T3-T5,-0.0271418880642153,-8.827995065882206,-8.88906431402669,-0.1605397600998958,-8.403855492264926,-9.367094052864301,-0.0493519651172868,-9.263846543263066,-9.757366194435933,-0.0017705352194923557,-9.92121105201709,-9.96281862967516
0,T5-O1,-0.1347998371032268,-8.77208084722854,-9.0753804807108,-0.052575218002453926,-9.121925522221671,-9.437376830236396,-0.03850759421371125,-9.423960459801577,-9.80903640193869,-0.001440412355402042,-9.931137381207352,-9.9649870715593
0,Fz-Cz,-0.007231843228042282,-9.951363381642148,-9.967635028905242,-0.03538199352469792,-9.581153451041173,-9.79344541218936,0.016511964611072752,-10.123220247980207,-9.958100601869479,-0.0011740850235220986,-9.965668735827874,-9.993259733880643
0,Cz-Pz,-0.024759967510784426,-9.850560190199555,-9.90627011709882,-0.002681402159501459,-9.7908765245263,-9.80696493748331,0.013933346030538267,-10.109852200794256,-9.970518740488874,-0.0011790508571628687,-9.965374709931359,-9.993082405074686
0,Fp2-F4,-0.012739238453892224,-9.949655170127562,-9.97831845664882,-0.0014786032787857822,-9.98713909217665,-9.996010711849364,-0.0011666707184481533,-9.985529286236206,-9.997195993420688,-2.6811298447544775e-05,-9.999180830592408,-9.999810896105926
0,F4-C4,-0.05303359911087134,-9.787036372820566,-9.906361970820026,-0.0010134738923684688,-9.989657035858624,-9.995737879212834,-0.00023990126430734217,-9.995678351242795,-9.998077363885868,-3.488821093810945e-05,-9.998862055878533,-9.999681928835578
0,C4-P4,0.017287082605846597,-9.981526104849063,-9.94263016898591,-0.0019167736489394622,-9.982973953678108,-9.994474595571745,-3.253223777113846e-05,-9.999452652812257,-9.99977797518997,-2.698504232112741e-05,-9.99920302106207,-9.999837169556617
0,P4-O2,-0.02296572597078003,-9.802004254427738,-9.853677137861993,-0.004472361202689758,-9.965549465562763,-9.992383632778902,-0.0011587949349386164,-9.985896984576065,-9.99748493392545,-1.819538371868109e-05,-9.999427437076415,-9.999855028593803
0,Fp1-F3,-0.05386001979554982,-9.692789426983438,-9.813974471523425,0.0019850329784696107,-10.003844579953013,-9.991934382082196,-0.0019198038501663235,-9.958929724945408,-9.978127763447072,-0.0001011572069948023,-9.99699840756788,-9.999375601932257
0,F3-C3,-0.0209839745274701,-9.674730793464171,-9.721944736150979,-0.0019026432858371136,-9.975308633042934,-9.986724492757956,-0.0025885794930911726,-9.943932642121263,-9.969818437052174,-9.655729148308183e-05,-9.997050616541147,-9.999319712891
0,C3-P3,-0.050729029995181044,-9.765632922356454,-9.879773239845612,-0.005698376676660471,-9.949530431106698,-9.983720691166662,-0.00027398947033074005,-9.996585970320336,-9.999325865023643,-2.5840197320264545e-05,-9.99921324040977,-9.999820485046795
0,P3-O1,-0.11981578154009191,-9.557324377356977,-9.826909885822184,-0.00037678150435663184,-9.995685673008708,-9.997946362034847,-9.775728811023771e-05,-9.998626500317835,-9.999604073198938,-4.362821847170134e-06,-9.999856929052383,-9.999959455365792
0,Fp2-F8,-0.005288480068738388,-9.975696246624972,-9.987595326779633,0.00732338069025498,-10.028682828317063,-9.984742544175534,-0.008756297755010556,-9.893190432883516,-9.980753410433621,-0.00014546366140006888,-9.995578179998338,-9.99899657604124
0,F8-T4,-0.1670710644894521,-9.298591213202648,-9.674501108303916,0.0011285723450343034,-9.972187091183327,-9.965415657113121,-0.00902282300230339,-9.894549837395692,-9.984778067418725,-0.0001728244595857063,-9.994567583463894,-9.998628958264158
0,T4-T6,-0.07879035150284383,-9.689315489536597,-9.866593780417995,0.00026295230719276564,-9.997110637671575,-9.995532923828419,-0.0012029137520162324,-9.982901676330368,-9.99493081385053,-2.481425456307988e-05,-9.999229857718722,-9.999812992700955
0,T6-O2,-0.005481034755609709,-9.974570307505605,-9.986902635705727,-0.0015907796278329367,-9.987196945847483,-9.996741623614481,-0.00023006959734660229,-9.996650415006306,-9.998951110979771,-7.041267687887372e-06,-9.99977339412536,-9.999938863916025
0,Fp1-F7,-0.07549582447299452,-9.66516677195721,-9.835032377021449,-0.004805802760349491,-9.946673422102041,-9.975508238664139,-0.0016185726081303252,-9.972333984107904,-9.988519710189207,-3.0149040340391264e-05,-9.999071399588455,-9.999779902036455
0,F7-T3,-0.08471996290722707,-9.390218999378435,-9.580838915919696,-0.04275110708010794,-9.599014727324452,-9.8555213698051,-0.01824544584641521,-9.75984958979176,-9.942304048255911,-0.00048500567577098566,-9.985220636674354,-9.996618270054972
0,T3-T5,0.11324970547000636,-10.110710294235655,-9.855898456928141,-0.05516326773302064,-9.524572298505053,-9.855551904903177,-0.012168274234298285,-9.858226778534696,-9.97990952087768,-0.0002723754952192531,-9.991370066914902,-9.997770891052554
0,T5-O1,-0.06312080555262826,-9.772312616229467,-9.91433442872288,-0.0027045661763464156,-9.978670936930262,-9.99489833398834,-0.0012043731409239276,-9.986387906998788,-9.998431638408027,-1.171545799164615e-05,-9.999559247825156,-9.99983456108796
0,Fz-Cz,-0.01961021928401617,-9.860955050419713,-9.90507804380875,-0.004853781125428735,-9.956064769804685,-9.985187456557258,0.0014727872330101656,-10.00529731168002,-9.990569439349917,-0.00010159654155729802,-9.99682772597735,-9.999215244703947
0,Cz-Pz,-0.08859747910885547,-9.677609610807686,-9.876953938802611,-0.0015607850433317521,-9.987494739535437,-9.996859449795428,-0.0012207895650303247,-9.964919273968755,-9.977127169619058,-6.705613413868938e-05,-9.997838168553484,-9.999413987705744
0,Fp2-F4,-0.0007587409711278106,-9.997315517009216,-9.999022684194253,4.5668928538507155e-06,-9.999937992391505,-9.999910591034382,2.7222962217278117e-06,-10.000017817943831,-9.999990594981615,-1.1051287087969964e-06,-9.999960275469455,-9.999986245994112
0,F4-C4,-0.004332313075752955,-9.984981294762356,-9.9947289991828,-2.9478250041819757e-05,-9.999721105681532,-9.999897975181783,-4.173774704047627e-06,-9.999945311212219,-9.999987048959259,-8.452787804754838e-07,-9.999970607903048,-9.999990471954389
0,C4-P4,-0.032701819212295126,-9.88389869410819,-9.957477787335854,4.47855447513974e-06,-9.999970892269062,-9.99994402094221,-3.949861218884591e-06,-9.999938806887137,-9.999978305499326,-2.813740080240628e-07,-9.999986490149837,-9.999993102439026
0,P4-O2,-0.039268705724546125,-9.859303378623137,-9.947657966503366,-0.00018387071512056377,-9.998604773224912,-9.999707997515635,6.988006884442845e-05,-10.000459504180682,-9.999760703492239,-2.273171625792384e-06,-9.999924301578,-9.999977721111206
0,Fp1-F3,-0.007744701744773907,-9.97328461910669,-9.990710198032431,-0.00026458688321857204,-9.998027371499827,-9.999614892799139,-7.380423295105295e-06,-9.99980451527949,-9.99987831951244,-4.246054137705703e-06,-9.999855494460187,-9.999955276732424
0,F3-C3,0.0006934645291939365,-9.999712189058394,-9.998151893867709,-0.0015866343043692433,-9.98638804031378,-9.995907846139996,-0.0001819215329942761,-9.99720841437584,-9.999027629705784,-2.7134214600113325e-06,-9.999891582999688,-9.999955348403997
0,C3-P3,-0.015456692979430954,-9.944220788523232,-9.978998347726952,-0.0030710175361046556,-9.975373569999165,-9.993799675215794,-0.00031960530624566916,-9.99573020182331,-9.998926254885767,-5.585750425242387e-06,-9.999802722940025,-9.999933988075018
0,P3-O1,-0.030795539677074997,-9.89396002901951,-9.963249993292928,-7.05815808844655e-05,-9.99941252616552,-9.999836015650827,-5.3795585044930215e-05,-9.999296300120411,-9.99983425597086,-1.162510516275306e-06,-9.999956421273415,-9.999983740270547
0,Fp2-F8,-0.023009163870180763,-9.921060382564498,-9.972831001272406,-0.0001208923178679161,-9.99897449993473,-9.999699853841937,-4.6743022334138793e-05,-9.99943430290036,-9.999901733123702,-6.849816903238929e-07,-9.999966835339643,-9.999982932409367
0,F8-T4,-0.0011654333112686573,-9.995753787644594,-9.998376012594948,-2.7889064191444156e-05,-9.99969254611583,-9.999859880500978,1.0347203966508027e-05,-10.000057880330512,-9.999954408290847,7.080546243401339e-07,-9.999999989132352,-9.99998334984868
0,T4-T6,-0.013512912648607316,-9.951333763639257,-9.981737817098622,5.770184869439308e-05,-10.000090090730232,-9.999743879638066,-4.424958149030071e-06,-9.999840479524066,-9.999884729105556,-2.757477486616525e-06,-9.999901512033011,-9.999966312753946
0,T6-O2,-0.011371817721577793,-9.957224384729589,-9.982810974603138,-0.00015726391409011422,-9.99881050507469,-9.99975408855923,7.086099316600951e-05,-10.000443606788803,-9.999734996857143,-3.4654923966118835e-06,-9.999885875042045,-9.999967314113364
0,Fp1-F7,-0.007344899680328028,-9.9743175732137,-9.990843597494438,-0.0001425209780113689,-9.998853500700736,-9.999708626568804,-2.1350361989283018e-05,-9.999692426160793,-9.999905929780686,-6.059502648751148e-06,-9.99979492296665,-9.999937321278896
0,F7-T3,0.01784432074032666,-9.94027398444278,-9.900124262777044,-0.03172850237021765,-9.749762503480493,-9.940133517701799,-0.0034382369390949007,-9.949966527968025,-9.984348897358974,-6.367889983936602e-05,-9.997842459506321,-9.999338913652547
0,T3-T5,0.04216765947636874,-10.018386832849426,-9.923509599027597,-0.03379630217241642,-9.728440363915718,-9.931218176950216,-0.003497984076040518,-9.948115739807424,-9.983095580567829,-0.00011990685252621286,-9.996101797052692,-9.998919608087057
0,T5-O1,-0.004290451573453301,-9.981424366225706,-9.991077882265976,-0.0004182640715543241,-9.996850155857459,-9.999359740286785,0.00010265024484849345,-10.000497211085909,-9.999470708637425,-1.378409413395086e-05,-9.999370584120415,-9.999694510332564
0,Fz-Cz,-0.0012546984239365754,-9.994522970395048,-9.997346041848905,-0.00012888062558826736,-9.998732493173799,-9.999505776927329,-2.4791841547482264e-06,-9.999958471123561,-9.999983262965108,-5.830316343417583e-07,-9.999974511011036,-9.999988212254443
0,Cz-Pz,-0.006846909407265169,-9.97482917889415,-9.990234725060498,-7.48695303230176e-05,-9.998506195497795,-9.998955412679733,-4.4795363236622815e-05,-9.999441353599769,-9.999889307232134,-2.6212324250644616e-07,-9.999965004689615,-9.999971164585814
0,Fp2-F4,-0.00043447109308746804,-9.998093709798416,-9.999071269757863,3.27063300292183e-05,-10.00003928786288,-9.999843049882704,-3.005585524136696e-07,-9.999978945621997,-9.999981951207522,-1.1316013577920386e-07,-9.99998060643244,-9.99998326569563
0,F4-C4,-0.00016236916520626026,-9.9991190982602,-9.999484428881914,-2.802351821048844e-05,-9.999717273935806,-9.99988541504507,1.5571198541057956e-06,-10.00000200346864,-9.9999864322701,-7.298020070405691e-07,-9.999971136220921,-9.999988286568087
0,C4-P4,-0.004736161759206015,-9.98273625431356,-9.993392618271773,-2.6809681842172974e-05,-9.999718633069525,-9.999879491160579,-7.92182482067434e-06,-9.99989247025882,-9.999971688507026,4.188401118104083e-08,-9.99999691354394,-9.999995929269678
0,P4-O2,-0.007438862077496055,-9.97336945512337,-9.990106894797735,-1.947297663117427e-06,-9.999817358015198,-9.999829041801176,4.593081980617014e-06,-9.99990907635807,-9.999863145538265,-1.609309379670403e-06,-9.999936867264566,-9.999974686034989
0,Fp1-F3,-0.0009551407598716992,-9.996083838384928,-9.998232905094639,-3.9672398396681905e-05,-9.999691980210908,-9.999930014601288,-8.977770741408244e-06,-9.999878221839662,-9.999967999547076,-1.4772080101313207e-06,-9.999940608514292,-9.99997532290253
0,F3-C3,-0.004001497908261551,-9.985331818744452,-9.99433518903804,-0.00010117781389902821,-9.998861975242894,-9.999469042126288,-2.1247202789712213e-05,-9.999734175680102,-9.999946647707999,-8.303516171883746e-07,-9.99996933474611,-9.999988848009114
0,C3-P3,-0.0021974058117881557,-9.991955584549808,-9.996899747626331,-9.149938182870511e-06,-9.999654349161077,-9.999709248790174,-0.0001405872100443386,-9.998300470045564,-9.999706342146007,6.896198565142225e-08,-9.999992969441864,-9.999991348835202
0,P3-O1,-0.005624586878129929,-9.970285449041317,-9.982940769517109,-6.848794508589634e-05,-9.999339089454272,-9.999750017124788,-4.684276124823419e-05,-9.999358517032592,-9.999826944645074,-2.2499959554796213e-06,-9.999914794800588,-9.999967669705542
0,Fp2-F8,-0.00022853820566355037,-9.999036421483193,-9.999550632445937,1.8717393991955516e-05,-10.00004388124235,-9.999931576878398,8.086655961460409e-06,-10.000065266628035,-9.99998440006842,-5.000108134415486e-07,-9.999967724606044,-9.99997947486016
0,F8-T4,-0.0012649993889759872,-9.995147019172792,-9.99799326779799,-5.7646989679279165e-05,-9.999552796136658,-9.999898678074734,5.5291705962161737e-08,-9.99999311577781,-9.99999256286075,-1.3051102654271734e-06,-9.999944824659332,-9.99997549475057
0,T4-T6,-0.00075404092051759,-9.996393498187206,-9.998090090258371,-1.4584243004600628e-05,-9.999798846366787,-9.999886351824815,-1.991389429576358e-06,-9.999967456578892,-9.999987370473187,-1.1696537657126127e-06,-9.999957500330547,-9.999984987194042
0,T6-O2,-0.008349855203668414,-9.969270707613148,-9.988057881821403,-3.5332592394062535e-05,-9.999580341905244,-9.999792337459608,3.8791647913299125e-05,-10.000284688869701,-9.999896772390569,-1.6152522302142794e-06,-9.999940143693419,-9.999978102120828
0,Fp1-F7,-0.0024648037238075697,-9.990904306268986,-9.996450114647553,-1.5347981757994098e-05,-9.999850872058964,-9.999942959949513,-8.176115800006949e-07,-9.999979257476282,-9.999987433592082,-6.343088416973832e-07,-9.999965101604547,-9.999980007862327
0,F7-T3,-0.006713195830665342,-9.975123726918326,-9.990228417537324,-0.0001179004940129131,-9.998447669900642,-9.99915507286472,-8.335223475413068e-05,-9.998969839767366,-9.999803362114907,-1.8779366010162033e-06,-9.999940117383577,-9.999984248893702
0,T3-T5,-0.047562708080232226,-9.826775133777236,-9.933791226957759,-0.000511194029770988,-9.99488273684574,-9.997949901024366,7.05319576775539e-05,-10.000301812831449,-9.999596493254673,-1.3163773527542477e-05,-9.999350329383528,-9.999659678061425
0,T5-O1,-0.025444328694243904,-9.884073366900944,-9.941323106462994,-0.0003358184081431729,-9.993513163123135,-9.995528073571993,0.0001652272618365049,-10.000973005425086,-9.999320732806721,-2.339220906598868e-05,-9.99899744508988,-9.999547162002932
0,Fz-Cz,-0.000773100456868741,-9.995983037421817,-9.997722513449773,-3.920668970932909e-05,-9.999490868317544,-9.9997261084558,-9.007879472977804e-06,-9.999879934184483,-9.999970012979212,-4.954417011072179e-07,-9.999979344217616,-9.999990987097592
0,Cz-Pz,-0.0018505215221445745,-9.992988030981898,-9.997151704406724,-0.00017236120113570924,-9.998552623916128,-9.999586791122942,-7.712299337010743e-07,-9.999893763376694,-9.999901475676031,-7.673486896641646e-07,-9.999950928496391,-9.999968961190598
0,Fp2-F4,-0.0009362565879782521,-9.995449692392926,-9.997556269715878,-2.755659904330394e-05,-9.999780390981687,-9.999945730575947,-3.608335738052842e-06,-9.999928370481383,-9.999964453838764,-1.412738735065457e-06,-9.999952886742843,-9.999986086103117
0,F4-C4,2.630510574751793e-05,-9.999883660071674,-9.999824473583743,-3.512954074149696e-05,-9.999693702441794,-9.999904479686244,1.2298433177078468e-05,-10.000082342450446,-9.999959358118675,-2.126748714076487e-06,-9.999930725830591,-9.999980704425372
0,C4-P4,-0.0006880551450359113,-9.99735941302459,-9.998907537100921,1.768310939817646e-05,-9.99998912647944,-9.999883027823051,2.450208489929542e-06,-9.999995962208933,-9.999971460124033,-3.5259082669499407e-07,-9.999986844673042,-9.999995130557469
0,P4-O2,-0.0040291302019353865,-9.982813448328136,-9.99187899128249,-0.00033246363932685954,-9.997423411837177,-9.999418193673138,-1.3310200139084186e-06,-9.999889510482829,-9.999902820682967,-3.356014590187878e-06,-9.999890016790966,-9.999968883133835
0,Fp1-F3,-0.0005048327213639412,-9.99773658697568,-9.998872460598749,-0.00014029086795055743,-9.998764508854878,-9.99960625406258,-1.0884821126236263e-07,-9.999991326575822,-9.999992415057935,-2.142169537839221e-06,-9.999927216074719,-9.999977557058857
0,F3-C3,-0.0005393152770962179,-9.99795687435247,-9.999170333725937,6.214001486454629e-05,-9.999677973301448,-9.99930513321226,-0.00016323587596197417,-9.998133399316151,-9.999765758075771,-2.186362476729074e-06,-9.999927124331311,-9.999978503849514
0,C3-P3,-0.001739046315038039,-9.993022642191203,-9.996935496400038,0.00016344651131669215,-10.00017258355144,-9.999191904483538,-0.00024317100944190118,-9.997073946382953,-9.999505656477371,-3.307989400514948e-06,-9.99989393983215,-9.999971677583062
0,P3-O1,-0.0024283034205432588,-9.990947063297774,-9.996410745993996,2.0333444374398766e-05,-9.99995897661895,-9.999836975952704,3.883689431547284e-06,-10.000027568118654,-9.999988731224338,-8.128959136298447e-07,-9.99996910501047,-9.99998820806444
0,Fp2-F8,-0.0007697984023949655,-9.99647495534979,-9.998207001755178,2.814359281064273e-05,-9.999912647711927,-9.999743786155063,-2.173625018550049e-06,-9.999960640529416,-9.9999823767796,-2.920461922197502e-06,-9.999892286572551,-9.999960917427723
0,F8-T4,2.0180955026539588e-05,-9.999667542046945,-9.999622134898136,-2.809758330376845e-05,-9.999557028701375,-9.999725614201198,1.876173674249747e-05,-10.00011909496209,-9.999931477594664,-2.6298716392611747e-06,-9.999889101345547,-9.999950903329069
0,T4-T6,-0.00027693933850071506,-9.997818062897386,-9.998441176409012,8.623834277989065e-05,-10.000211857796119,-9.99969442773944,-1.1976288600912942e-05,-9.999817767362446,-9.999937530248454,-1.7490124689979418e-06,-9.999935647930158,-9.99997674972318
0,T6-O2,-0.0034475108565538005,-9.983861072135502,-9.991617971562748,-0.000540973099384125,-9.995924089777624,-9.999169928373929,1.1047315581710803e-05,-9.999964730869287,-9.99985425771347,-3.774343921065813e-06,-9.999876775117793,-9.999965472199937
0,Fp1-F7,-0.0020753905167192124,-9.992717914955564,-9.997387543618183,-0.0001405665048104544,-9.99878529784349,-9.999628696872353,-9.469014990674721e-06,-9.999883197139091,-9.999977887288997,-2.2998835206377855e-06,-9.999919490036445,-9.99997353729918
0,F7-T3,-0.023808581345694437,-9.911862362906476,-9.965431670934288,-0.004736428675527419,-9.961235359886066,-9.98965393193923,-0.000591441976855021,-9.990971686762023,-9.996886106530573,-2.5392983729132777e-05,-9.99921654611574,-9.999813281233374
0,T3-T5,-0.025863983888793296,-9.891602883785607,-9.949796847535392,0.0013643401284188965,-10.000223519955377,-9.992037479184864,-0.0008035425508973054,-9.988346755687965,-9.996382181196939,-3.312305510723381e-05,-9.998916572579994,-9.999694964375013
0,T5-O1,0.0009335115014146839,-10.000030631217374,-9.997930230339191,-0.0016747633397720895,-9.984920887921765,-9.994969467960399,-4.9838580397254826e-05,-9.999388611549875,-9.999886997353848,-1.1734616763070921e-05,-9.999587342596984,-9.999863106090915
0,Fz-Cz,-0.0008231626557396684,-9.997171772425608,-9.999023888401021,-9.279804357325691e-07,-9.999681780090281,-9.999687347972895,2.669439391859162e-06,-10.00001482047787,-9.999988126083952,-4.979701568107307e-07,-9.999976015162392,-9.999987717461078
0,Cz-Pz,-8.537436679423496e-05,-9.997274898730128,-9.997466991055415,6.054547962110417e-08,-9.99956988485374,-9.999569521580861,-5.870389490622765e-05,-9.99922252682752,-9.999809565776582,-3.6782200044489265e-06,-9.99987157556072,-9.999958013730824
0,Fp2-F4,-6.073246115282883e-05,-9.999629023050087,-9.999765671087681,-1.0739646318176187e-05,-9.999859943589072,-9.99992438146698,-1.102885148166263e-06,-9.999984393619647,-9.999995422471128,2.2719869224014296e-08,-9.999989990148796,-9.99998945623187
0,F4-C4,-6.898622312238211e-05,-9.999674331360861,-9.999829550362886,1.5167516950999218e-05,-10.000026320937783,-9.999935315836078,-3.673878690697499e-06,-9.999914184683597,-9.999950923470504,-2.5869627555106507e-07,-9.999988615943545,-9.99999469530602
0,C4-P4,-0.00035443153007282195,-9.998748643061596,-9.999546114004259,-3.82568751993188e-06,-9.999903893771304,-9.999926847896424,-1.9176055598655317e-06,-9.99997548664139,-9.999994662696988,1.3139208377363624e-07,-9.999994873977359,-9.99999178626339
0,P4-O2,-0.0005905854639734014,-9.997927695834223,-9.999256513128163,-0.00016474467739815537,-9.998699849517497,-9.999688317581885,-2.7436141599799682e-05,-9.999663894209197,-9.999938255625196,-1.084586837408832e-06,-9.999957839172831,-9.99998332696351
0,Fp1-F3,-0.00038666571599894043,-9.998219963745045,-9.999089961606042,-5.532123627439908e-06,-9.999907594495582,-9.999940787237346,-7.694143330640633e-06,-9.999910379287254,-9.99998732072056,-2.3035887473187535e-06,-9.999900064036545,-9.999954198372107
0,F3-C3,-0.00024766632287063047,-9.999055121047345,-9.999612370273804,-8.082318886305686e-06,-9.999907860269674,-9.999956354182991,-1.966778531504121e-05,-9.999765860113056,-9.999962537966207,-4.861374331381242e-07,-9.999975608110628,-9.999987032340307
0,C3-P3,-0.0020059337534468705,-9.992177736513003,-9.99669108745826,-8.222808309685692e-05,-9.999208304165975,-9.999701672664557,-1.71007707783155e-05,-9.999793306518962,-9.999964314226744,5.6301166775707945e-08,-9.999990598163027,-9.999989275085607
0,P3-O1,-5.6287262320062006e-05,-9.999649279355022,-9.999775925695243,-6.79149790632312e-05,-9.99941383543451,-9.99982132530889,1.1950437424308296e-05,-10.000097381262199,-9.999977876887955,-8.778918246808068e-07,-9.999964100133282,-9.999984730591162
0,Fp2-F8,-0.0003004755444685398,-9.998832323532941,-9.999508393507995,-1.4718081206306343e-06,-9.999969982451272,-9.999978813299997,-8.093801667888623e-06,-9.999896641868688,-9.999977579885366,2.512456801383021e-07,-9.999990585082559,-9.999984680809076
0,F8-T4,-0.0001983175456651978,-9.999058036817802,-9.999504251295548,-1.7245595585801945e-05,-9.999870522333994,-9.999973995907508,-4.445989827276012e-06,-9.999922559386349,-9.999967019284622,-1.6587421107918229e-06,-9.999921734057938,-9.999960714497542
0,T4-T6,-0.00010698705358469668,-9.99941923052821,-9.999659951398774,-3.168370852942321e-05,-9.999719875767937,-9.999909978019113,-8.624577772630361e-07,-9.999987281581964,-9.999995906159736,-7.638820331559674e-07,-9.99995215797221,-9.999970109199989
0,T6-O2,-6.035661626890872e-05,-9.999481989727494,-9.9996177921141,-0.00011860478280509298,-9.999023704239873,-9.999735332936703,-2.9280947650795476e-05,-9.999647864132235,-9.999940673608743,-1.5396916784005641e-06,-9.999945102720499,-9.999981285474941
0,Fp1-F7,-0.00010718387298912227,-9.999249530402995,-9.99949069411722,2.1509469914921472e-06,-9.999845535543527,-9.999832629861578,-1.6476269213217013e-05,-9.999784564914359,-9.99994932760649,-2.2104261547140783e-06,-9.999910884842555,-9.999962829857191
0,F7-T3,-0.00019289695845115307,-9.998725552579913,-9.999159570736428,-1.658639423560191e-05,-9.99979729286249,-9.999896811227904,-7.573770381285354e-06,-9.999893994604765,-9.999969732308578,-1.199896424803692e-06,-9.999955808190045,-9.999984005756028
0,T3-T5,-0.0006691718136817527,-9.996755985845653,-9.998261622426437,-0.0005566803272900214,-9.995420790925792,-9.998760872889532,-1.4869271758974363e-05,-9.999524916478066,-9.999673609195655,1.3403435011864216e-06,-9.999961758018424,-9.999930259946145
0,T5-O1,-0.0007445904862702261,-9.995312027389698,-9.996987355983805,-0.0007068047789449851,-9.994276663550432,-9.998517492224101,-5.6833776881939384e-05,-9.999070857167123,-9.999639194935941,-5.804475956427663e-06,-9.999724615038685,-9.999861020223662
0,Fz-Cz,-6.92541477332951e-05,-9.999418424488645,-9.999574246321046,-3.680006962602551e-06,-9.999914386212302,-9.999936466254077,2.6690463462793896e-06,-10.000020234679852,-9.99999354421639,7.332177440208806e-08,-9.999995761372755,-9.999994038311057
0,Cz-Pz,-0.00032023869571856986,-9.99743581490634,-9.998156351971707,-9.154627482054335e-05,-9.998995345579996,-9.99954462322892,1.2164601971326384e-05,-10.000041969209574,-9.999920323189862,-1.4664477593202521e-06,-9.999937348920286,-9.999971810442629
0,Fp2-F4,-5.9449814655323214e-05,-9.999466619073047,-9.999600381156021,3.3897143454444264e-05,-10.000106934125162,-9.999903551264435,-5.233112010566334e-06,-9.99989369440238,-9.999946025522485,-4.6234156311499176e-07,-9.99997721294116,-9.999988077967892
0,F4-C4,-0.0008082961079851569,-9.9971606060303,-9.998979272273267,-2.1195291829138833e-05,-9.999742489473451,-9.999869661224427,-1.144957104990906e-05,-9.999855604226848,-9.999970099937347,-2.6501493500559674e-07,-9.999981558602746,-9.999987786453719
0,C4-P4,-0.0009883011771965181,-9.996175773317725,-9.998399450966417,3.514240193055047e-05,-10.000017735241403,-9.999806880829821,-1.0040000223523364e-05,-9.999877695042944,-9.99997809504518,-1.3255661324187186e-07,-9.999989851028461,-9.999992966108872
0,P4-O2,-0.0021404084669624616,-9.991647537897629,-9.996463456948295,-7.239566362996107e-05,-9.999359809204176,-9.999794183185955,-1.059337830604104e-05,-9.999859039860933,-9.999964973643994,-1.0558215091556807e-06,-9.99995586750143,-9.999980679306896
0,Fp1-F3,-0.0001227358237325811,-9.999101599121573,-9.999377754724971,7.165256621303335e-06,-10.000001204925224,-9.999958213385497,-1.2261346810333276e-05,-9.999807052383915,-9.999929665852019,-1.7859026555646412e-06,-9.999922535136179,-9.999964503848584
0,F3-C3,7.035814724700842e-05,-9.99970038104244,-9.999542075211133,5.094833238601834e-05,-10.00000914011621,-9.999703450121894,1.2619951324249773e-05,-10.000068832425189,-9.999942632911946,-4.3234299489248847e-07,-9.99997497639178,-9.99998513645216
0,C3-P3,-0.00047672364585153216,-9.996650048425364,-9.99772267662853,2.7667642506205735e-05,-9.99984773584147,-9.999681729986433,-3.824828399624866e-05,-9.999463985267457,-9.99984646810742,3.5749368399586376e-07,-9.999987557577445,-9.99997915647587
0,P3-O1,-0.00015369470349833598,-9.999107894936133,-9.999453708019004,2.0158281363691127e-05,-9.99976386845581,-9.999642918767629,-6.43972998291744e-06,-9.999917086085418,-9.999981483385247,1.3159820133824628e-07,-9.999987620968092,-9.99998452841036
0,Fp2-F8,-0.00023151658870545997,-9.998851787214287,-9.999372699538874,1.2969452066883907e-05,-10.000047844731231,-9.99997002801883,-2.2837053474168844e-07,-9.999962731319767,-9.999965015025115,8.989860112289193e-08,-9.999982858069695,-9.999980745452568
0,F8-T4,2.4360530159682753e-05,-9.999678798106283,-9.999623986913424,-4.827912353456089e-05,-9.999482007196393,-9.9997716819376,-1.1322475260369792e-05,-9.999855637989144,-9.999968862741747,-1.4457376620552247e-06,-9.99994584385881,-9.99997981869387
0,T4-T6,-0.0025093422148811367,-9.990679887944612,-9.996325907928094,1.8476156016808292e-05,-9.999772924483874,-9.999662067547774,-1.1126449877237371e-05,-9.999863455416929,-9.9999747199157,-1.49303857958495e-06,-9.999940689132972,-9.999975775539593
0,T6-O2,-0.004544946695315873,-9.98328381799964,-9.9935099480641,-0.00011327659144006681,-9.999098190586821,-9.99977785013546,-1.3132652542664666e-05,-9.999812056830205,-9.999943383355632,-1.7819495906023033e-06,-9.9999283659174,-9.999970241732779
0,Fp1-F7,-0.0007483049206564468,-9.996659268985198,-9.998342955056675,-9.622628258040336e-06,-9.99956822661443,-9.999625962383979,1.1355056189093101e-05,-10.000041804736505,-9.999928254174614,2.0114519361389926e-08,-9.999974188444487,-9.999973715753281
0,F7-T3,-0.00016689319212968335,-9.997389766170732,-9.997765275853023,-0.0001427733404058743,-9.998910695670379,-9.999767335712814,7.197146570680303e-06,-10.000041045757847,-9.99996907429214,-1.1837670561226037e-06,-9.999957193162933,-9.999985011688752
0,T3-T5,-0.005575747851568202,-9.976758606064147,-9.989304038730175,0.00020361617504360133,-9.99975614091095,-9.998534443860688,-8.626566350389097e-06,-9.999750062463315,-9.999836328126818,-1.1718527852485287e-05,-9.999589873762588,-9.999865259167121
0,T5-O1,-0.013324544495677559,-9.949390494688153,-9.979370719803427,0.00018215522485123757,-9.99873732803201,-9.997644396682903,-3.143945359898141e-05,-9.999477812604953,-9.999792207140942,-1.2784949088955943e-05,-9.99956043033347,-9.999860876637062
0,Fz-Cz,0.00013652268210426826,-9.999905939771017,-9.999598763736282,-1.6229817685458846e-05,-9.999859431784753,-9.999956810690865,7.736258836653364e-06,-10.000036017218413,-9.999958654630047,5.919902007377929e-07,-9.999999736246368,-9.999985824476651
0,Cz-Pz,-0.001828325246941882,-9.992717253068687,-9.996830984874306,-1.925200078121376e-06,-9.999870100328115,-9.999881651528584,-1.649918768588698e-05,-9.999751178506951,-9.99991617038381,-4.977673729515675e-08,-9.999954694973749,-9.999955864727076
0,Fp2-F4,-0.004255958657305367,-9.98212243504594,-9.991698342024876,-0.000653203182614685,-9.994818942470706,-9.998738161566395,5.1313560723481835e-06,-9.999948949344851,-9.999897635784128,-7.051561039810949e-07,-9.999962108236536,-9.999978679404979
0,F4-C4,-0.007225668208188218,-9.973228974605561,-9.989486728073985,1.2352017653892694e-05,-9.999681818682106,-9.999607706576182,-2.9044488870080165e-05,-9.99963042440033,-9.999920869289031,-7.038359048918354e-07,-9.999972758534547,-9.999989298678312
0,C4-P4,-0.008422195087969278,-9.960371508718573,-9.979321447666504,-0.0006943275011462581,-9.994420922339032,-9.99858688734591,-4.038433047857049e-06,-9.999928171652867,-9.999968555983346,-1.520248890244408e-07,-9.999990227335056,-9.999993799919949
0,P4-O2,-0.04180936461747354,-9.810121534793586,-9.904192605182901,-0.00025084988816266335,-9.997592405066698,-9.999097504395673,-0.0005326409848670089,-9.993220786105345,-9.998547195954016,-2.085896881763102e-06,-9.999922199221118,-9.999971217797839
0,Fp1-F3,-0.014739398479096508,-9.946014857595328,-9.979178504173294,-8.891668908675207e-05,-9.99875683141386,-9.999290331548382,-8.179625190587924e-06,-9.99979537807033,-9.999877174322235,-7.591124648975452e-06,-9.999731117983169,-9.99990950941242
0,F3-C3,-0.027721035498501183,-9.836324670595298,-9.898697000466925,-0.0030141775082128163,-9.974810512380513,-9.99289557742979,-0.00028547562402605244,-9.996414589995009,-9.99926934623527,-1.9451881453826803e-05,-9.999386049641593,-9.999843168855758
0,C3-P3,-0.0323962298121423,-9.820260085665478,-9.893151602742797,-0.0029078717969614008,-9.975028219814911,-9.992475450596679,-0.0005324332771094303,-9.993810375396679,-9.999134708167773,-1.6431442331240648e-05,-9.999441854051717,-9.999827992946502
0,P3-O1,-0.022052306547284423,-9.897227526519927,-9.946845216251317,-0.0005670334744624728,-9.995546730877928,-9.998948931724703,-1.180250429128191e-05,-9.999832618352546,-9.999950643395458,-7.314518292808524e-07,-9.999965849518558,-9.999983038636547
0,Fp2-F8,-0.003697660228136458,-9.98514732056059,-9.993467056073897,-0.00022642576043712634,-9.998279904904791,-9.999638459467414,-1.719404209824752e-05,-9.99974131677437,-9.999913257195352,1.601143418687273e-07,-9.999981029494432,-9.999977266807399
0,F8-T4,-0.008199191763539579,-9.970280575045479,-9.988728756513442,-1.4821472996114526e-05,-9.99920889106224,-9.999297819900217,-1.3573470250058286e-05,-9.999843315718422,-9.999979050420922,-3.25680874555669e-07,-9.999963359132972,-9.999971012633523
0,T4-T6,-0.027386079662986954,-9.87697736058979,-9.93859603983151,-0.00036535190190933084,-9.99716509043699,-9.999357201848445,-0.00014575787756520366,-9.998049771405574,-9.999507350181226,-1.4013113045807785e-06,-9.999930659414163,-9.999963590229822
0,T6-O2,-0.07450058606453745,-9.654656494967169,-9.822282813612379,-0.0009959069699860105,-9.991606343057708,-9.997581784877625,-0.0006627425626127591,-9.99145704453764,-9.998084470163768,-2.9104645865722787e-06,-9.999896112922059,-9.999964508839843
0,Fp1-F7,-0.026919157923665876,-9.892937198510095,-9.953505303838343,0.0003699527657215525,-9.99953702665466,-9.997317310060332,-9.607040021653906e-05,-9.998804925218396,-9.999765629220562,-8.497263450950244e-06,-9.999696388333252,-9.999896074024349
0,F7-T3,-0.03853724369065626,-9.831113632327263,-9.91782243063124,-0.0007547953599403632,-9.982560017179814,-9.987088789339456,0.00032920277953981525,-9.998988154774406,-9.995696126979007,-8.328028949852787e-05,-9.997369641632298,-9.999326728435515
0,T3-T5,-0.14293841015638722,-9.415280937786513,-9.736892360638384,-0.0010420352840894338,-9.99052362408749,-9.996775835792027,0.0007798865474184857,-10.001561629335274,-9.99376276386109,-0.00011621162573881321,-9.9961424279833,-9.998873401188161
0,T5-O1,-0.11692272025057987,-9.468948429036372,-9.732024549600176,-0.004123015242221193,-9.968180090362726,-9.992918181816053,-0.00023066314757880758,-9.996331865366427,-9.998638496842215,-2.230844118846626e-05,-9.999094313836187,-9.999618562204116
0,Fz-Cz,-0.0011836331160358649,-9.992975645535319,-9.9956388200464,5.798867278724689e-07,-9.999929800259943,-9.999926320939576,-7.068961764331137e-06,-9.999891715222423,-9.999962404840067,-1.4874105872783466e-06,-9.999948313535993,-9.999983267684794
0,Cz-Pz,-0.015104319962495148,-9.943245028553145,-9.977229748468758,-0.00023027547210076923,-9.997947314371684,-9.999328967204288,-0.000203066486661373,-9.997281058576348,-9.999311723442961,-2.855040366408766e-06,-9.999874910242328,-9.999942003690938
0,Fp2-F4,-0.00015931884048461014,-9.998143601821141,-9.99850206921223,-7.229439546845387e-05,-9.999303349321464,-9.999737115694275,-1.1185062802890693e-06,-9.999959453735215,-9.999970638798018,-1.1249219916104606e-07,-9.999982776375939,-9.99998541994262
0,F4-C4,0.00014268022956786692,-9.999500770454757,-9.99917973993823,-0.00012357470129061046,-9.999027796304556,-9.9997692445123,-7.692489175620621e-06,-9.999893015295754,-9.99996994018751,-6.621952187991735e-07,-9.999978921361214,-9.999994482948855
0,C4-P4,-0.0018588769962138239,-9.99223362001093,-9.996416093252412,-0.00011817285500599769,-9.998951277903906,-9.999660315033942,-9.219036936647202e-08,-9.99999365035549,-9.999994572259183,-5.538649062346258e-07,-9.999978616995602,-9.999991632820898
0,P4-O2,-0.0029793860290498303,-9.98489578853318,-9.991599407098542,-0.0002210471653759245,-9.998073174619515,-9.999399457611771,-8.37841572451022e-06,-9.999799349262458,-9.999883133419704,-1.5948250727762336e-06,-9.999946207232554,-9.999983685621764
0,Fp1-F3,-0.0014704969040122613,-9.994472123476532,-9.99778074151056,-7.051337291276377e-05,-9.999434608341701,-9.999857688579178,-2.309310076015749e-05,-9.99965501317114,-9.999885944178741,-2.732371968651835e-06,-9.999886575613985,-9.999950786355248
0,F3-C3,-0.007812994675173298,-9.968431538559036,-9.986010776578176,-0.0004486605835899815,-9.996146191391889,-9.998838154893429,-1.205272735376029e-05,-9.999809335077467,-9.999929862351005,-4.937435638327081e-07,-9.999972413798105,-9.999984016771855
0,C3-P3,-0.006905712380689368,-9.967215303726107,-9.982753156582659,-0.0009527607808209405,-9.992021784076082,-9.997738348761008,-1.5679952646303473e-05,-9.999763000917447,-9.99991980044391,-3.6614805589647057e-07,-9.999979817540206,-9.99998842201952
0,P3-O1,0.0010330188335947491,-10.00105713996135,-9.998732847585762,-0.0002944174740898656,-9.997428963441266,-9.999195468285805,-2.8720940429102714e-06,-9.999919956763797,-9.999948677704227,1.3492505178687063e-06,-10.000001437663,-9.999969730275831
0,Fp2-F8,0.0004324718965258489,-9.999929618469272,-9.998956556702089,-3.918352759805278e-05,-9.999645562423959,-9.999880663589547,-5.484212652677271e-06,-9.999928453982903,-9.99998329610943,9.016246083162307e-08,-9.99998147990044,-9.99997936108261
0,F8-T4,-0.00022275297737748575,-9.99849074482151,-9.998991939020609,-5.4215959694625664e-05,-9.999562544703073,-9.999887840461241,-5.486827701730771e-06,-9.999920323665702,-9.999975191942719,-5.415942816039769e-07,-9.999963968888528,-9.999976696354146
0,T4-T6,0.0009822909526369325,-9.999084902109653,-9.996874747466219,-0.0002913655701326917,-9.9976493249591,-9.999397518379897,-5.963269088843783e-07,-9.999949012738172,-9.999954976007261,2.3317411135012218e-07,-9.999981355681001,-9.999975876089385
0,T6-O2,-0.0009293017536394368,-9.98740078432125,-9.98949171326694,-0.0001731055138942249,-9.998300021669824,-9.999338654753188,-2.0818001959088483e-05,-9.99965722244072,-9.99986540246031,-1.7555593163972758e-06,-9.999922215765451,-9.999963471409387
0,Fp1-F7,-0.0023421663828633176,-9.99143796908089,-9.996707843442332,-0.00033896340372300095,-9.997177694647718,-9.999211475070055,-8.136890993261733e-06,-9.999831001775304,-9.999912370685237,-2.2500897985900625e-06,-9.999893715507351,-9.999946592617619
0,F7-T3,-0.1427686885143394,-9.488159616606005,-9.80938916576327,-0.0011091024095849166,-9.991443442315022,-9.998098056772532,-0.00011767915059734806,-9.998395591543343,-9.999572383049316,-2.5384867937226226e-06,-9.999900042806333,-9.999959697245986
0,T3-T5,-0.1557335238784686,-9.440556125516865,-9.790956554243419,-0.0007981065250710737,-9.99251202134653,-9.997300660496956,-0.00042249924283358924,-9.994761210352417,-9.998986202780753,-2.1227598837128575e-05,-9.999279654907577,-9.999778503480249
0,T5-O1,-0.004836116037780394,-9.977972753621643,-9.988854014706648,-0.0011579276178421034,-9.989846225170234,-9.996793790877287,-0.0006028663504843038,-9.992402966166093,-9.998431629670936,-1.7915015218366295e-05,-9.99936338442051,-9.999784387278142
0,Fz-Cz,0.00010531164261658685,-9.999348269830989,-9.999111318635101,-0.00020946515949325076,-9.99834042411303,-9.99959721506999,-5.564043380001774e-07,-9.999927572832872,-9.999933136876253,-6.014140898537987e-07,-9.999970294328952,-9.999984427560063
0,Cz-Pz,-3.6866890608621034e-05,-9.998855113493732,-9.998938063997603,3.0689916348613536e-05,-10.000064425704625,-9.999880286206533,1.0943238887790041e-05,-9.999847929812574,-9.999738497423696,-2.9322144627133633e-06,-9.99987907759089,-9.999947984630763
0,Fp2-F4,-0.0010267021039167827,-9.994659245611281,-9.996969325345093,-3.11637966389322e-05,-9.999518465972073,-9.999705448751907,-6.02155903649021e-06,-9.999906327031146,-9.999966542621511,-5.423739018596629e-07,-9.999973860153556,-9.99998660594025
0,F4-C4,-0.0004610929420107381,-9.99816372006987,-9.999201179189395,1.1357674895408903e-05,-10.000035100022549,-9.999966953973177,-9.449433013656605e-06,-9.999868991572956,-9.999963485903093,-1.006743326133712e-06,-9.999966987858121,-9.999990646326285
0,C4-P4,-0.001914864832682448,-9.990934376688966,-9.995242822562501,-1.2727561166781656e-05,-9.999635241193348,-9.999711606560348,-6.652685981074162e-06,-9.999905426987608,-9.99997195384742,-3.2236926926354415e-08,-9.99999307993185,-9.999993837499632
0,P4-O2,0.0013839110105193892,-10.001050246304597,-9.997936446530929,-0.00013212235036786342,-9.998595773233946,-9.999388507336153,1.2168709643761923e-05,-10.000074188443751,-9.999952501347313,-7.336032125443948e-07,-9.999969551372645,-9.99998679104814
0,Fp1-F3,-0.0010680750622477319,-9.995448018599674,-9.997851187489731,-4.202572096925421e-05,-9.999610726664669,-9.999862880990484,1.4043612490897694e-05,-10.000073471428635,-9.999933035303727,-3.4571527292743837e-06,-9.999876487375243,-9.99995773046438
0,F3-C3,-0.010657798473249738,-9.958555950220006,-9.982535996784819,-0.0006778664648956839,-9.993266127630413,-9.997333326419787,9.133876346413838e-05,-10.000512311417229,-9.999598923782587,-8.552508739286926e-06,-9.99970865839355,-9.999909642348923
0,C3-P3,-0.008744838862469963,-9.96026710614255,-9.979942993583109,-0.0004257524028176295,-9.994894508616651,-9.997449023033557,5.6667607201766804e-05,-10.000193913376059,-9.999627237304042,-6.957821873499943e-06,-9.999751525601456,-9.999915034415483
0,P3-O1,0.0006995723346153584,-10.000387320279238,-9.998813282526353,6.87074400900229e-05,-10.000025138885292,-9.999612894244752,1.3313684292703701e-05,-10.000038681345723,-9.999905544502797,-1.1965300075605274e-06,-9.99995095896307,-9.99997907741825
0,Fp2-F8,-0.0006014806925378106,-9.997618662128641,-9.998971993686851,-8.43202919346245e-05,-9.999346796850935,-9.999852718602542,-9.918722887064643e-06,-9.999874551606462,-9.999973738835333,-3.742076496012562e-07,-9.9999744692082,-9.999983263087964
0,F8-T4,-0.0004114774040806821,-9.998229859411053,-9.999155683570235,-2.4692308737769823e-05,-9.999802155340745,-9.999950309193173,2.776459630282086e-06,-10.000018591599416,-9.999990827003113,-1.8761972160977313e-06,-9.999929038459392,-9.99997312909397
0,T4-T6,0.0009672109229635745,-10.000746882482568,-9.9985706579059,-4.3097554082445464e-05,-9.999417754174313,-9.999676339498809,1.8980752779491238e-06,-9.999920340401832,-9.999901359649053,-9.67068640799974e-07,-9.999961292365056,-9.999984018478115
0,T6-O2,0.0037372954837675155,-10.003951678671505,-9.99554276383303,-0.0001384170352770959,-9.997902093078027,-9.99873259528969,-4.557972346519929e-06,-9.999824007558793,-9.999869587282259,-8.951660911179259e-07,-9.999955852039301,-9.999976888442443
0,Fp1-F7,0.00012110209214143116,-9.999277098280698,-9.99900461857338,-5.1999876253760186e-05,-9.999259437645199,-9.999571436902722,-7.795876264279686e-06,-9.999879139237745,-9.999957098000388,-3.785079317265394e-07,-9.999955778919011,-9.999964673855407
0,F7-T3,-0.025124257131194958,-9.607982159330435,-9.664511737875623,0.03126274169332872,-10.129599772839471,-9.9420233226795,0.002587283035113573,-10.019131975127086,-9.993259144775951,-0.0003326406043225134,-9.989618370112277,-9.997435424313856
0,T3-T5,-0.041976542722755875,-9.537822238321287,-9.632269459447487,0.03133063876036901,-10.130851235480511,-9.942867402918298,0.0028446489991011165,-10.020702361194271,-9.992255871203259,-0.00037111339219089636,-9.988602887972677,-9.997324052689162
0,T5-O1,-0.005409626620889552,-9.97479852280688,-9.986970182703882,0.0001779308371315427,-9.99885576006196,-9.99778817503917,0.0002207727480178289,-10.00099782500338,-9.998790097523202,-3.400835224099451e-06,-9.999764540655242,-9.99984446028301
0,Fz-Cz,-0.00010030402393490399,-9.99926836502839,-9.999494049082244,1.0486723300173791e-05,-10.00003719400585,-9.99997427366605,5.862331275115237e-06,-9.999998479786678,-9.999939856473926,-6.086067116292941e-07,-9.999973327392246,-9.999987629649969
0,Cz-Pz,-0.00034208718839577633,-9.998643446203618,-9.999413142377508,5.0191389873508546e-05,-9.999808301188356,-9.999507152849114,3.106991865766054e-05,-10.00014884880682,-9.999838149620244,-1.0268536157559585e-06,-9.999948360665947,-9.999972491725917
0,Fp2-F4,0.00030448293003487845,-9.999180999660197,-9.998495913067618,0.00019536721839671597,-10.000493808487029,-9.999321605176648,-1.2379734383083014e-05,-9.999839060999575,-9.999962858343405,-1.0201312249417276e-06,-9.999961487004887,-9.999985460088674
0,F4-C4,8.131209407494632e-05,-9.999465815625758,-9.99928286341409,2.1806451927377002e-05,-10.00004394832229,-9.999913109610725,2.9381172243934266e-06,-9.99999845464949,-9.999969073477246,-1.1937169747904933e-06,-9.999958997877595,-9.999987050226503
0,C4-P4,0.00029478602623262003,-9.999459831320905,-9.998796562761882,0.0001674562950716968,-10.00050218155093,-9.9994974437805,4.687302390938595e-06,-10.000031034449758,-9.999984161425848,-6.633673700548014e-08,-9.99999068443172,-9.99999224334504
0,P4-O2,0.0003739870997289711,-9.99966052178726,-9.99881905081287,-0.00018503204098257114,-9.99847731099378,-9.999587503239676,-0.00014476609590138257,-9.998249075057874,-9.999696736016888,-4.282928613882305e-06,-9.999853500714181,-9.999954149536608
0,Fp1-F3,-0.00023404282412799217,-9.998934887959281,-9.999461484313569,-6.335561742559132e-05,-9.99950273919197,-9.999882872896523,4.685962087784703e-06,-10.000020185549843,-9.999973325928964,-3.6110461409385166e-06,-9.999867413817766,-9.999952273402078
0,F3-C3,0.05673387687568078,-10.009506218872042,-9.88185499590176,0.008805923816806541,-10.016972390699555,-9.964136847798716,-0.001072991679763439,-9.982954349289212,-9.993684266086847,-0.00010753560943125975,-9.996670057658179,-9.999197144479814
0,C3-P3,0.0636011000715437,-10.023479022601714,-9.880376547440742,0.008838253539406872,-10.01815331115452,-9.96512378991808,-0.0012888197423618522,-9.979421589633326,-9.992309787056945,-0.00011570744250158444,-9.996408268161597,-9.999127393060384
0,P3-O1,-0.00017938544860796418,-9.999075631297929,-9.999479248557297,0.0002921917152488543,-10.00070745489676,-9.998954304605267,1.63359757690468e-06,-9.99995172636136,-9.999935390385591,-3.9017376602816445e-06,-9.99987631224079,-9.999968003075807
0,Fp2-F8,-0.00038589170431527084,-9.998201999035514,-9.999070255370222,2.1091400495627485e-06,-9.99985124895573,-9.999838594115433,-1.548354014432647e-05,-9.999778933413847,-9.99993376881529,-4.2409371754608295e-07,-9.999972544296396,-9.999982510498759
0,F8-T4,-1.1259969648095761e-05,-9.999663447245428,-9.999688782177136,-1.5026149610411936e-05,-9.999871124971964,-9.999961281869627,-4.876967700342383e-06,-9.999930729394148,-9.99997949907115,-1.7721838635266596e-06,-9.999928191649019,-9.999969837969813
0,T4-T6,-8.452547950797709e-05,-9.99955369941841,-9.999743881747303,-2.9325731871275854e-05,-9.998855247224649,-9.999031201615876,1.590237708073054e-05,-10.00000543484745,-9.999846411076643,-3.7594610943060058e-06,-9.999874553633498,-9.999962900969214
0,T6-O2,0.00028065401799685983,-9.99877354736991,-9.998142075829417,-7.5169459695085435e-06,-9.998644786579227,-9.998689888255043,-0.00025076669455614066,-9.996971311054056,-9.999478977999617,-5.7066252820709845e-06,-9.99981967681538,-9.999953782509508
0,Fp1-F7,-0.0046634177558473695,-9.983889527289353,-9.994382217240009,-5.635168468847764e-05,-9.999522430326785,-9.999860540434916,-2.4598358251635416e-05,-9.999718895330371,-9.999964878912888,-4.48120343667317e-06,-9.99984004957271,-9.999945357853472
0,F7-T3,0.23173018266891063,-9.891554884453097,-9.370161973448047,0.027038858658129123,-10.022411574793226,-9.860178422844452,-0.0011183862403316236,-9.93327122999596,-9.944455092399275,-0.001065377193576677,-9.966122034401991,-9.991158398451043
0,T3-T5,0.24178194289799546,-9.915800131378587,-9.371790759858097,0.028386283380753063,-10.004674213322422,-9.834356513037903,-0.0019501797740564568,-9.924537802716406,-9.944039600456971,-0.00110747889061239,-9.965030402940476,-9.991056156869867
0,T5-O1,-0.008556150228405706,-9.961731170270838,-9.98098250828475,7.87158225968112e-05,-9.99956213093287,-9.99908983599729,-8.20569615521002e-06,-9.999792549496629,-9.999874606458182,-2.8396988441503563e-07,-9.99996349375557,-9.999970167047854
0,Fz-Cz,3.978086819144088e-05,-9.999492928818329,-9.999403421864898,6.960374135243297e-06,-9.999775921871022,-9.999734159626211,-1.8952950555496529e-06,-9.999947304529957,-9.999966257480512,4.630777281366604e-07,-10.00000024315496,-9.999989360828348
0,Cz-Pz,0.0024410546315230047,-10.001453011528804,-9.995960638607878,7.734615793166623e-05,-9.999822524802983,-9.999358447855393,-3.347301600632636e-05,-9.99946442131001,-9.999799151470073,-2.7373635103894228e-06,-9.999886475444363,-9.999950803486858
0,Fp2-F4,-0.00017753164754246773,-9.998092748319928,-9.998492194526898,-0.00034494963099364513,-9.997273644398943,-9.999343342184904,-4.679195359941895e-06,-9.999936484570526,-9.999983276524125,-9.593265848491602e-07,-9.999962014559769,-9.999984558734512
0,F4-C4,3.6435282385391836e-05,-9.999970568045592,-9.999888588660225,3.6677163422029694e-05,-10.000125623812835,-9.999905560832303,-3.7017630982314446e-06,-9.999934542668575,-9.999971560299556,-7.402829938620599e-07,-9.999969394144792,-9.999986790795147
0,C4-P4,0.0001277408165931356,-9.999282462448674,-9.99899504561134,-0.0005279147727051504,-9.995827850618435,-9.998995339254666,-6.188918868594492e-06,-9.99990317761607,-9.999965066804755,-2.4225290867254893e-07,-9.999988281305852,-9.999993974249206
0,P4-O2,0.00010991082199036249,-10.000038046132367,-9.999790746782889,-0.00017415294191774121,-9.99836782778807,-9.999412745439576,-4.876978723093046e-06,-9.999914395937157,-9.999963165724388,-2.0565603807906296e-06,-9.999918622141546,-9.999966951310494
0,Fp1-F3,-0.0009043801751902228,-9.996781548753603,-9.998816404147782,-5.533582187224684e-05,-9.999546520916024,-9.999878535847257,-9.551063126698525e-06,-9.999872219301812,-9.99996772993308,-3.4232195382926067e-06,-9.999883642549694,-9.999964088208843
0,F3-C3,0.018406454530266483,-10.016872887872408,-9.975458365179309,-0.007146004739624755,-9.942764868060102,-9.98564089649785,0.00012801846254752503,-9.999504369559178,-9.998224184933703,-4.1057292227299735e-05,-9.998534713930132,-9.999499560297474
0,C3-P3,0.022080761192765017,-10.019202802805806,-9.969521090122084,-0.007945453111600768,-9.936854876002647,-9.984527594672251,0.0002002605636915645,-10.000430300651116,-9.9984276950142,-3.775191861876573e-05,-9.998643418626038,-9.99953058871358
0,P3-O1,-0.002240755208145059,-9.99200955696059,-9.997051256178915,5.580966045911562e-05,-9.99974604758747,-9.999411189624714,-0.000100431613507915,-9.998818073913554,-9.999822390048633,-1.5576292055741593e-06,-9.999935489306363,-9.999972093592694
0,Fp2-F8,-3.4628130884115484e-05,-9.999667808828224,-9.999745722122714,-7.884468625339068e-05,-9.99931965262298,-9.9997927207405,1.3816591250313778e-07,-9.99999045158793,-9.999989069928805,-5.52781705640274e-07,-9.999974745633152,-9.999987736003234
0,F8-T4,2.1160646814481723e-05,-10.000008436831521,-9.999960825376188,-7.059173541932883e-05,-9.99922763249725,-9.999651182909766,-9.306327999064182e-07,-9.99996576724151,-9.99997507356951,-1.3028516023402538e-06,-9.999944086219605,-9.99997470323226
0,T4-T6,5.644762446110377e-05,-9.99935511102483,-9.999228103869791,-0.00010514935087909015,-9.998816994378188,-9.999447890483463,1.302738725457844e-06,-9.999980274368973,-9.999967246981718,-2.3934672213518287e-06,-9.99991818463513,-9.99997443111483
0,T6-O2,0.0009969587743370008,-10.000756091438786,-9.998512934196528,-0.0008197524201334382,-9.993231704232949,-9.99815021875375,-2.2350968911566435e-05,-9.999695252132396,-9.999918761821512,-1.969924939279897e-06,-9.999931908785872,-9.999978202021945
0,Fp1-F7,-0.0010784188103894702,-9.995092088686066,-9.997518531009442,7.269559185026551e-05,-10.000111121249798,-9.999674947698697,2.6526483977040355e-06,-9.99990735761183,-9.999880831127854,-4.1352844407093294e-06,-9.99986395591493,-9.999961135099287
0,F7-T3,0.17993158937280432,-10.071124049337055,-9.666277973248246,-0.07054585431523785,-9.358049663551299,-9.781324789442726,0.011518547586382521,-10.076783157495827,-9.961597681632002,-0.0014369555307251036,-9.952809386742466,-9.986577841714507
0,T3-T5,0.18200523852405517,-10.086558947407452,-9.677047160728328,-0.07223329675934048,-9.338095850735264,-9.771495631291307,0.008180588767226117,-10.044752749974029,-9.962946862301767,-0.0013595419976247171,-9.954956065015223,-9.986905301959403
0,T5-O1,-0.00024470815239477795,-9.997459906190088,-9.998010499532976,-0.00019800943364817078,-9.997977973462056,-9.999166030063945,1.1063440003489706e-05,-9.999987931338856,-9.999877296938822,-5.264934600213753e-06,-9.99977781349227,-9.999901539455376
0,Fz-Cz,-1.63794995212677e-05,-9.999583308759368,-9.99962016263329,-1.6307931609410697e-05,-9.999845852096287,-9.999943699685943,1.9539491140100963e-06,-9.999999581449671,-9.999980041958532,-5.703772102686423e-07,-9.999977886243066,-9.999991290107507
0,Cz-Pz,0.00028394693510803867,-9.999357913701479,-9.998719033097485,8.50677720768716e-05,-10.000315791660997,-9.999805385028536,-2.1814704199466824e-05,-9.999693401509216,-9.99991154855121,-1.879527117926976e-06,-9.999927322639174,-9.999971491526445
0,Fp2-F4,3.096544338200961e-05,-9.999893109671378,-9.999823437423768,-0.0003959008793774104,-9.996869402964025,-9.99924480824029,-1.9479735773576215e-06,-9.999974031412766,-9.999993511148539,-1.231649885164776e-07,-9.9999885614996,-9.999991455876831
0,F4-C4,-2.3088260917788934e-05,-9.999289488111208,-9.999341436698273,-5.725151902882217e-05,-9.999548204710496,-9.999891713824669,-8.289964523366232e-06,-9.999883875245727,-9.99996677489096,-7.603353620220916e-08,-9.99998824550256,-9.999990032290661
0,C4-P4,1.1360610429296074e-05,-9.99973632605686,-9.999710764683394,-0.000412636908138771,-9.996852952804158,-9.99932877425299,-2.0266352952354662e-05,-9.999753374735054,-9.999956038264576,2.6376011412107427e-07,-9.999999701416964,-9.999993503054283
0,P4-O2,-0.000813726423869145,-9.996937142121979,-9.998768026575684,-0.000579499992194488,-9.995611142002023,-9.99908814195519,-2.8159968424717276e-05,-9.999630111221729,-9.999911710905975,-5.059177525527074e-06,-9.999847519817788,-9.999966410489638
0,Fp1-F3,-0.00010143399007294383,-9.999634109276448,-9.999862335754113,-4.10632577306619e-05,-9.99951561479208,-9.999761994338463,-4.3149257503623963e-05,-9.999475912944046,-9.999907405519082,-1.6279090208263558e-06,-9.999905568755239,-9.999943824617228
0,F3-C3,-0.00514712399299215,-9.980671928884403,-9.992252957868635,-0.0055168236956515924,-9.956818790517955,-9.989919732691865,-0.0007993359131365348,-9.989198912004655,-9.99719227113602,-4.429863758461278e-05,-9.998414348329954,-9.999455366313192
0,C3-P3,-0.004258010491214693,-9.982792063735182,-9.992372587340416,-0.007801729263383196,-9.938592994574702,-9.985403370155002,-0.0007681428843182435,-9.98954151652837,-9.997222945371552,-3.275255260212835e-05,-9.998738663849002,-9.999508348835151
0,P3-O1,-0.0005750938665702774,-9.997378574769227,-9.99867253596901,-0.00014090554745036958,-9.998870402862549,-9.999715836147251,-8.729191569636697e-05,-9.99878833218467,-9.999661251341633,-5.283227426636828e-07,-9.999969314288405,-9.999981729872857
0,Fp2-F8,-5.4259435807503905e-05,-9.998916729899317,-9.999038813629884,-0.00010553836848823207,-9.999130430301937,-9.999763660512867,-8.232665352294185e-07,-9.999976450025041,-9.999984682690394,-1.4000392022843588e-06,-9.999943935961296,-9.99997683688255
0,F8-T4,-0.0003711605201559425,-9.998486119484111,-9.999321230654463,-3.6244130225086276e-05,-9.999713858744599,-9.99993132352595,-1.4040845344434627e-05,-9.999809797535303,-9.999950205988746,-1.1748566190631519e-06,-9.999946448491471,-9.999974057622019
0,T4-T6,-0.00013453651764713145,-9.999438111875925,-9.999740819040632,-0.00022811389224529008,-9.998221875269756,-9.999590558623227,-7.250990487656332e-05,-9.999117579239924,-9.999842678288688,-7.692024243421191e-07,-9.999964613422398,-9.999982689679369
0,T6-O2,-0.0011835552406597415,-9.995478585328524,-9.998141584620008,-0.0015431672504929855,-9.988381145488855,-9.997640148991813,-2.3707676868578028e-05,-9.999647605341075,-9.99988468210976,-4.0645035609319616e-06,-9.999864668293153,-9.999960184126834
0,Fp1-F7,-0.00029077876617724524,-9.998864858812002,-9.999519111035902,-0.0007222506796919458,-9.994430702734322,-9.998764206812474,-5.556994188771079e-05,-9.999251696226336,-9.999807395645213,-3.2655542293197405e-06,-9.999871994487197,-9.999948735011586
0,F7-T3,-0.1421958632041536,-9.46379399913699,-9.783734691346336,-0.16213501747051703,-8.752519330648465,-9.725329435471567,-0.04440406847131912,-9.41785560854144,-9.861896293254631,-0.0009338408408651822,-9.965051530043024,-9.986996789803355
0,T3-T5,-0.1561530879195872,-9.405619749558719,-9.75696419737779,-0.1701623736164111,-8.685516955559267,-9.706491197257733,-0.045131366682783274,-9.412019542349563,-9.863333209177396,-0.00102173856941502,-9.962376588927293,-9.986387445308546
0,T5-O1,-0.0010317822469984765,-9.99517123628615,-9.997492746341898,-0.0011117978241571868,-9.989647629196357,-9.9963184161413,-7.019146881898329e-05,-9.998920390578041,-9.99962230526623,-1.289535533468645e-05,-9.999448092006546,-9.999751132856911
0,Fz-Cz,-0.000155024400961947,-9.998663363225,-9.999012168127166,-2.733910672667323e-05,-9.99977492189955,-9.99993895653991,-1.237806354547194e-05,-9.999827033551147,-9.999950814186603,-9.438381936827948e-07,-9.99996595409343,-9.999988134290982
0,Cz-Pz,-0.00023331297238445692,-9.999135246382744,-9.99966020057061,-0.00027536267213043955,-9.997740423215369,-9.999392599248152,-4.143460333587963e-05,-9.999499606026868,-9.999913952060227,-1.0540460961895667e-06,-9.999941958809904,-9.999966728893165
0,Fp2-F4,-5.151080729335767e-05,-9.999438423850702,-9.999554323167112,-4.332426683919129e-06,-9.999733192808407,-9.99975918736851,-1.1473458623818501e-05,-9.999862407551449,-9.999977142137688,-7.807423246318981e-07,-9.999967371511179,-9.999985718955807
0,F4-C4,-0.0012399830906014205,-9.995170743951109,-9.997960705904962,8.475175589643446e-07,-9.999978820674931,-9.999973735569577,-1.3363282738551309e-05,-9.999832924605412,-9.999966557432797,-1.0866172872898524e-07,-9.999989024059623,-9.999991577610247
0,C4-P4,-0.0010327736256997542,-9.995582617301746,-9.99790635795957,-6.340945716330474e-06,-9.99971284823393,-9.999750893908228,-1.4366285449619564e-07,-9.999996418582015,-9.999997855210559,-1.0662688691595307e-06,-9.999965493996463,-9.999990551314887
0,P4-O2,-0.00037632279552244415,-9.99438810916107,-9.995234835450995,-4.501169058348667e-05,-9.998288614664604,-9.998558684808105,-7.289992608468998e-05,-9.99916608532584,-9.999895084586687,-1.6380484963956853e-06,-9.999941331280464,-9.99997982542013
0,Fp1-F3,-0.00041808242506975464,-9.997234217321186,-9.998174902777592,-2.6932781766998954e-05,-9.999567013113708,-9.99972860980431,-2.516144063910241e-05,-9.999682624133161,-9.999934238539552,-2.082408605678141e-06,-9.999918888745931,-9.999967825348165
0,F3-C3,-0.0004904272433186304,-9.998069473375843,-9.99917293467331,-4.468373105272176e-05,-9.999173184802881,-9.999441287189198,-2.9934360020931045e-05,-9.99963830206642,-9.99993764566663,-6.634187536853952e-07,-9.999971909829428,-9.999987500170139
0,C3-P3,-0.0006211877557392301,-9.997778755222917,-9.99917642767333,2.8527789932137022e-05,-9.99933195247207,-9.999160785732478,-2.123286221768204e-05,-9.999735413504625,-9.999947742126801,-6.187268537205321e-07,-9.99997031127015,-9.999984851351213
0,P3-O1,-0.001570611669933348,-9.992398097108534,-9.995931973365884,8.56942094268688e-05,-10.000202770809121,-9.99968860555256,4.099328589390329e-06,-10.000024793732155,-9.99998380044626,-1.058259925770206e-06,-9.999961575407326,-9.999986444515581
0,Fp2-F8,-4.685671236488722e-05,-9.999693927529657,-9.999799355132478,-4.180146383265861e-05,-9.999548311458033,-9.999799120241029,6.1907138473765085e-06,-10.000047811996538,-9.999985904858065,2.583077014372103e-07,-9.999995207871535,-9.99998913764055
0,F8-T4,-0.0009758838146368149,-9.996273516685049,-9.998469255267981,7.010314584233313e-07,-9.999973325763294,-9.999969119574544,-1.3215483551620853e-05,-9.999844321796859,-9.999976476632375,4.0554152785352995e-07,-9.999981487515225,-9.99997195728932
0,T4-T6,-0.0012162186180758518,-9.994557934297607,-9.997294426188278,-1.0619493743791801e-05,-9.999617142786398,-9.999680859748862,9.327203453620195e-07,-10.000000832533322,-9.999991505329868,-1.056150373090468e-06,-9.999951632288628,-9.999976451822395
0,T6-O2,-0.0013603912464178612,-9.987381696834406,-9.990442577138847,-0.00015834102634496166,-9.997271655156032,-9.998221701314101,-6.160486671587586e-05,-9.999288667827635,-9.999904716494793,-1.975031712697886e-06,-9.999933665237036,-9.999980078482285
0,Fp1-F7,0.00020148035601738753,-9.996379923189787,-9.995926592388749,0.00012536227160623984,-9.999506994253975,-9.998754820624338,-4.8169425569068333e-05,-9.999414211782717,-9.999895906038407,-2.642108686316027e-06,-9.999886461048154,-9.999948550602284
0,F7-T3,-0.0010512724866068403,-9.990945662905117,-9.993311025999983,-0.00011232550168628391,-9.999038784480279,-9.999712737490396,-4.709579306990401e-06,-9.99992893198509,-9.99997602777816,-2.282441782780614e-06,-9.999916437683863,-9.99997007506576
0,T3-T5,0.0009262487284353892,-9.99768116090997,-9.99559710127099,-0.00016775235386364728,-9.997031840606812,-9.998038354729994,-0.0002474827211915667,-9.996628822970651,-9.999103650182567,2.0134967940861697e-07,-9.999860533951653,-9.999855802234187
0,T5-O1,-0.0051246231018295995,-9.967117880734238,-9.978648282713355,-0.0006131044064936703,-9.993818091377959,-9.99749671781692,-0.00017352449886164057,-9.997567634222321,-9.999302879210937,-4.533917753816171e-06,-9.999733806814536,-9.999840353881751
0,Fz-Cz,-0.00020458089151007106,-9.999244919783084,-9.999705226788983,-0.00016659802444336813,-9.99863591189656,-9.99963550004322,-2.7556925651901235e-06,-9.999955337073215,-9.999982893998867,-8.050530969635212e-07,-9.99995869037425,-9.999977609122029
0,Cz-Pz,-0.0030234907479442918,-9.988022259134906,-9.99482511331778,-0.0003423347678112198,-9.996985563454448,-9.999039572061315,6.361675648430449e-06,-9.999927647131901,-9.999864030375416,-1.1560911912182992e-06,-9.999944165471042,-9.999971333614036
0,Fp2-F4,-0.0007038238329154559,-9.997010379018086,-9.998593982642145,-3.1265058032286556e-05,-9.999683143816272,-9.999870734164466,-6.48294083632591e-06,-9.999917691226706,-9.999982520635069,-8.220380377310775e-07,-9.99996498298089,-9.999984300874777
0,F4-C4,-2.8956669683700548e-05,-9.99976623234753,-9.99983138485432,-6.777848056438492e-05,-9.999437511467908,-9.999844182351294,-1.493314966247474e-07,-9.99998827052927,-9.999989763844237,-1.489576976229365e-07,-9.999990012556784,-9.999993513062678
0,C4-P4,-0.0008558033935646294,-9.996814770038466,-9.998740327673985,-2.8436814204316714e-05,-9.999759575472387,-9.999930196357614,1.5746542343789574e-06,-9.999999030649972,-9.999983284107628,-1.6374140402939024e-07,-9.999990745071749,-9.999994592994744
0,P4-O2,-0.0037214186248555477,-9.985446988728919,-9.993820180634843,-8.10271787137922e-05,-9.999343839342094,-9.999830002414377,-9.733067123475906e-06,-9.99987743582595,-9.999974766497184,-2.4370956664427137e-06,-9.999915542989546,-9.999972814737708
0,Fp1-F3,-0.0004755100921692783,-9.997901067189817,-9.998970964897198,1.1067649518265732e-06,-9.999957459870242,-9.999950819280532,-4.275911716735679e-06,-9.999937144697931,-9.999979903815099,-7.468920985214104e-07,-9.99996109184004,-9.999978643804356
0,F3-C3,-0.00034771433479883167,-9.99877663486311,-9.999558992116409,5.537260183700353e-06,-10.000006132241605,-9.999972908680503,1.7337442374998582e-06,-10.00000345834785,-9.999986120905476,-5.01088238121977e-07,-9.999973958955314,-9.99998573452891
0,C3-P3,-0.0005531743741894509,-9.997970420758376,-9.999215063100303,1.5544054670505896e-06,-9.999914310208899,-9.999904983776096,-3.7126309605037867e-06,-9.999946504017467,-9.999983630327073,4.589634455472108e-07,-9.999995914643726,-9.999985129002756
0,P3-O1,-0.00011365892220108649,-9.999413016133493,-9.999668748708446,4.280560748246714e-06,-9.9999726184874,-9.99994693512291,-2.078961153618618e-06,-9.999968772641898,-9.999989562253434,-8.738293610878206e-07,-9.999962719836734,-9.99998325482672
0,Fp2-F8,-0.0007922755665881794,-9.996713026883514,-9.998495646908337,-9.12831660030121e-06,-9.999810263200603,-9.999865033100205,-4.158541078143315e-06,-9.999898244824736,-9.999939830235517,-3.882667554278395e-07,-9.999975883204662,-9.999985007473414
0,F8-T4,-0.00057476276506055,-9.997944965281196,-9.999238181502582,-1.8614476707215096e-05,-9.999793778818315,-9.999905465678559,-3.6708537947940165e-06,-9.999942502146626,-9.999979210684574,-3.435992175729665e-06,-9.999883376707793,-9.999964122523922
0,T4-T6,-0.0011068467741158644,-9.995816601340481,-9.998307006582241,3.0833201286048183e-06,-9.999949352627347,-9.999930852706575,-1.5918657768413632e-05,-9.999797847275369,-9.999957033853054,-1.4091366603477845e-06,-9.999943767644007,-9.999976882355526
0,T6-O2,-0.006265599297105175,-9.975315419537965,-9.989413017956451,-7.700512042407639e-05,-9.999353737681794,-9.99981576840434,-6.089567905802668e-06,-9.999929858393301,-9.999990754072359,-3.2239676378522432e-06,-9.999893071099418,-9.999968834338908
0,Fp1-F7,-0.0020542541507883546,-9.990931235330788,-9.995553307170061,8.923433223758995e-06,-9.99975075683939,-9.999697216240047,-4.3690545523683304e-05,-9.999478812425469,-9.999915717880706,-1.757294584734416e-06,-9.999924863490092,-9.999966159912834
0,F7-T3,-0.002726645906682496,-9.987478554780676,-9.99361350807071,1.1099484902301992e-05,-9.999921892725348,-9.999855295815934,-3.832226297019413e-06,-9.999950607173533,-9.999988929436503,-2.9625743395048684e-07,-9.999969382485009,-9.999976344534707
0,T3-T5,-0.004737863784589782,-9.97927930406382,-9.989939497579147,0.0003773741473826918,-10.000374721174612,-9.998110476290316,-0.0006987618947055072,-9.991800356377212,-9.998787975324268,-3.871809019498207e-05,-9.998828794709459,-9.999738669829041
0,T5-O1,-0.00275021292947955,-9.989144379137251,-9.99533235822858,5.7717469469535095e-05,-9.99854259536356,-9.998196290546742,-0.0007036902865694291,-9.991889534986017,-9.998926437851711,-3.0542872736578474e-05,-9.998965296565649,-9.999683054074959
0,Fz-Cz,9.496029436607897e-05,-9.999944690715383,-9.99973103005306,-8.614365743639709e-05,-9.999305840947466,-9.999822702892084,8.227322367248389e-06,-10.000059176931886,-9.999976903708214,-4.290749027054608e-07,-9.99997593769319,-9.999986020953404
0,Cz-Pz,-0.0020789052242854806,-9.991732507003148,-9.99641004375779,1.1326217879605286e-05,-9.999784657365641,-9.999716700058363,-2.4807324327075384e-05,-9.999714155752981,-9.999962228996251,-1.819720274181865e-06,-9.999903368718481,-9.999946132144924
0,Fp2-F4,-0.0009649387208734339,-9.996221090875645,-9.99839220299761,-4.070578482010723e-05,-9.999534618005002,-9.999778852713924,8.164047459359568e-07,-9.999989794541378,-9.999981630493918,-1.2168066048540637e-07,-9.99998526017233,-9.999988119667853
0,F4-C4,5.4681042462413896e-05,-9.998859119703807,-9.998736087358267,1.6423358524038093e-07,-9.999981592117464,-9.999980606715953,-1.2058409000704078e-05,-9.999851499875945,-9.999972083965952,-1.318756099819068e-07,-9.999988570147538,-9.999991669224373
0,C4-P4,-0.0008491750364053496,-9.996811196892274,-9.998721840724187,1.8670561214412893e-05,-10.000041619319122,-9.999929595951835,1.0829594102997908e-06,-9.999979626131275,-9.999968796537171,-3.652452841592251e-07,-9.9999844943309,-9.999993077595077
0,P4-O2,-0.003998845720545533,-9.984688938336774,-9.993686341208,8.488913869012849e-06,-9.999883939441917,-9.999833005958703,-8.035075097669596e-06,-9.999828518146023,-9.999908868897,-2.3128197571975926e-06,-9.999920444135359,-9.999974795399654
0,Fp1-F3,-0.00017043458365959354,-9.998798210333375,-9.999181688146608,-6.498351806869782e-05,-9.999247486634795,-9.999637387743208,-3.2917638611323846e-05,-9.999585454334781,-9.999914630720895,-1.1894833052464184e-07,-9.999972429160163,-9.999975224445931
0,F3-C3,-0.21803479393421363,-9.063935697397875,-9.554513983749857,0.00019842417989680036,-9.995448008644075,-9.994257463564695,-0.0010104544771041893,-9.986844622106112,-9.996949166877155,-1.5890441441064853e-05,-9.999496761599465,-9.99987018697333
0,C3-P3,-0.22763045057708156,-9.023063128750243,-9.535231642548677,0.0008316911205499992,-9.998527189001594,-9.993537042278295,-0.0008392706494713151,-9.98871166785433,-9.997104374349044,-1.9945525647797617e-05,-9.999367222082194,-9.999835941934917
0,P3-O1,-0.00044638394957340955,-9.99821724040432,-9.999221604290861,-1.4209566516331266e-05,-9.999867837065189,-9.999953094464287,1.6546462346394965e-06,-10.000005209779676,-9.99998866331733,-1.1587812390165617e-06,-9.99995822233398,-9.999985453693096
0,Fp2-F8,-0.0005583262875311309,-9.9978750483956,-9.999131282542544,-5.996723124621621e-05,-9.9995272851519,-9.999887088539378,-5.933645457431367e-07,-9.9999605645661,-9.999966498211558,-2.2324558789093008e-07,-9.999975732028336,-9.999980978299652
0,F8-T4,-0.0004273106895710594,-9.998430437604217,-9.999391886655753,7.230795156302116e-06,-10.000030507919575,-9.999987123148637,2.286289345285373e-06,-10.000013313708054,-9.999990450814602,9.32969472584687e-07,-9.999983873556642,-9.999961948774036
0,T4-T6,-0.0007822838071690932,-9.997062804797737,-9.998822943363868,1.9087281425913757e-05,-10.00005745493975,-9.999942931251194,-7.596609512072411e-07,-9.999920903811566,-9.999928500421078,-2.1808530139136803e-06,-9.999914201018733,-9.99996545106456
0,T6-O2,-0.0038336619293024574,-9.985487809666587,-9.994113549007517,9.954954009454514e-05,-10.00009462189664,-9.999497324656073,-1.715334319774993e-05,-9.999715904241702,-9.99988743767368,-1.4043386344762536e-06,-9.999947886244927,-9.999980888202836
0,Fp1-F7,-0.0002573474180939542,-9.997198906699712,-9.997777938390422,-1.8936766185540373e-05,-9.999663772047276,-9.99977739264439,-1.836291064184276e-05,-9.999740837429291,-9.99992446653571,-8.16761524678747e-07,-9.999952184183533,-9.999971378079362
0,F7-T3,-0.002042731718490274,-9.990194982063727,-9.99479112843033,-0.0001377473915182874,-9.998952929401597,-9.999779413750707,-3.024032165124794e-07,-9.999965669691445,-9.999968693723611,-1.578411575547827e-06,-9.999945451338972,-9.999982544010997
0,T3-T5,4.678366410291341e-05,-9.998665315104258,-9.998560051860027,0.0002581944913740412,-9.994863758900198,-9.993314591951954,-8.861581983453105e-06,-9.999394480569613,-9.999483096389447,-1.8987244281808828e-05,-9.999335955585451,-9.999782155826074
0,T5-O1,-0.0002808423830967411,-9.994044148622683,-9.99467604398465,0.00028766876810425656,-9.9959064171017,-9.994180404493076,4.02814979601588e-05,-9.99973069474053,-9.999327879760928,-1.575431974991357e-05,-9.99938425582411,-9.999754482338233
0,Fz-Cz,-0.030289984294639458,-9.890166145444686,-9.958318610107625,-0.0005280959293625209,-9.99586304801934,-9.999031623595515,-3.670415197864562e-05,-9.999474624857271,-9.999841666377057,-1.2168675195711558e-06,-9.99995036613017,-9.99997896251688
0,Cz-Pz,-0.04553105464966161,-9.824395041435798,-9.926839914397537,-0.0025522880497274936,-9.979731186497053,-9.995044914795418,-5.7868613608026513e-05,-9.999180105854174,-9.999758791990255,-6.684673450326869e-06,-9.999759889419462,-9.999916979245544
0,Fp2-F4,-0.00025314800118718655,-9.99900268342043,-9.999572266423101,-1.0263286774324554e-05,-9.999819595942629,-9.999881175663274,-6.293081875906168e-06,-9.999920807737452,-9.99998373855621,-4.028580775766741e-07,-9.999981316276115,-9.999990783440937
0,F4-C4,-0.0005780759791744177,-9.99775977705313,-9.999060448006272,1.1084123915201702e-05,-10.00003853309888,-9.999972028355389,1.7243423330355607e-06,-10.000003434187786,-9.999986190764455,-3.2112711639979914e-08,-9.999991175125484,-9.999991929774207
0,C4-P4,-0.0004332226031745306,-9.998239499043176,-9.99921424990032,-1.3492026526024823e-05,-9.999865200430262,-9.999946152589418,-5.336196445646484e-06,-9.999937430414052,-9.999990792378508,2.537798086225047e-07,-10.000000233513308,-9.999994269687805
0,P4-O2,-0.00039625081921696446,-9.998291154691527,-9.999182719034765,1.3738335567678226e-05,-10.000009814270717,-9.999927384257312,-9.485660216173623e-06,-9.999868601703072,-9.999963458305235,-5.922517415939781e-07,-9.999963985214963,-9.99997790313089
0,Fp1-F3,-7.879701286197904e-05,-9.999663376101305,-9.999840669380244,3.617085833176079e-05,-10.000089689959946,-9.999872664809956,-1.972107619652657e-05,-9.999742228137528,-9.999939438899494,-1.0476024787079588e-06,-9.99994951782541,-9.99997413648366
0,F3-C3,-0.011111956958779918,-9.962376763563654,-9.98737866672091,-7.107523736083446e-05,-9.999406269951749,-9.999832721375913,-3.2019649313951e-05,-9.999606172826217,-9.999926369319358,-1.1775558933259907e-07,-9.999985939833186,-9.999988707089535
0,C3-P3,-0.010057923875671832,-9.965847903785372,-9.988478232505633,-6.821175354441872e-05,-9.999431831953155,-9.999841102474422,-7.564204737819791e-05,-9.999084892904051,-9.999841313377832,-1.330827009133855e-07,-9.999981117911066,-9.999984245354538
0,P3-O1,-0.0005150235471519919,-9.998022525009459,-9.99918132799055,4.8987554989947976e-06,-10.00000823727559,-9.999978844742596,-2.5925069835303823e-05,-9.999680665605695,-9.999939916304047,-4.904097379875011e-07,-9.999965263563853,-9.999976788192695
0,Fp2-F8,-9.58927183138596e-05,-9.999627713994203,-9.99984347261041,-1.9166285181032336e-05,-9.999744348704137,-9.999859346415224,-1.6572088069758937e-05,-9.999806015176908,-9.999971736057606,6.165416440370077e-07,-10.00000322732075,-9.999988738592116
0,F8-T4,-0.00019100706061934262,-9.999222816019474,-9.999652581905867,-8.548501273197117e-06,-9.999899896745506,-9.999951187753144,-1.1251459137239102e-05,-9.999845729334817,-9.999958243926189,-1.9339942541597916e-06,-9.999917603150152,-9.999963052015124
0,T4-T6,-0.0009455621761705196,-9.996236921279667,-9.99836443617605,-1.0115361630450893e-05,-9.999907522823799,-9.999968214993581,-1.1391834449696329e-05,-9.999856959549307,-9.999970877893803,-2.0076337114737913e-06,-9.999932457743997,-9.999979637136216
0,T6-O2,-0.0010803897853580288,-9.995609103130514,-9.998039980147569,2.0363644727584594e-05,-9.999995786307123,-9.999873604438758,-1.1289808099323727e-05,-9.999853112951188,-9.99996601103218,-1.0148931463570317e-06,-9.999957293518804,-9.999981143507744
0,Fp1-F7,-0.0015340033935853888,-9.994351490135887,-9.997802997771455,4.962061018569914e-05,-9.999892051099048,-9.999594327437933,-9.494611084351157e-05,-9.998865261222987,-9.999814722331422,-5.64710582991028e-07,-9.999950535544684,-9.999963806243384
0,F7-T3,-0.0004947315921365135,-9.998055907587334,-9.999169053669641,6.751197186174416e-05,-10.000147704358909,-9.999742632527738,-2.2236159472412813e-05,-9.999705789282903,-9.999928150877627,-9.86985243380854e-07,-9.999962171380808,-9.999985365534029
0,T3-T5,0.000553283751064105,-9.99887787144252,-9.997632983002626,0.0007348990446972041,-10.00229619492849,-9.997886800660307,-0.00026826012833730013,-9.996525950139551,-9.999208551422925,-1.454549370943542e-05,-9.999207403480128,-9.9995492225823
0,T5-O1,0.00023964555300773444,-9.998105549963944,-9.997566347469677,0.000958899265203373,-10.003030319527072,-9.997276923935852,-0.00018810373775525864,-9.997540212214679,-9.999421249592231,-1.0659687983873085e-05,-9.99935174544702,-9.999602248114641
0,Fz-Cz,-0.0016675024692639623,-9.993276821758874,-9.997028702314719,-9.17104416770618e-05,-9.999304633650414,-9.999854896300477,4.4931862677178865e-06,-9.999990211305455,-9.999945279442779,-7.21403683442426e-07,-9.999968634870172,-9.999985587856733
0,Cz-Pz,-0.0003602550268202878,-9.998580879972586,-9.999391453782932,6.463249464298465e-05,-9.999822114547795,-9.999434319579937,-1.5598567964394566e-06,-9.999938236209747,-9.999953834777711,-1.6173662298319973e-07,-9.999965892172767,-9.999969692983408
0,Fp2-F4,-0.00031856564194456265,-9.998684838747812,-9.999401611442186,-1.5654677242838506e-06,-9.999941237850587,-9.999950630656933,-9.827991351702854e-06,-9.999885534035979,-9.999983813949497,-1.0223510535189834e-07,-9.999988875318802,-9.999991277843778
0,F4-C4,3.404910683208471e-05,-9.999999658533202,-9.99992304804283,-8.913972643837865e-05,-9.999279202491607,-9.999814040850238,-4.19130461976244e-06,-9.999939768756873,-9.999981681803071,-9.948599941505056e-07,-9.999965124451943,-9.999988503661806
0,C4-P4,-3.4832572464675776e-05,-9.998814832977796,-9.998893206265842,1.5932350879758916e-06,-9.999973851813005,-9.999964292402478,-7.86280183731002e-06,-9.999907305146822,-9.999985933165195,-3.8457284234366207e-07,-9.99998075802005,-9.999989795481845
0,P4-O2,-0.000332973113475941,-9.998404833912264,-9.999154023417585,-0.00021052116948214156,-9.998246291115297,-9.99950941813219,-6.990355615577892e-07,-9.999902018041377,-9.999909008396992,-1.1879468198360185e-06,-9.999955071271764,-9.99998298802203
0,Fp1-F3,0.0015429880494275499,-10.000634950995156,-9.997163227883945,-0.0012603744676682046,-9.989314474986044,-9.996876721792052,-0.0003496344467144209,-9.9959573013737,-9.999453645840845,-3.5090720600670065e-06,-9.999868791059818,-9.99995125425323
0,F3-C3,2.1132023671284707e-05,-9.999648928556205,-9.999601381502945,-0.00017692672422364375,-9.998534542168828,-9.99959610251417,-3.83781810608637e-05,-9.999502402155853,-9.999886183966462,-2.248910614785224e-06,-9.999921503477575,-9.999974352877022
0,C3-P3,0.0003660040536412338,-9.999539930257312,-9.998716421136619,-0.00012543287721361915,-9.998718287385158,-9.999470884648439,-7.188022378481067e-06,-9.99988809077097,-9.999959970994755,-2.3773042835287339e-07,-9.99997856147586,-9.999984148140927
0,P3-O1,-2.9481979580864745e-05,-9.999473649593316,-9.999539984047374,-1.321259784365963e-05,-9.99981081404832,-9.999890089635382,-5.914780816061997e-06,-9.999916792747806,-9.999975940555967,-4.972306041749181e-07,-9.999977188435063,-9.99998887335426
0,Fp2-F8,-0.000617392211816883,-9.997594900104586,-9.998984032581173,-9.349353170415042e-06,-9.999830102027852,-9.999886198146875,-2.624743196034794e-06,-9.999956559814722,-9.999982807246683,-6.111864810919519e-07,-9.999974589490407,-9.999988952372712
0,F8-T4,-0.0003462747666691151,-9.998463176125455,-9.999242294350461,-9.059278390827033e-05,-9.999208002217152,-9.999751558920602,5.558131692347668e-06,-10.00001079060932,-9.999955209292397,-5.877937040293909e-07,-9.999958256429085,-9.99997206958113
0,T4-T6,-9.370024088828308e-05,-9.998946955179981,-9.99915778072198,-5.331291379509338e-07,-9.999941094313627,-9.999944293088454,-3.958590755760694e-06,-9.999931382565311,-9.99997096847287,-9.054321856930196e-07,-9.999958804016776,-9.99998008167314
0,T6-O2,-9.725100088305538e-05,-9.999093735970858,-9.999312550722845,-0.0003706001560477657,-9.996933713171725,-9.999157314108011,-2.8630266928045477e-06,-9.99984801626335,-9.999876646530279,-1.2235135388199279e-06,-9.999948050620517,-9.99997680318868
0,Fp1-F7,0.04647629661144838,-9.711075258479505,-9.606503591103747,-0.08999010101470951,-9.332705634628912,-9.872646240717168,0.0032393380757447274,-10.010904577582728,-9.97851119682528,-0.0004087136165477204,-9.986552099337242,-9.996156869326114
0,F7-T3,0.02872790780698313,-9.673551479243388,-9.608913686677676,-0.08390311715040963,-9.377069490799428,-9.880488193701886,0.003968948783799523,-10.018645520913061,-9.978956033075066,-0.0004327807040245214,-9.985841774083212,-9.996012120627789
0,T3-T5,-0.0012003892736611249,-9.994170207051688,-9.996871082917426,-0.0009087586110774207,-9.990856167352776,-9.996308719019241,-0.00027622245706790383,-9.995476808497909,-9.998239033068588,-4.724701981949076e-05,-9.99850144263633,-9.999611747602088
0,T5-O1,-0.0008410425323416848,-9.99643407752851,-9.99832642322628,-0.0003517706893083432,-9.995294821468338,-9.997405445604189,2.036134306311447e-05,-9.998969463480938,-9.998765850050306,-4.1864493006179356e-05,-9.99870810082149,-9.999691916407135
0,Fz-Cz,-2.82839636984787e-05,-9.99945701619077,-9.999520655109091,-0.00012837535941038943,-9.998999137018053,-9.999769389174515,-1.5493927299670358e-05,-9.9998063867428,-9.999961326015798,2.91976567562463e-07,-10.000000260461857,-9.999993399012519
0,Cz-Pz,0.0002392362178648929,-9.999565019593216,-9.999026738103021,-8.82263673777613e-05,-9.999335816406328,-9.999865174610594,1.7247854717240736e-05,-10.00013042336858,-9.999957944821407,-2.5206116277424206e-06,-9.999858564822832,-9.999917799196083
0,Fp2-F4,-0.0012261884804692649,-9.993623678042859,-9.996382602123914,-0.002936305024132062,-9.977459710435658,-9.99507754058045,5.2353314578453285e-06,-9.99996565919469,-9.999913305880112,-5.835506639322857e-07,-9.999972445433405,-9.999986158874007
0,F4-C4,0.0007269197290754901,-9.998393094050588,-9.996757524660168,-5.795273192553975e-09,-9.998980137003151,-9.998980171774791,-7.895184848123588e-05,-9.998863798942123,-9.999653317426935,-3.061108710520604e-06,-9.999899673667395,-9.999971609722092
0,C4-P4,-0.003457481780033943,-9.978299644155642,-9.98607897816072,-0.0028607780624570387,-9.977462456566444,-9.994627124941186,-8.143699106727279e-05,-9.998944863095021,-9.999759233005694,6.50380682771858e-08,-9.999991128341673,-9.99998959994707
0,P4-O2,-0.0014033968657142383,-9.989151520797797,-9.992309163745654,-0.0017461243575855768,-9.985786206533952,-9.996262952679466,0.0001432271211374533,-10.001146530418891,-9.999714259207517,-3.9934016705852355e-06,-9.999859711740621,-9.99995355667988
0,Fp1-F3,-0.0012900215347752143,-9.993203247681,-9.996105796134245,0.00012333520678254006,-10.000344033416164,-9.999604022175468,-0.00010593730333928972,-9.998757321200825,-9.999816694234218,-4.31075826290899e-06,-9.99984126897142,-9.999942571790598
0,F3-C3,-0.010401137469958261,-9.940031034690952,-9.963433593998358,-0.006869212944260278,-9.944459672230414,-9.985674949895975,-4.316660571611758e-05,-9.9992622584075,-9.99969392446466,-3.607768234917634e-06,-9.99986218765446,-9.99994697020798
0,C3-P3,0.005702815768970791,-9.988938085744104,-9.97610675026392,-0.015279735172689527,-9.879665403607316,-9.971343814643452,-0.0002280421244391073,-9.997178260275184,-9.999458681519576,-5.253707974027095e-06,-9.999828187376275,-9.999951649513665
0,P3-O1,0.0009417127700478237,-9.997665168795079,-9.995546315062471,-0.002400691824679453,-9.98105758149446,-9.995461732442536,-0.0001441454206786625,-9.998147854839221,-9.999589309046007,-1.573906717163204e-06,-9.999938934555718,-9.999975921363571
0,Fp2-F8,-0.002094462306336628,-9.992037130443917,-9.996749670633175,-0.0011281398192132435,-9.990918030149924,-9.997686869065204,-3.925416443785755e-06,-9.999849290448452,-9.99988854461289,-1.3969246837654332e-06,-9.999945793049415,-9.999978620779483
0,F8-T4,0.0012929140679140644,-9.992687888315217,-9.989778831662411,-0.000204332961466735,-9.996350897368549,-9.99757689513735,-2.9736221508370973e-05,-9.999430245523685,-9.99972760773877,-5.813185975090532e-06,-9.999811605570232,-9.999948215440646
0,T4-T6,-0.005760215383930484,-9.969280840393953,-9.982241325007797,-0.0024478098382258165,-9.97837025479264,-9.993057113821996,-6.742309788024698e-05,-9.999035270593698,-9.9997095015725,-4.42295823323155e-07,-9.999971186102595,-9.999981580054444
0,T6-O2,-0.0015126468775817793,-9.982336971805003,-9.985740427279563,-0.004780010859809283,-9.961009999233184,-9.98969006439204,0.00016678278246394618,-10.001224088817214,-9.999556260992573,-4.492002723275471e-06,-9.999833932332653,-9.99993949439665
0,Fp1-F7,-0.08922437550293427,-9.5818571752734,-9.782612020155003,-0.05164120081658383,-9.608030988997704,-9.917878193897208,0.0006510590959825163,-10.000077860619765,-9.99356726965994,-0.00022725465410033968,-9.9921592799972,-9.997499764368557
0,F7-T3,-0.08485659334729066,-9.589202091606662,-9.780129426638066,-0.0425123184439105,-9.68044576858623,-9.935519679249692,0.0005131982720848868,-10.000528416322405,-9.995396433601556,-0.00018439323799675214,-9.993272761055911,-9.997606002148835
0,T3-T5,-0.01747670315489628,-9.93279262596689,-9.972115208065407,-0.003898486504435254,-9.968200854903992,-9.991591773930605,-8.964329342363391e-05,-9.997817478614662,-9.998713911548899,-9.918226532475655e-06,-9.999583339213212,-9.999816417536724
0,T5-O1,-0.001947223335382727,-9.989565247857563,-9.993946500362174,0.0010387633893300125,-10.000458383443128,-9.994225803107147,-0.0005436775750263195,-9.991702034572542,-9.997138810322806,-6.722989729027835e-06,-9.999691669564381,-9.999849659823013
0,Fz-Cz,-0.002143631590986982,-9.988822243651756,-9.993645414731477,-5.1948065898655806e-05,-9.998965375985133,-9.999277064380525,2.5554711386638596e-06,-9.999910144101978,-9.999884589390591,-1.1454914586067467e-06,-9.999957018943757,-9.999983937993035
0,Cz-Pz,-0.000916289910114841,-9.996206491615192,-9.99826814391295,-0.0007155013838023789,-9.99209586739262,-9.996388875695436,-4.759178455750582e-05,-9.999207233547038,-9.999683151392613,-3.904306456199405e-06,-9.999850329500854,-9.999942080702574
0,Fp2-F4,-0.006379522072542219,-9.967570717898747,-9.981924642561967,-0.0029702453388698643,-9.974269632515512,-9.99209110454873,-0.00035668158172401696,-9.994906157166472,-9.998472972983713,-3.3770509772709936e-05,-9.999005655649635,-9.999799262629294
0,F4-C4,-0.03057419240642142,-9.868041968482656,-9.936833901397105,-0.009694742750407062,-9.904463880935735,-9.962632337438178,0.0006767690083228724,-10.00187699678972,-9.995109306706492,-1.6701649542476353e-05,-9.999488513620458,-9.999881002384706
0,C4-P4,-0.0024819949668015333,-9.989028901291604,-9.994613389966908,-0.0013073035944848532,-9.987131562285287,-9.994975383852196,-8.590264170320663e-06,-9.999305475366029,-9.999391378007733,-1.313074491746141e-06,-9.99995273759693,-9.999983594847485
0,P4-O2,-0.0005128867037558705,-9.988721574729817,-9.989875569813268,-0.0048709910090262145,-9.958449787022099,-9.987675733076257,9.403220763676433e-05,-10.0006048196611,-9.999664497584734,-1.4454168434718791e-05,-9.999547368064851,-9.999887041023067
0,Fp1-F3,-0.025492969670872626,-9.851485203733233,-9.908844385492696,-0.013331174321291503,-9.898417675747309,-9.978404721675059,0.0012353530083186641,-10.00865310730732,-9.996299577224132,-0.00034249575611705195,-9.989923980935725,-9.997972631204476
0,F3-C3,-0.12800144548739736,-9.495502978022607,-9.783506230369252,-0.019064848374097255,-9.844019779909809,-9.958408870154393,0.000127608208364594,-10.000856095253631,-9.999580013169986,-0.00025163423639402397,-9.992333469750283,-9.998246874305543
0,C3-P3,-0.0032318036650274074,-9.982599561941303,-9.989871120187615,-0.004809153343415366,-9.96207681938553,-9.990931739446022,-0.00017509197152841926,-9.99706723482763,-9.998818154542915,-2.1303332151154006e-05,-9.999364288225026,-9.999864916530578
0,P3-O1,-0.05913454432346093,-9.75782662374169,-9.890879348469477,-0.008694492170902948,-9.931230181257101,-9.98339713428252,-0.00032439568546863324,-9.995712237220511,-9.998956194075197,-2.5084731369973073e-06,-9.99990403918273,-9.99996298830145
0,Fp2-F8,-0.020535251749489048,-9.904233497010884,-9.950437813447234,-0.011243792056078273,-9.893586394574418,-9.961049146910888,0.00018048709689095702,-10.00036741109349,-9.998562540124581,-1.7332588914234716e-05,-9.999458877645187,-9.999866193484673
0,F8-T4,-0.002351275333277814,-9.985438436505293,-9.990728806005167,5.646225766665149e-05,-9.99885017347976,-9.99851139993376,-5.071593079711163e-06,-9.999201605301264,-9.999252321232062,-1.1852621061593391e-05,-9.999622572341918,-9.999901108936866
0,T4-T6,-0.0006855705857159096,-9.993504679175956,-9.995047212993818,-0.0011965520825486142,-9.98842913071117,-9.99560844320646,-7.973000794555869e-05,-9.998116732247665,-9.99891403232712,-1.1161086193285538e-05,-9.999651445979561,-9.999913731505103
0,T6-O2,-0.0013677240966875129,-9.990211221378951,-9.993288600596498,-0.0067312420445214925,-9.947637231809399,-9.988024684076528,-0.00014183678999650756,-9.997884201423563,-9.999302569323529,-2.8587586567609096e-05,-9.999111872905248,-9.999783681189587
0,Fp1-F7,-0.03143322752262173,-9.807297020261252,-9.878021782187151,-0.04778495388660225,-9.535569779418912,-9.822279502738526,-0.003204819093546077,-9.92164951655142,-9.953697707486882,-0.0007122128908476899,-9.978109049541352,-9.994846052476273
0,F7-T3,-0.11200970388023825,-9.53497034827703,-9.786992182007566,-0.01074584278097627,-9.859312300589608,-9.923787357275465,0.0009528899048902161,-9.978673045317946,-9.969144146269043,-0.0005674185527825911,-9.982451317940873,-9.995785653931264
0,T3-T5,-0.07217376681689132,-9.721581150782765,-9.88397212612077,0.0003240624149105926,-9.994147867191268,-9.992203492701805,-0.0008304086717114135,-9.989024987926298,-9.997329074643412,-6.923629349915403e-05,-9.997838474059371,-9.999465526956602
0,T5-O1,-0.09035162579860048,-9.65007461626801,-9.853365774314861,-0.003946092466231628,-9.964499444165163,-9.988175998962554,-0.00029380957750105145,-9.995905543514613,-9.998843639289625,-2.287703041911726e-05,-9.999211058321398,-9.999748668536247
0,Fz-Cz,-0.28743708553256814,-8.48273790458477,-9.129471347033048,-0.1249529202481235,-8.735511097558549,-9.48522861904729,0.006753252086814548,-9.89048547710351,-9.822952956235365,-0.001937956645215776,-9.940591762253714,-9.986133743416284
0,Cz-Pz,-0.013135808141259997,-9.903924519579485,-9.93348008789732,-0.025113097754244727,-9.797690966171498,-9.948369552696967,0.0014095953276396728,-10.005505330445105,-9.991409377168708,-3.7041683490627993e-05,-9.998840590523864,-9.999711070085894
0,Fp2-F4,-0.03653680161603278,-9.868024083469317,-9.95023188710539,-0.0017402023798188486,-9.972256471190736,-9.982697685469649,-0.0002644267194454562,-9.99506016069987,-9.997704427894325,-8.091824634279213e-05,-9.997643232090185,-9.999544810879241
0,F4-C4,-0.06384141972173019,-9.735572088673434,-9.879215283047326,0.0006082462546231131,-9.945195382869539,-9.9415459053418,-0.0005143246609083044,-9.99367938636226,-9.998822632971343,-5.5292333667527675e-05,-9.998355340000762,-9.999654709841948
0,C4-P4,-0.005200596077500814,-9.972970768571349,-9.984672109745725,0.00186660635006926,-9.979396505318144,-9.96819686721773,-9.39260990314949e-05,-9.99857269466245,-9.999511955652764,-0.00010734917726403705,-9.99684764315922,-9.999370348824925
0,P4-O2,-0.07054039349064563,-9.73160067087068,-9.890316556224633,-0.004426119774937807,-9.949867706859976,-9.976424425509602,-0.0002961943839531439,-9.995349452581529,-9.99831139642106,-9.590875077268217e-05,-9.997228433122466,-9.999482288765623
0,Fp1-F3,-0.06054412896251853,-9.792584215427802,-9.928808505593468,0.003371636041404751,-10.004464536980732,-9.984234720732303,0.0005078996460333578,-10.00354890137125,-9.998469904910916,-7.449118886612607e-05,-9.997810878140273,-9.999561421078626
0,F3-C3,-0.003835169702349891,-9.948671963713627,-9.957301095543915,0.003776588251619455,-9.997932146489644,-9.975272616979927,-0.000493422872964862,-9.992835295452075,-9.997769524181724,-4.564379567194345e-05,-9.998489681625946,-9.999562310824237
0,C3-P3,-0.138861362816977,-9.499640124247925,-9.812078190586124,-0.0038826309988414147,-9.92551150610054,-9.948807292093587,0.00048186622813039826,-10.001788523599412,-9.996969861318108,-5.4406792738364394e-05,-9.998351388830343,-9.999629948459695
0,P3-O1,-0.06558097661189967,-9.762325020340228,-9.909882217717001,-0.0017677782673231619,-9.98035720973793,-9.99096387934187,-5.6701438727459376e-05,-9.999017942752506,-9.99958495713978,-1.4760180734412375e-05,-9.99953195416964,-9.9998788184169
0,Fp2-F8,-0.023121479794487407,-9.873693767672249,-9.925717097209846,-0.009585211358250667,-9.917884807851223,-9.975396076000727,0.00025497797734424154,-10.000568338684868,-9.998018558911426,-3.174395580909111e-05,-9.999060751519806,-9.99980673448132
0,F8-T4,-0.0778578165710104,-9.713368248144684,-9.888548335429459,-0.001188137695800297,-9.990906421176017,-9.998035247350819,-0.0002803586959499585,-9.995519084453765,-9.998322671413264,-2.194315470499353e-05,-9.99933470905791,-9.999850373193478
0,T4-T6,-0.00023558174166832962,-9.993799304143202,-9.994329363061956,-0.002268175674255897,-9.982592336897188,-9.996201390942723,2.3339290236577703e-05,-10.000077041114135,-9.999843648211769,-1.1030733318242441e-05,-9.999646886891394,-9.999906109124373
0,T6-O2,-0.03838702701778017,-9.859878260742288,-9.946249071532293,-0.0026678153692686565,-9.97648816303661,-9.992495055252222,-0.00046975282530279554,-9.993977784305185,-9.998675312558213,-3.31611271988973e-05,-9.998999744523571,-9.999779031012745
0,Fp1-F7,-0.04310859998947587,-9.841258825338366,-9.938253175314687,-0.04308114746861131,-9.645948488322054,-9.90443537313372,-0.001568385626552903,-9.961293318436232,-9.97697717470176,-3.2570726557467464e-05,-9.998008523005534,-9.998773935079635
0,F7-T3,0.004942106419372984,-9.993452553690263,-9.982332814246673,-0.054358099921472544,-9.559334383811136,-9.88548298333997,-0.0012521003707343789,-9.958855158744376,-9.971376162451719,-1.9849855071992957e-05,-9.998187003816954,-9.998653475411146
0,T3-T5,-0.11400469534086109,-9.586938186325751,-9.843448750842688,-0.0035832764634138275,-9.97032799958075,-9.991827658361233,-0.0011452927789435375,-9.985784072116079,-9.997236999905514,-5.966006481165885e-06,-9.999721304732757,-9.999861505885065
0,T5-O1,-0.0973561526485937,-9.654666284178465,-9.8737176276378,-0.00018152640382085268,-9.996156823679165,-9.99724598210209,-0.00040111639391940846,-9.994580798390327,-9.998591962329522,-1.2295175163668999e-05,-9.99950224826196,-9.999791184878307
0,Fz-Cz,0.059153065922489395,-9.87542506171788,-9.742330663392279,0.0254298817468796,-9.541671857237015,-9.389092566755737,-0.010662276412182734,-9.841023430684258,-9.947646194806085,-0.005259585036243926,-9.841243819079796,-9.964844067431528
0,Cz-Pz,-0.08860118174534796,-9.490334909911082,-9.689687568838115,0.017482192215044896,-9.548273114208286,-9.443379960918016,-0.00927924699561132,-9.862958079089577,-9.955750549045689,-0.005492325711706342,-9.83433277466764,-9.963402428892739
0,Fp2-F4,-0.003420674531727274,-9.980133044036846,-9.987829561733232,0.0024736763960546697,-10.001840957460411,-9.986998899084083,0.0004136425451189186,-10.00240718521563,-9.99827075976444,-1.605623076401723e-05,-9.999528052595828,-9.999905374018782
0,F4-C4,-0.0032125069791274228,-9.978504848358577,-9.985732989061614,-0.002724410799951684,-9.970889003594435,-9.987235468394145,0.0014233458741820058,-10.007785325736524,-9.993551866994704,-7.005999817033035e-05,-9.99782010349238,-9.999466513449383
0,C4-P4,-0.01549010005466743,-9.932120572933993,-9.966973298056995,0.0018221434385774843,-10.004968774119972,-9.994035913488506,0.0007060605925229641,-10.003733398338497,-9.996672792413268,-1.8013697946105744e-05,-9.99945274866272,-9.999876070564452
0,P4-O2,0.00024385551702782638,-9.992748964989886,-9.992200290076573,0.0004805668961540077,-9.999498910073475,-9.996615508696552,0.0005514122081639196,-10.001862864591427,-9.996348742509788,-1.5814052925788844e-05,-9.999473977579408,-9.999845607823163
0,Fp1-F3,-0.0181138822506279,-9.928050604703744,-9.968806839767657,0.0024422802867928913,-10.003978929767477,-9.98932524804672,0.00033814862402511265,-10.00110668712996,-9.99772520088971,-4.489655866385065e-05,-9.998603310084562,-9.999658379213162
0,F3-C3,-0.07178690029702232,-9.738141889842993,-9.899662415511292,0.010968545293646893,-9.997223134690376,-9.931411862928496,-0.0017063378434165424,-9.971972342585342,-9.989035721019508,-5.868137763870965e-05,-9.998245759673685,-9.999624772048195
0,C3-P3,-0.02660579711065618,-9.883640311717446,-9.943503355216423,-0.008578970396347634,-9.91890506288745,-9.970378885265536,-0.0009977081070207093,-9.984730498503293,-9.9947075795735,-0.00015092550414345137,-9.99558653130998,-9.999133280657352
0,P3-O1,-0.015688243970793228,-9.944817751679645,-9.98011630061393,-0.00106651363014425,-9.989549126806095,-9.99594820858696,-0.0002155227530574089,-9.99714001524306,-9.999295242773634,-5.077105575620284e-06,-9.999828917279308,-9.999948229260335
0,Fp2-F8,-0.001427650773440793,-9.977007290838513,-9.980219505078754,-0.010290722761624111,-9.900585567381123,-9.962329903950868,-0.0017774578777777384,-9.977053694663633,-9.99482827344141,-0.00012623140031728491,-9.996045457784266,-9.999011895691723
0,F8-T4,0.0022428167481106744,-9.969559632295724,-9.964513294612475,-0.013499004505812913,-9.879427965397214,-9.960421992432092,0.00027045029066839906,-10.001794106336224,-9.999089603429539,-5.492387793960247e-05,-9.99825750350025,-9.999548214631831
0,T4-T6,-0.002163372248772171,-9.990270568097342,-9.995138155657079,-0.014654081582805427,-9.870602070661619,-9.958526560158452,-0.0012311861096909625,-9.983252482002351,-9.995564343099261,-8.46851402904656e-05,-9.997504336844068,-9.999494437640895
0,T6-O2,-0.009244524539216792,-9.96517611016122,-9.985976290374458,-0.0005576056000431795,-9.994094152422637,-9.997439786022897,-0.00013138049510876874,-9.99779653024627,-9.999110335197358,-9.865068050353179e-06,-9.999691474240816,-9.99992330334
0,Fp1-F7,-0.012288188830092318,-9.92277087681962,-9.950419301687328,-0.004990636420854484,-9.960503827572076,-9.990447646097202,-1.8890790154069335e-05,-9.99917237288468,-9.99936128078622,-8.148833463950756e-06,-9.999745217538528,-9.999936715124932
0,F7-T3,-0.022245061999889064,-9.882260020961612,-9.932311410461361,-0.001930139515849465,-9.979250480299333,-9.99083131739443,-0.0005487908507440603,-9.988353385724308,-9.993841294231748,-4.9672406415885376e-05,-9.998461142725557,-9.999628444276329
0,T3-T5,-0.035992435073043366,-9.767394117579096,-9.848377096493444,-0.005215329056321549,-9.953529212495324,-9.984821186833253,-5.1083545652239143e-05,-9.991625101177018,-9.99213593663354,-4.559745116559179e-05,-9.998441841511099,-9.99951338161349
0,T5-O1,-0.029236974802942534,-9.895705660837496,-9.961488854144116,-0.0007859759448116252,-9.989653765251854,-9.994369620920724,-0.001067395022640317,-9.987353372418506,-9.998027322644909,-4.339420668128617e-05,-9.99849954583341,-9.99951930969042
0,Fz-Cz,-0.05822854153484812,-9.658208252751667,-9.789222471205075,0.03889944029992911,-9.91074489805147,-9.677348256251896,-0.021235652199065327,-9.683361081617988,-9.895717603608642,-0.000763739694049054,-9.97705414383918,-9.995002026649333
0,Cz-Pz,-0.08856766951497647,-9.497251687570245,-9.696528943978942,0.007584193450351087,-9.744446151068841,-9.698940990366735,-0.018737734715533652,-9.704170863107507,-9.891548210262844,-0.0009760822839498224,-9.970936283522839,-9.99387421719566
0,Fp2-F4,-0.0017685650242841111,-9.990273894065062,-9.9942531653697,0.001174513986747595,-10.004664211817042,-9.997617127896557,-0.0004317855463945974,-9.995083396183409,-9.999401251647354,-2.6708239886893236e-05,-9.999216061668433,-9.999843705305775
0,F4-C4,-0.0028214470820130343,-9.985978332259277,-9.992326588193807,0.0014628070955538528,-10.000145247079402,-9.99136840450608,-0.00068889577689953,-9.991614889050295,-9.99850384681929,-4.222935560406881e-05,-9.998753920155854,-9.99974631001255
0,C4-P4,-0.0012290048073409993,-9.994192136271218,-9.996957397087735,0.0013518279253193065,-10.005081906257663,-9.996970938705747,-0.00028550977452060437,-9.996375835148005,-9.99923093289321,-3.0430783057393808e-05,-9.999109289522089,-9.999824412923937
0,P4-O2,-0.0013868948740102776,-9.991989226063422,-9.995109739529946,0.0006337911053028127,-10.001868533616216,-9.9980657869844,-0.0005433519532968678,-9.993628610824908,-9.999062130357878,-1.3903646330742953e-05,-9.999586393671159,-9.999913129359932
0,Fp1-F3,-0.013387140375784371,-9.952923185537305,-9.98304425138282,0.000602009298536257,-10.001995926734898,-9.99838387094368,-2.042347649256599e-06,-9.999874637150928,-9.99989506062742,-1.0208587629156394e-05,-9.999667432501507,-9.999907334310793
0,F3-C3,-0.04858823020047932,-9.829212795052305,-9.938536313003384,-0.0004757390098258083,-9.973398700390199,-9.976253134449154,-0.00015701492715346452,-9.997224205758663,-9.998794355030197,-2.477764470724141e-05,-9.999215502013424,-9.999797776664044
0,C3-P3,-0.0010896054315676026,-9.994372785139022,-9.996824397360049,0.0021582576437226353,-10.001523889340874,-9.988574343478538,-9.58656738978112e-05,-9.998393152748026,-9.999351809487004,-2.4920379091555478e-05,-9.999208775322039,-9.999794404230691
0,P3-O1,-0.0014694411626628003,-9.992924516105923,-9.996230758721914,0.0006231832690413671,-10.00266035290747,-9.99892125329322,-0.0002761574273651866,-9.996717815684569,-9.999479389958221,-6.218501065183056e-06,-9.999805757174645,-9.999951891949676
0,Fp2-F8,-0.0012379523194413228,-9.992854122725879,-9.995639515444621,-6.0884666528858814e-05,-9.998975189495162,-9.999340497494336,-0.0004249428176600683,-9.993934319127067,-9.998183747303669,-1.1592731116365013e-05,-9.999646122913152,-9.999918552094387
0,F8-T4,0.00014144003998847282,-9.997488466150735,-9.99717022606076,0.00025185880500864144,-9.996992625732032,-9.99548147290198,-1.4079442198036062e-05,-9.99978951010005,-9.99993030452203,-4.1998006642951985e-06,-9.999839538565368,-9.999938233880979
0,T4-T6,-0.0031142451225012473,-9.984893039242143,-9.991900090767771,6.940890953761209e-05,-9.999484476620799,-9.999068023163574,2.62910213714342e-05,-10.000044817697633,-9.99978190748392,-5.185464196105646e-06,-9.99983264040915,-9.999954498817758
0,T6-O2,-0.0018683608723051577,-9.99154994105926,-9.995753753021946,0.00011728418633704461,-10.00026119808971,-9.999557492971688,-0.00010510392603389076,-9.99861538796123,-9.99966642722157,-5.653031462996684e-07,-9.999967365122263,-9.9999806497462
0,Fp1-F7,-0.0027022443723600086,-9.990401724644649,-9.996481774482458,-3.8106258945996695e-05,-9.996002911543112,-9.996231549096787,3.5157833173271656e-05,-10.000079313490644,-9.999727735158912,-4.352151972644058e-06,-9.999840334402926,-9.999942609974283
0,F7-T3,-0.005463137719252086,-9.976914417378618,-9.989206477246935,-0.00012213663670576766,-9.987508210460746,-9.98824103028098,0.000147480330028652,-10.000769206028306,-9.999294402728019,-1.3969898461566453e-05,-9.99956410888296,-9.999892401496808
0,T3-T5,-0.22558242480476418,-8.950036417615626,-9.457596873426345,0.0002983846158796455,-9.995190800271269,-9.993400492575992,-0.003254300970181679,-9.949558439243,-9.982101448944817,-0.00018599976556078673,-9.994165862361436,-9.998536856852114
0,T5-O1,-0.24744357085767862,-8.888890203243273,-9.44563823767305,-0.0003615634656333443,-9.954727526527376,-9.956896907321177,4.030538187219429e-05,-9.979662826708351,-9.979259772889629,-0.00019245374775754526,-9.994037959308105,-9.998560622380408
0,Fz-Cz,-0.01452943873176427,-9.88370957679363,-9.916400813940099,0.017589786014135102,-10.060449051872572,-9.954910335787762,-0.005394546311705696,-9.937163085458137,-9.991108548575193,-0.0012797827079354292,-9.961682631760874,-9.991757525397357
0,Cz-Pz,-0.0028688592539730866,-9.903905809550457,-9.910360742871896,0.023670806874852252,-10.083319975398808,-9.941295134149694,-0.004596184773254876,-9.945701986462105,-9.991663834194654,-0.0014155884009975693,-9.957909072999819,-9.991175400423261
0,Fp2-F4,-0.00021024764928774702,-9.997966370301116,-9.998439427512013,3.164864443244121e-05,-9.998527530714393,-9.998337638847797,-1.3928380955880629e-05,-9.9998269244974,-9.999966208306958,-4.275421735583251e-06,-9.999856182634753,-9.999956655045539
0,F4-C4,-0.00013300183104970328,-9.998433134518582,-9.998732388638443,-0.00019414029683348976,-9.998127166682687,-9.999292008463689,-3.637908955376919e-05,-9.999503075169116,-9.999866866064654,-3.074079112364654e-06,-9.999903917291558,-9.999976158150698
0,C4-P4,0.0002547114932102838,-9.999838997098436,-9.999265896238713,0.00015666814063333898,-9.999913976570195,-9.998973967726394,1.8856085696933e-05,-10.000121621815305,-9.999933060958336,-3.5639161785772232e-06,-9.99989377226914,-9.999977524299336
0,P4-O2,-0.007675907340263593,-9.9718068895106,-9.989077681026192,-0.00012495083995836662,-9.998407627325513,-9.999157332365263,4.234674433891395e-06,-9.99995575033591,-9.999913403591572,-2.195269405367963e-06,-9.999920763509772,-9.999972352340798
0,Fp1-F3,-0.00032064942120265435,-9.998400127361897,-9.999121588559603,-6.078799586123831e-05,-9.99935997389637,-9.999724701871537,1.2727184469718054e-05,-9.999673963943504,-9.999546692098807,-9.678730053395088e-06,-9.999685381870329,-9.999912832026583
0,F3-C3,0.00037102973762703886,-9.992611236538517,-9.991776419628856,0.00409562134279271,-10.00361666829717,-9.979042940240413,-0.001691965116796326,-9.98036449830949,-9.997284149477453,-5.4528545938263134e-05,-9.998201350903338,-9.999482771732888
0,C3-P3,-0.0013367127486547494,-9.991576377894605,-9.994583981579078,-0.0007787058038768403,-9.980915881092097,-9.985588115915357,-0.0007116397175213856,-9.991180537398481,-9.998296934573695,-8.090862047779204e-06,-9.999733270149074,-9.999923405407197
0,P3-O1,-0.0006639264221228279,-9.996272335627738,-9.997766170077515,0.00042357065050568465,-10.0012522134578,-9.998710789554766,-2.5430889655003952e-06,-9.99992509561729,-9.999950526506945,-4.010046584243246e-06,-9.999867444055958,-9.999961680150689
0,Fp2-F8,-0.0014013852279447189,-9.992371598733596,-9.995524715496472,-0.0007206372188563772,-9.993888892306009,-9.998212715619147,2.645367809715872e-05,-10.000204487592972,-9.999939950812001,-5.143986938321414e-06,-9.999836095193041,-9.999956978886091
0,F8-T4,0.0002746370091837285,-9.998817642332671,-9.998199709062009,-0.0007079144758239576,-9.993409906597458,-9.997657393452402,-9.912988767354201e-06,-9.999706706357536,-9.999805836245208,-4.7197222393512084e-06,-9.999843486850606,-9.999954400323231
0,T4-T6,-0.002121036795089269,-9.99113320387968,-9.995905536668632,-0.0006376568401446364,-9.991800873367563,-9.99562681440843,6.433507556465077e-05,-10.000245791992628,-9.99960244123698,-1.4790210092657488e-06,-9.999945796574583,-9.9999805535683
0,T6-O2,-0.0054444739221458345,-9.979602425559804,-9.991852491884632,-7.911523372957305e-05,-9.99935437302542,-9.999829064427798,1.5009541741736211e-06,-9.99994349095063,-9.999928481408888,-1.4790674993016567e-06,-9.999933809583988,-9.999968567670221
0,Fp1-F7,-0.0022738046249220502,-9.990577924518497,-9.995693984924571,7.17534511752544e-05,-10.000041766075244,-9.999611245368191,-8.060362102649627e-06,-9.999756325861563,-9.999836929482589,-1.8645512005022015e-06,-9.999921559507877,-9.99996537646109
0,F7-T3,0.0006247838714599513,-9.9987680221497,-9.997362258438915,0.0014024463686945967,-10.00299088331341,-9.994576205101243,-0.0005914869255592042,-9.99306269200617,-9.998977561261762,-1.2063441877796436e-05,-9.999573927945653,-9.99985741882978
0,T3-T5,-0.3976607335056243,-8.085449808152255,-8.98018645853991,-0.10844881748788146,-9.110061806873277,-9.760754711800566,-0.02936232527387651,-9.508624240535768,-9.802247493274534,-0.0011580623801008302,-9.951709527469225,-9.978923993401594
0,T5-O1,-0.3828808005955191,-8.098677711061589,-8.960159512401507,-0.10555594247653984,-9.162983494746682,-9.796319149605921,-0.024222257895401063,-9.569890986570595,-9.812113565524605,-0.0010391776234357948,-9.955116170351019,-9.97953684450176
0,Fz-Cz,6.243689115384161e-05,-9.989781352769935,-9.98964086976484,-0.00020047769692036686,-9.976670981777698,-9.97787384795922,0.0005317298537257412,-10.00330895913091,-9.997991660593653,-6.27916810415134e-05,-9.998078478487228,-9.999554082991704
0,Cz-Pz,0.000972986250060949,-9.984609522845252,-9.982420303782614,8.902252724276017e-05,-9.963598444641057,-9.9630643094776,0.0011213150210536238,-10.007491298105839,-9.996278147895302,-4.6312598094121626e-05,-9.998607430908667,-9.999695776963879
0,Fp2-F4,-0.00010183512176200798,-9.997934650949187,-9.99816377997315,0.00010510450348668872,-10.000106358704171,-9.999475731683251,-2.827494216891604e-05,-9.99966482869292,-9.99994757811461,-1.0636156872875504e-06,-9.999957558923326,-9.999982553891977
0,F4-C4,-0.00037352255871112125,-9.998583029986062,-9.999423455743162,5.199681010182328e-06,-9.999994316677597,-9.999963118591536,-6.857475531651901e-06,-9.999832011506323,-9.999900586261639,-1.988255449780005e-06,-9.999937735930605,-9.999984459933675
0,C4-P4,-0.0008481955506387884,-9.996830096074802,-9.99873853606374,7.718855975381411e-05,-10.000188903114056,-9.999725771755534,-6.246360758294745e-06,-9.999918777244135,-9.999981240851717,-5.941716237224969e-07,-9.999979096704104,-9.999993059737262
0,P4-O2,-0.0027174597648273787,-9.986714839100044,-9.992829123570905,-5.5676191520946014e-05,-9.999159456946325,-9.99949351409545,-7.101194567232796e-05,-9.999024235395733,-9.999734354852457,-2.2312358569768585e-06,-9.999922138791032,-9.99997457283367
0,Fp1-F3,-0.0029717833046117963,-9.98960885495926,-9.996295367394636,-1.5722513384776266e-05,-9.99987774672378,-9.999972081804088,-1.8119064501191513e-06,-9.999851267583827,-9.999869386648328,-4.451510590784266e-06,-9.99984489274252,-9.999949503241403
0,F3-C3,-0.009546048583400864,-9.960034781746677,-9.981513391059329,-0.004462497597136526,-9.962254443963314,-9.989029429546132,-1.4995936030635728e-05,-9.999199340752384,-9.99934930011269,-1.1959386694056872e-05,-9.999622343362256,-9.999903388949567
0,C3-P3,-0.025545140694217917,-9.900997969025305,-9.958474535587294,-0.003003541599418142,-9.976150812479512,-9.99417206207602,-0.0001356198104091282,-9.998350488122783,-9.999706686226874,-1.3399042636627607e-05,-9.999574487378116,-9.999889364880076
0,P3-O1,-3.125159208623447e-05,-9.99898808152915,-9.999058397611345,-0.0002769317085341978,-9.997785293804641,-9.999446884055846,-6.95979702186551e-05,-9.999048472757334,-9.99974445245952,-4.125204953220008e-06,-9.99986940553907,-9.99996634785547
0,Fp2-F8,-0.0010562397104972112,-9.995159270649655,-9.997535809998274,-0.00014141536431747017,-9.99854065993119,-9.999389152117095,-6.861371514539076e-07,-9.999970300476116,-9.999977161847632,-1.7875089979801022e-06,-9.999930708556828,-9.99997271501828
0,F8-T4,-0.000864295430891915,-9.99683488836076,-9.998779553080267,-0.00010600722013139741,-9.99914105179015,-9.99977709511094,-1.0948248552270573e-05,-9.999818132932901,-9.999927615418423,-1.7158903656006699e-06,-9.999928326087415,-9.999968649511008
0,T4-T6,3.720228655985521e-05,-9.995591811730918,-9.995508106586158,-0.0001205872500432636,-9.996895212921723,-9.997618736421982,1.6401346882715322e-05,-10.000076136984559,-9.999912123515731,-3.941005480410976e-06,-9.99987145334007,-9.99996406696886
0,T6-O2,-0.002035938367109826,-9.989799430170601,-9.994380291496599,3.287978404429927e-05,-9.999631351096461,-9.999434072392196,-0.00011648294342278014,-9.998500437783553,-9.99966526721778,-1.8090408917014178e-06,-9.999935281618386,-9.99997779407934
0,Fp1-F7,-7.301363820987925e-05,-9.998708440364455,-9.998872721050427,-6.0895503329392344e-05,-9.999360449990714,-9.99972582301069,-5.6943911517888696e-05,-9.999188724962085,-9.999758164077264,-2.623263670021181e-06,-9.999895858640558,-9.999957505336804
0,F7-T3,-0.00040979490030955206,-9.997828415850991,-9.998750454376687,-0.0010559690424333966,-9.99072935452395,-9.99706516877855,-0.00023497826550240077,-9.9970193640181,-9.999369146673125,-3.7718848575890545e-06,-9.99987440019398,-9.999963039488133
0,T3-T5,-0.08960000270615333,-8.718717690507294,-8.92031769659614,0.1672120396745328,-10.453044642825693,-9.449772404778496,-0.011620792931569299,-9.704379554588424,-9.820587483904117,-0.008289897090344594,-9.715516307300375,-9.910328888923473
0,T5-O1,-0.0837555751767697,-8.718994013218307,-8.907444057366039,0.16666916200785115,-10.469229140811388,-9.469214168764282,-0.013522311177846833,-9.690476662735056,-9.825699774513525,-0.008067955699273889,-9.7219620311713,-9.911558990104236
0,Fz-Cz,0.0004375342888961234,-9.999971285752219,-9.998986833602203,-0.0001683278470941583,-9.998256574107183,-9.999266541189748,-2.857025409810694e-05,-9.999404453562665,-9.999690156103647,-1.967925584579541e-06,-9.999929681795098,-9.999975928046336
0,Cz-Pz,-0.002014853742045578,-9.981287540449351,-9.985820961368953,-0.00017384536476462557,-9.997563889011865,-9.998606961200453,0.00011174686195566507,-10.000871542427783,-9.999754073808226,-1.5813369667452834e-06,-9.99992035700554,-9.999957518424258
0,Fp2-F4,0.0015275875464322985,-10.000346893922758,-9.996909821943285,-7.822137074961655e-07,-9.999676152815018,-9.999680846097263,-1.0513590131825859e-06,-9.999970637457544,-9.999981151047676,-1.2433002569890978e-06,-9.999954876344688,-9.999984093900727
0,F4-C4,0.0002516226554684957,-10.000082113995367,-9.999515963020563,-0.00016485387903717689,-9.998705492490243,-9.999694615764467,5.583357664852629e-06,-10.000041790845719,-9.99998595726907,-2.0341794658333393e-06,-9.999936340371415,-9.999984143588861
0,C4-P4,-7.134295389503381e-05,-9.999351807364699,-9.999512329010962,-3.0253752811816635e-05,-9.999623787839605,-9.999805310356475,2.6347255266997746e-05,-10.000204858704166,-9.999941386151496,-5.840568375491016e-07,-9.999975250346619,-9.999988975682301
0,P4-O2,-0.0008983788942048999,-9.992625778488538,-9.9946471310005,-0.0003011315996940536,-9.997419550322979,-9.999226339921144,-7.370399039043209e-06,-9.999875437005205,-9.999949140995595,-2.4455332509450667e-06,-9.99991493060008,-9.999972400631476
0,Fp1-F3,-3.184679744810407e-06,-9.998001157009158,-9.998008322538585,-6.461041896341433e-06,-9.999874981971182,-9.99991374822256,1.5612960796736973e-05,-10.000122930891964,-9.999966801283996,-1.8951565954676393e-06,-9.99991987437377,-9.999964410553764
0,F3-C3,0.0014614636621155354,-10.000827429942618,-9.997539136702859,-0.000154190253670412,-9.998497682239705,-9.999422823761728,-3.352878537858368e-06,-9.999937839377132,-9.99997136816251,-1.1983179678573984e-06,-9.999953886953497,-9.99998204742574
0,C3-P3,0.012008199384036185,-10.010719332416592,-9.983700883802511,-0.000878474906841833,-9.99058022036613,-9.99585106980718,9.489737335579037e-06,-10.00000319618345,-9.999908298810094,-6.338449516741025e-06,-9.99980263512906,-9.999951588692703
0,P3-O1,0.00015296946210172346,-9.9999925321191,-9.999648350829371,-5.827828298473234e-05,-9.99939383992417,-9.999743509622078,1.3639040762027737e-05,-10.000066447415886,-9.999930057008266,-3.979464921642971e-06,-9.999862182719976,-9.999955700145636
0,Fp2-F8,-0.0011564938185503186,-9.995238376619794,-9.997840487711532,-6.724233023580152e-05,-9.999472656175675,-9.99987611015709,-1.1564110319102464e-05,-9.999819351291151,-9.999934992394342,-5.41788959588288e-07,-9.999978881115382,-9.999991613155933
0,F8-T4,8.143526205741979e-05,-10.000005898485613,-9.999822669145983,-0.00014397726739378392,-9.998845842954964,-9.999709706559326,-8.003221974808816e-07,-9.999987910154607,-9.999995913376582,-1.5291647515150043e-06,-9.999940177957638,-9.9999761133293
0,T4-T6,0.0015647673753247146,-10.000991855537682,-9.997471128943202,-0.00018003432847645782,-9.998205028141205,-9.999285234112063,1.6352039524003572e-05,-10.000007723353274,-9.999844202958034,-3.063236634080028e-06,-9.999892177365654,-9.999964163426554
0,T6-O2,-0.0019009452566046015,-9.990352346647866,-9.994629473475227,-0.0003244222654470917,-9.997397811488739,-9.999344345081422,-2.677480183522738e-06,-9.99993493755069,-9.999961712352524,-1.204150102116768e-06,-9.999951588492676,-9.999979886020077
0,Fp1-F7,-0.0003741229682534189,-9.998030046386237,-9.998871823064807,-1.0226540409276802e-05,-9.999840554243542,-9.999901913485997,4.109365037173569e-06,-10.000007640458813,-9.99996654680844,-3.90375733531497e-06,-9.99986843707245,-9.99996017536983
0,F7-T3,-6.538297538662763e-05,-9.998549364872837,-9.998696476567456,4.683238428129017e-06,-9.999936425428386,-9.999908325997817,8.207056445674475e-06,-10.000039665939884,-9.999957595375427,-4.060220676467172e-06,-9.999866311086095,-9.99996172627199
0,T3-T5,0.1886884353155953,-9.807818242913822,-9.383269263453732,-0.03030136668918548,-9.735881371023943,-9.917689571159055,-0.0030116791970885297,-9.955018992828581,-9.985135784799466,-0.0008009361461630339,-9.974882440440604,-9.993704439875435
0,T5-O1,0.2062407267246122,-9.814406519887847,-9.35036488475747,-0.04023506605931434,-9.660679227336164,-9.90208962369205,-0.0017209430910044377,-9.967112585424259,-9.984322016334303,-0.0009716822939282273,-9.970059624618806,-9.992894158526118
0,Fz-Cz,-2.0653801333638975e-05,-9.999736850199588,-9.999783321252588,3.6785257774881214e-05,-10.000138876043822,-9.999918164497172,1.3387730993477235e-06,-9.999964663647857,-9.999951275916864,-2.224548140538916e-06,-9.999930591777527,-9.99998286865883
0,Cz-Pz,0.0009665958470307636,-9.991591867160713,-9.989417026504894,-0.0013264129834595496,-9.990140122404048,-9.998098600304806,-9.349388798990796e-05,-9.99868969432349,-9.99962463320339,-4.289939981158266e-07,-9.999961146183413,-9.99997122754237
0,Fp2-F4,0.0003692705157412289,-9.999890276789976,-9.999059418129558,-7.085258090443768e-05,-9.999411569400655,-9.999836684886082,-4.620294360218074e-06,-9.99994536647397,-9.999991569417572,-1.8864616394826613e-07,-9.999976638399147,-9.999981071584
0,F4-C4,-0.0005125880745619109,-9.997971699507037,-9.999125022674802,-6.424260930325979e-06,-9.999910706143703,-9.999949251709285,3.92402642190316e-06,-10.000013515750101,-9.999974275485883,-2.813966179479869e-07,-9.999986165305602,-9.999992778126124
0,C4-P4,-7.064616204211538e-05,-9.999412713567839,-9.999571667432434,-0.00017588049420492175,-9.998519406604187,-9.999574689569416,4.124441883615956e-06,-10.000018728781237,-9.9999774843624,1.4226554213327456e-07,-9.999998871395569,-9.99999552815533
0,P4-O2,0.000414653529602004,-9.99863313462876,-9.997700164187155,-0.0002537499494411731,-9.997956379984084,-9.99947887968073,-0.00012092942010116316,-9.998524969226322,-9.999734263427333,-3.522498316091318e-07,-9.999973250480886,-9.99998152835193
0,Fp1-F3,-0.0007733749464302963,-9.99710260675104,-9.998842700380509,-5.148752842194138e-05,-9.999572085687893,-9.999881010858424,-8.488429289984199e-06,-9.999860381208826,-9.999945265501726,-3.273794123883554e-07,-9.999968244068015,-9.999975937484205
0,F3-C3,0.0008556445809714253,-9.999909509209507,-9.997984308902321,-0.00027345134027976256,-9.997603091059878,-9.999243799101556,2.270029518186347e-06,-9.999968420545134,-9.999945720249952,-1.7755569956583597e-06,-9.999941213718245,-9.999982939307642
0,C3-P3,0.0037897282015764678,-9.999296655664429,-9.990769767210882,-0.001746384332122144,-9.986018793796648,-9.99649709978938,-6.698379495392289e-05,-9.999122977491453,-9.999792815440992,-2.0713372846185226e-06,-9.999928225329375,-9.999976901755565
0,P3-O1,-0.00045997603235559673,-9.998041696433106,-9.999076642505905,-7.141210272788078e-05,-9.999363578852563,-9.99979205146893,-1.6130747820343705e-05,-9.999792349104867,-9.99995365658307,-6.721491002695783e-08,-9.999984079541434,-9.99998565909182
0,Fp2-F8,-0.0003598458101294173,-9.998348006135663,-9.999157659208453,-6.250461173576188e-05,-9.999489464956115,-9.99986449262653,3.5594563773761784e-06,-10.000021741978466,-9.999986147414694,-1.0375291025847563e-06,-9.999948524817043,-9.999972906750953
0,F8-T4,-9.459174679846016e-05,-9.999548548056566,-9.999761379486863,-5.710885458821575e-05,-9.999550337237144,-9.999892990364673,-7.531838137298415e-06,-9.999900553056445,-9.999975871437819,-1.7395367438469926e-08,-9.999969193392579,-9.999969602183713
0,T4-T6,0.00018338905622094823,-9.997656540058562,-9.997243914682064,-0.0006393664628041202,-9.995001307387273,-9.998837506164097,7.067126565407246e-05,-10.000572570801907,-9.999865858145366,-2.695385752686284e-06,-9.999902485068928,-9.999965826634115
0,T6-O2,0.0003331615959802185,-9.99813113707872,-9.997381523487766,-0.00042176871474517504,-9.99660971926594,-9.999140331554411,-0.0001602170416120874,-9.998058042669623,-9.999660213085743,8.776523029558956e-08,-9.999989644681683,-9.999987582198772
0,Fp1-F7,-0.002133391502589038,-9.991585305248048,-9.996385436128874,7.031984697423137e-06,-9.999956631702398,-9.999914439794214,-6.019530404685563e-05,-9.999259573882549,-9.999861526923018,-1.059856637208009e-07,-9.99997674359841,-9.999979234261508
0,F7-T3,-0.0017346688390294275,-9.991306619895546,-9.995209624783362,-0.0001823630997232775,-9.998503786812131,-9.999597965410471,-1.325319711817215e-05,-9.999832647163943,-9.999965179135126,-3.5509464521333854e-06,-9.999884393651532,-9.999967840893158
0,T3-T5,0.16577364964020586,-9.510198848874253,-9.13720813718379,-0.058888624952066176,-9.520489388371525,-9.873821138083922,0.006211395644022329,-10.0484215878895,-9.986307631449277,-0.00048168459389397297,-9.984273568268442,-9.99559315622495
0,T5-O1,0.1758694620402287,-9.511934777239368,-9.116228487648854,-0.06732932089834164,-9.457132670298414,-9.861108595688464,0.008334196364433227,-10.068808471414927,-9.985466507770594,-0.00043826040668142833,-9.985465499869983,-9.995764619426996
0,Fz-Cz,-0.0006434131413710607,-9.99737384794736,-9.998821527515444,-4.436348224669948e-05,-9.99963536333319,-9.99990154422667,1.3439959185968319e-06,-10.00000370262363,-9.999990262664443,5.313519608258414e-07,-10.000002689740805,-9.999990202969725
0,Cz-Pz,0.0035197061332972093,-10.002287187389825,-9.994367848589906,-0.0008592796125595445,-9.99337267459085,-9.998528352266208,0.00012921949235956392,-10.000596713559078,-9.999304518635483,2.2390289632765803e-07,-9.999972920615072,-9.999967658897008
0,Fp2-F4,-0.00773008461949013,-9.970032891790769,-9.987425582184622,6.854921889596433e-06,-9.999582228611244,-9.999541099079906,2.2320454312804743e-06,-9.999999915393829,-9.999977594939516,-1.1821107709355218e-06,-9.999955872821353,-9.99998365242447
0,F4-C4,-0.00018571750599266707,-9.999035013383999,-9.999452877772482,-3.9985471537934205e-05,-9.999198926730395,-9.999438839559623,-3.673762784811639e-05,-9.999476242500053,-9.999843618778534,-1.173944207243178e-06,-9.999961559482815,-9.999989147171684
0,C4-P4,-0.014236781788988904,-9.948799582656969,-9.980832341682195,-1.126022908772605e-05,-9.999657754073558,-9.999725315448085,-1.3377112105737993e-06,-9.999960338251492,-9.999973715363598,-7.90906345706484e-07,-9.999970737629924,-9.999989323929048
0,P4-O2,-0.05228600285884771,-9.797728148544218,-9.915371654976626,-0.0006397356829593871,-9.990716420470127,-9.994554834567884,-0.00016777166886854932,-9.99763140363916,-9.999309120327846,-6.24363974944822e-06,-9.999801981346883,-9.999948706880994
0,Fp1-F3,-0.007925987855471918,-9.970856154826404,-9.988689627501216,-1.2386251738119836e-06,-9.999672208757804,-9.999679640508846,8.163309653495514e-06,-10.000018939343276,-9.999937306246741,-1.7606325286520545e-07,-9.999976889300207,-9.99998102678665
0,F3-C3,-0.020444991528899892,-9.918370460961505,-9.96437169190153,-0.00013039818722129827,-9.998289739667715,-9.999072128791044,-2.8801241315519448e-05,-9.999524207039713,-9.999812219452867,-1.0088774887198604e-05,-9.99969813850513,-9.999935224714978
0,C3-P3,-0.038960952062472104,-9.854488348843725,-9.942150490984288,-0.0004109681049955593,-9.996135702164835,-9.998601510794808,-6.652577554874456e-05,-9.999093947386834,-9.999759205142322,-3.4802708176937406e-06,-9.99988463254168,-9.999966418905895
0,P3-O1,-0.0219577551675676,-9.91547915391376,-9.964884103040786,0.00031283510008177915,-10.000820125984081,-9.99894311538359,-1.699187922370515e-05,-9.999773854406811,-9.999943773199048,4.069430586126991e-07,-9.999996020257747,-9.99998645709587
0,Fp2-F8,-0.005078636626868139,-9.979279454177115,-9.990706386587568,-4.7905177245693874e-05,-9.999490911573169,-9.999778342636644,-9.68746330454428e-06,-9.999842704820587,-9.999939579453633,-1.4934518309551e-06,-9.999942590804784,-9.999977686922811
0,F8-T4,-0.002056543330671398,-9.990895009591608,-9.995522232085618,0.0001352708144282711,-10.000551580121945,-9.999739955235375,2.861301726217882e-06,-9.99982521335988,-9.999796600342618,-1.6283858228732378e-06,-9.999934763438,-9.999973030504838
0,T4-T6,-0.022745155409425625,-9.918315958297631,-9.969492557968838,-6.33703324425503e-05,-9.999184967028942,-9.999565189023597,-4.544224944851153e-05,-9.999408878712453,-9.999863301206938,-3.3491257610298854e-06,-9.999885758864016,-9.999964463319401
0,T6-O2,-0.035807173280808895,-9.859058958296748,-9.939625098178567,-0.00029083634082616654,-9.994616834804317,-9.996361852849274,-8.917777408940521e-05,-9.998587496442527,-9.99947927418342,-4.11333343202943e-06,-9.999860986179591,-9.999957649515244
0,Fp1-F7,-0.021471481858272405,-9.921200971009787,-9.9695118051909,3.6484519401544497e-06,-9.999745902836535,-9.999724012124894,-6.679949563258308e-05,-9.999160156249939,-9.999828151206264,-5.51342682928229e-06,-9.999812392433055,-9.999941957963543
0,F7-T3,-0.0018122954569960996,-9.989893515461027,-9.993971180239269,-0.00045316984370253325,-9.996399080717485,-9.9991180997797,-3.9000926200793704e-06,-9.999703741290771,-9.999742742216972,-3.324186369155504e-06,-9.999884644843982,-9.999962763223657
0,T3-T5,-0.4915008860105287,-8.216770710648438,-9.322647704172129,0.0034459312922244883,-10.01200856786422,-9.991332980110872,-0.002582049759294877,-9.969396905872996,-9.995217403465945,-1.4811008393082503e-05,-9.999499193657195,-9.999847252354433
0,T5-O1,-0.5102723041747851,-8.135911779028444,-9.28402446342171,0.0019052319696649183,-10.003764963625038,-9.992333571807048,-0.0032501002813356094,-9.962767785454952,-9.995268788268309,-1.6465462052871888e-05,-9.999427843875388,-9.999814782233631
0,Fz-Cz,-0.01290592349830832,-9.952368432144372,-9.981406760015565,4.756416041265009e-05,-9.998568400447878,-9.998283015485402,-4.6007133833231114e-05,-9.999230900891927,-9.99969097223026,-1.3774677316249114e-06,-9.999953881540144,-9.999986252031837
0,Cz-Pz,-0.028886124512651486,-9.880664613047932,-9.945658393201398,-0.0005843762049912471,-9.992065311095233,-9.99557156832518,-0.0001134015496316713,-9.998653523840161,-9.999787539336479,-1.988869341677566e-05,-9.999350913952773,-9.999818298248067
0,Fp2-F4,-0.00021401096537205575,-9.998116613500224,-9.998598138172312,-2.751596145922991e-05,-9.999769160557841,-9.999934256326597,-2.0435625874191388e-05,-9.999751351131279,-9.99995570739002,-7.077060004332555e-07,-9.999967643387247,-9.999984274478258
0,F4-C4,-0.008287090494993696,-9.968565835992788,-9.987211789606524,-6.158545471152433e-05,-9.999417130893674,-9.999786643621944,-2.0347585766853558e-05,-9.999739696021589,-9.999943171879258,-8.06341651568045e-07,-9.999971811922434,-9.999990760951246
